19:21:11 DEBUG : Logs will be stored at 'C:/385_Vivado_Projects/Final_Project/ECE-385-Final-Project/final_project_vitis/IDE.log'.
19:21:14 INFO  : Launching XSCT server: xsct.bat -n  -interactive C:\385_Vivado_Projects\Final_Project\ECE-385-Final-Project\final_project_vitis\temp_xsdb_launch_script.tcl
19:21:14 INFO  : Platform repository initialization has completed.
19:21:14 INFO  : Registering command handlers for Vitis TCF services
19:21:16 INFO  : XSCT server has started successfully.
19:21:16 INFO  : Successfully done setting XSCT server connection channel  
19:21:16 INFO  : plnx-install-location is set to ''
19:21:16 INFO  : Successfully done query RDI_DATADIR 
19:21:16 INFO  : Successfully done setting workspace for the tool. 
19:22:58 INFO  : Result from executing command 'getProjects': mb_usb_hdmi_top
19:22:58 INFO  : Result from executing command 'getPlatforms': 
19:22:58 WARN  : An unexpected exception occurred in the module 'platform project logging'
19:22:58 INFO  : Platform 'mb_usb_hdmi_top' is added to custom repositories.
19:22:59 INFO  : Platform 'mb_usb_hdmi_top' is added to custom repositories.
19:30:20 INFO  : Result from executing command 'getProjects': mb_usb_hdmi_top
19:30:20 INFO  : Result from executing command 'getPlatforms': mb_usb_hdmi_top|C:/385_Vivado_Projects/Final_Project/ECE-385-Final-Project/final_project_vitis/mb_usb_hdmi_top/export/mb_usb_hdmi_top/mb_usb_hdmi_top.xpfm
19:30:20 INFO  : Checking for BSP changes to sync application flags for project 'fp_usb'...
19:30:25 INFO  : Checking for BSP changes to sync application flags for project 'fp_usb'...
19:30:53 INFO  : Connected to target on host '127.0.0.1' and port '3121'.
19:30:53 INFO  : Jtag cable 'RealDigital Boo 8874292301F6A' is selected.
19:30:53 INFO  : 'jtag frequency' command is executed.
19:30:53 INFO  : 'targets -set -filter {jtag_cable_name =~ "RealDigital Boo 8874292301F6A" && level==0 && jtag_device_ctx=="jsn1-0362f093-0"}' command is executed.
19:30:55 INFO  : Device configured successfully with "C:/385_Vivado_Projects/Final_Project/ECE-385-Final-Project/final_project_vitis/fp_usb/_ide/bitstream/mb_usb_hdmi_top.bit"
19:30:55 INFO  : Context for processor 'microblaze_0' is selected.
19:30:55 INFO  : Hardware design and registers information is loaded from 'C:/385_Vivado_Projects/Final_Project/ECE-385-Final-Project/final_project_vitis/mb_usb_hdmi_top/export/mb_usb_hdmi_top/hw/mb_usb_hdmi_top.xsa'.
19:30:55 INFO  : 'configparams mdm-detect-bscan-mask 2' command is executed.
19:30:55 INFO  : Context for processor 'microblaze_0' is selected.
19:30:55 INFO  : System reset is completed.
19:30:58 INFO  : 'after 3000' command is executed.
19:30:58 INFO  : Context for processor 'microblaze_0' is selected.
19:30:58 INFO  : The application 'C:/385_Vivado_Projects/Final_Project/ECE-385-Final-Project/final_project_vitis/fp_usb/Debug/fp_usb.elf' is downloaded to processor 'microblaze_0'.
19:30:58 INFO  : ----------------XSDB Script----------------
connect -url tcp:127.0.0.1:3121
targets -set -filter {jtag_cable_name =~ "RealDigital Boo 8874292301F6A" && level==0 && jtag_device_ctx=="jsn1-0362f093-0"}
fpga -file C:/385_Vivado_Projects/Final_Project/ECE-385-Final-Project/final_project_vitis/fp_usb/_ide/bitstream/mb_usb_hdmi_top.bit
targets -set -nocase -filter {name =~ "*microblaze*#0" && bscan=="USER2" }
loadhw -hw C:/385_Vivado_Projects/Final_Project/ECE-385-Final-Project/final_project_vitis/mb_usb_hdmi_top/export/mb_usb_hdmi_top/hw/mb_usb_hdmi_top.xsa -regs
configparams mdm-detect-bscan-mask 2
targets -set -nocase -filter {name =~ "*microblaze*#0" && bscan=="USER2" }
rst -system
after 3000
targets -set -nocase -filter {name =~ "*microblaze*#0" && bscan=="USER2" }
dow C:/385_Vivado_Projects/Final_Project/ECE-385-Final-Project/final_project_vitis/fp_usb/Debug/fp_usb.elf
----------------End of Script----------------

19:30:58 INFO  : Context for processor 'microblaze_0' is selected.
19:30:58 INFO  : 'con' command is executed.
19:30:58 INFO  : ----------------XSDB Script (After Launch)----------------
targets -set -nocase -filter {name =~ "*microblaze*#0" && bscan=="USER2" }
con
----------------End of Script----------------

19:30:58 INFO  : Disconnected from the channel tcfchan#2.
19:49:21 INFO  : Hardware specification for platform project 'mb_usb_hdmi_top' is updated.
19:49:42 INFO  : Result from executing command 'getProjects': mb_usb_hdmi_top
19:49:42 INFO  : Result from executing command 'getPlatforms': mb_usb_hdmi_top|C:/385_Vivado_Projects/Final_Project/ECE-385-Final-Project/final_project_vitis/mb_usb_hdmi_top/export/mb_usb_hdmi_top/mb_usb_hdmi_top.xpfm
19:49:43 INFO  : Checking for BSP changes to sync application flags for project 'fp_usb'...
19:49:44 INFO  : The hardware specification used by project 'fp_usb' is out of sync with the platform. Resource files extracted from the hardware specification will be updated.
19:49:44 INFO  : The file 'C:\385_Vivado_Projects\Final_Project\ECE-385-Final-Project\final_project_vitis\fp_usb\_ide\bitstream\mb_usb_hdmi_top.bit' stored in project is removed.
19:49:44 INFO  : The file 'C:\385_Vivado_Projects\Final_Project\ECE-385-Final-Project\final_project_vitis\fp_usb\_ide\bitstream\mb_usb_hdmi_top.mmi' stored in project is removed.
19:49:44 INFO  : The updated bitstream files are copied from platform to folder 'C:\385_Vivado_Projects\Final_Project\ECE-385-Final-Project\final_project_vitis\fp_usb\_ide\bitstream' in project 'fp_usb'.
19:49:52 INFO  : Connected to target on host '127.0.0.1' and port '3121'.
19:49:52 INFO  : Jtag cable 'RealDigital Boo 8874292301F6A' is selected.
19:49:52 INFO  : 'jtag frequency' command is executed.
19:49:52 INFO  : 'targets -set -filter {jtag_cable_name =~ "RealDigital Boo 8874292301F6A" && level==0 && jtag_device_ctx=="jsn1-0362f093-0"}' command is executed.
19:49:53 INFO  : Device configured successfully with "C:/385_Vivado_Projects/Final_Project/ECE-385-Final-Project/final_project_vitis/fp_usb/_ide/bitstream/mb_usb_hdmi_top.bit"
19:49:53 INFO  : Context for processor 'microblaze_0' is selected.
19:49:53 INFO  : Hardware design and registers information is loaded from 'C:/385_Vivado_Projects/Final_Project/ECE-385-Final-Project/final_project_vitis/mb_usb_hdmi_top/export/mb_usb_hdmi_top/hw/mb_usb_hdmi_top.xsa'.
19:49:53 INFO  : 'configparams mdm-detect-bscan-mask 2' command is executed.
19:49:53 INFO  : Context for processor 'microblaze_0' is selected.
19:49:53 INFO  : System reset is completed.
19:49:56 INFO  : 'after 3000' command is executed.
19:49:56 INFO  : Context for processor 'microblaze_0' is selected.
19:49:57 INFO  : The application 'C:/385_Vivado_Projects/Final_Project/ECE-385-Final-Project/final_project_vitis/fp_usb/Debug/fp_usb.elf' is downloaded to processor 'microblaze_0'.
19:49:57 INFO  : ----------------XSDB Script----------------
connect -url tcp:127.0.0.1:3121
targets -set -filter {jtag_cable_name =~ "RealDigital Boo 8874292301F6A" && level==0 && jtag_device_ctx=="jsn1-0362f093-0"}
fpga -file C:/385_Vivado_Projects/Final_Project/ECE-385-Final-Project/final_project_vitis/fp_usb/_ide/bitstream/mb_usb_hdmi_top.bit
targets -set -nocase -filter {name =~ "*microblaze*#0" && bscan=="USER2" }
loadhw -hw C:/385_Vivado_Projects/Final_Project/ECE-385-Final-Project/final_project_vitis/mb_usb_hdmi_top/export/mb_usb_hdmi_top/hw/mb_usb_hdmi_top.xsa -regs
configparams mdm-detect-bscan-mask 2
targets -set -nocase -filter {name =~ "*microblaze*#0" && bscan=="USER2" }
rst -system
after 3000
targets -set -nocase -filter {name =~ "*microblaze*#0" && bscan=="USER2" }
dow C:/385_Vivado_Projects/Final_Project/ECE-385-Final-Project/final_project_vitis/fp_usb/Debug/fp_usb.elf
----------------End of Script----------------

19:49:57 INFO  : Context for processor 'microblaze_0' is selected.
19:49:57 INFO  : 'con' command is executed.
19:49:57 INFO  : ----------------XSDB Script (After Launch)----------------
targets -set -nocase -filter {name =~ "*microblaze*#0" && bscan=="USER2" }
con
----------------End of Script----------------

19:49:57 INFO  : Disconnected from the channel tcfchan#4.
19:53:35 INFO  : Hardware specification for platform project 'mb_usb_hdmi_top' is updated.
19:53:44 INFO  : Result from executing command 'getProjects': mb_usb_hdmi_top
19:53:44 INFO  : Result from executing command 'getPlatforms': mb_usb_hdmi_top|C:/385_Vivado_Projects/Final_Project/ECE-385-Final-Project/final_project_vitis/mb_usb_hdmi_top/export/mb_usb_hdmi_top/mb_usb_hdmi_top.xpfm
19:53:45 INFO  : Checking for BSP changes to sync application flags for project 'fp_usb'...
19:53:46 INFO  : The hardware specification used by project 'fp_usb' is out of sync with the platform. Resource files extracted from the hardware specification will be updated.
19:53:46 INFO  : The file 'C:\385_Vivado_Projects\Final_Project\ECE-385-Final-Project\final_project_vitis\fp_usb\_ide\bitstream\mb_usb_hdmi_top.bit' stored in project is removed.
19:53:46 INFO  : The file 'C:\385_Vivado_Projects\Final_Project\ECE-385-Final-Project\final_project_vitis\fp_usb\_ide\bitstream\mb_usb_hdmi_top.mmi' stored in project is removed.
19:53:46 INFO  : The updated bitstream files are copied from platform to folder 'C:\385_Vivado_Projects\Final_Project\ECE-385-Final-Project\final_project_vitis\fp_usb\_ide\bitstream' in project 'fp_usb'.
19:54:03 INFO  : Connected to target on host '127.0.0.1' and port '3121'.
19:54:03 INFO  : Jtag cable 'RealDigital Boo 8874292301F6A' is selected.
19:54:03 INFO  : 'jtag frequency' command is executed.
19:54:03 INFO  : 'targets -set -filter {jtag_cable_name =~ "RealDigital Boo 8874292301F6A" && level==0 && jtag_device_ctx=="jsn1-0362f093-0"}' command is executed.
19:54:04 INFO  : Device configured successfully with "C:/385_Vivado_Projects/Final_Project/ECE-385-Final-Project/final_project_vitis/fp_usb/_ide/bitstream/mb_usb_hdmi_top.bit"
19:54:04 INFO  : Context for processor 'microblaze_0' is selected.
19:54:04 INFO  : Hardware design and registers information is loaded from 'C:/385_Vivado_Projects/Final_Project/ECE-385-Final-Project/final_project_vitis/mb_usb_hdmi_top/export/mb_usb_hdmi_top/hw/mb_usb_hdmi_top.xsa'.
19:54:04 INFO  : 'configparams mdm-detect-bscan-mask 2' command is executed.
19:54:04 INFO  : Context for processor 'microblaze_0' is selected.
19:54:04 INFO  : System reset is completed.
19:54:07 INFO  : 'after 3000' command is executed.
19:54:08 INFO  : Context for processor 'microblaze_0' is selected.
19:54:08 INFO  : The application 'C:/385_Vivado_Projects/Final_Project/ECE-385-Final-Project/final_project_vitis/fp_usb/Debug/fp_usb.elf' is downloaded to processor 'microblaze_0'.
19:54:08 INFO  : ----------------XSDB Script----------------
connect -url tcp:127.0.0.1:3121
targets -set -filter {jtag_cable_name =~ "RealDigital Boo 8874292301F6A" && level==0 && jtag_device_ctx=="jsn1-0362f093-0"}
fpga -file C:/385_Vivado_Projects/Final_Project/ECE-385-Final-Project/final_project_vitis/fp_usb/_ide/bitstream/mb_usb_hdmi_top.bit
targets -set -nocase -filter {name =~ "*microblaze*#0" && bscan=="USER2" }
loadhw -hw C:/385_Vivado_Projects/Final_Project/ECE-385-Final-Project/final_project_vitis/mb_usb_hdmi_top/export/mb_usb_hdmi_top/hw/mb_usb_hdmi_top.xsa -regs
configparams mdm-detect-bscan-mask 2
targets -set -nocase -filter {name =~ "*microblaze*#0" && bscan=="USER2" }
rst -system
after 3000
targets -set -nocase -filter {name =~ "*microblaze*#0" && bscan=="USER2" }
dow C:/385_Vivado_Projects/Final_Project/ECE-385-Final-Project/final_project_vitis/fp_usb/Debug/fp_usb.elf
----------------End of Script----------------

19:54:08 INFO  : Context for processor 'microblaze_0' is selected.
19:54:08 INFO  : 'con' command is executed.
19:54:08 INFO  : ----------------XSDB Script (After Launch)----------------
targets -set -nocase -filter {name =~ "*microblaze*#0" && bscan=="USER2" }
con
----------------End of Script----------------

19:54:08 INFO  : Disconnected from the channel tcfchan#6.
20:04:41 INFO  : Hardware specification for platform project 'mb_usb_hdmi_top' is updated.
20:04:50 INFO  : Result from executing command 'getProjects': mb_usb_hdmi_top
20:04:50 INFO  : Result from executing command 'getPlatforms': mb_usb_hdmi_top|C:/385_Vivado_Projects/Final_Project/ECE-385-Final-Project/final_project_vitis/mb_usb_hdmi_top/export/mb_usb_hdmi_top/mb_usb_hdmi_top.xpfm
20:04:50 INFO  : Checking for BSP changes to sync application flags for project 'fp_usb'...
20:04:52 INFO  : The hardware specification used by project 'fp_usb' is out of sync with the platform. Resource files extracted from the hardware specification will be updated.
20:04:52 INFO  : The file 'C:\385_Vivado_Projects\Final_Project\ECE-385-Final-Project\final_project_vitis\fp_usb\_ide\bitstream\mb_usb_hdmi_top.bit' stored in project is removed.
20:04:52 INFO  : The file 'C:\385_Vivado_Projects\Final_Project\ECE-385-Final-Project\final_project_vitis\fp_usb\_ide\bitstream\mb_usb_hdmi_top.mmi' stored in project is removed.
20:04:52 INFO  : The updated bitstream files are copied from platform to folder 'C:\385_Vivado_Projects\Final_Project\ECE-385-Final-Project\final_project_vitis\fp_usb\_ide\bitstream' in project 'fp_usb'.
20:04:57 INFO  : Connected to target on host '127.0.0.1' and port '3121'.
20:04:57 INFO  : Jtag cable 'RealDigital Boo 8874292301F6A' is selected.
20:04:57 INFO  : 'jtag frequency' command is executed.
20:04:57 INFO  : 'targets -set -filter {jtag_cable_name =~ "RealDigital Boo 8874292301F6A" && level==0 && jtag_device_ctx=="jsn1-0362f093-0"}' command is executed.
20:04:58 INFO  : Device configured successfully with "C:/385_Vivado_Projects/Final_Project/ECE-385-Final-Project/final_project_vitis/fp_usb/_ide/bitstream/mb_usb_hdmi_top.bit"
20:04:58 INFO  : Context for processor 'microblaze_0' is selected.
20:04:58 INFO  : Hardware design and registers information is loaded from 'C:/385_Vivado_Projects/Final_Project/ECE-385-Final-Project/final_project_vitis/mb_usb_hdmi_top/export/mb_usb_hdmi_top/hw/mb_usb_hdmi_top.xsa'.
20:04:58 INFO  : 'configparams mdm-detect-bscan-mask 2' command is executed.
20:04:58 INFO  : Context for processor 'microblaze_0' is selected.
20:04:58 INFO  : System reset is completed.
20:05:01 INFO  : 'after 3000' command is executed.
20:05:01 INFO  : Context for processor 'microblaze_0' is selected.
20:05:02 INFO  : The application 'C:/385_Vivado_Projects/Final_Project/ECE-385-Final-Project/final_project_vitis/fp_usb/Debug/fp_usb.elf' is downloaded to processor 'microblaze_0'.
20:05:02 INFO  : ----------------XSDB Script----------------
connect -url tcp:127.0.0.1:3121
targets -set -filter {jtag_cable_name =~ "RealDigital Boo 8874292301F6A" && level==0 && jtag_device_ctx=="jsn1-0362f093-0"}
fpga -file C:/385_Vivado_Projects/Final_Project/ECE-385-Final-Project/final_project_vitis/fp_usb/_ide/bitstream/mb_usb_hdmi_top.bit
targets -set -nocase -filter {name =~ "*microblaze*#0" && bscan=="USER2" }
loadhw -hw C:/385_Vivado_Projects/Final_Project/ECE-385-Final-Project/final_project_vitis/mb_usb_hdmi_top/export/mb_usb_hdmi_top/hw/mb_usb_hdmi_top.xsa -regs
configparams mdm-detect-bscan-mask 2
targets -set -nocase -filter {name =~ "*microblaze*#0" && bscan=="USER2" }
rst -system
after 3000
targets -set -nocase -filter {name =~ "*microblaze*#0" && bscan=="USER2" }
dow C:/385_Vivado_Projects/Final_Project/ECE-385-Final-Project/final_project_vitis/fp_usb/Debug/fp_usb.elf
----------------End of Script----------------

20:05:02 INFO  : Context for processor 'microblaze_0' is selected.
20:05:02 INFO  : 'con' command is executed.
20:05:02 INFO  : ----------------XSDB Script (After Launch)----------------
targets -set -nocase -filter {name =~ "*microblaze*#0" && bscan=="USER2" }
con
----------------End of Script----------------

20:05:02 INFO  : Disconnected from the channel tcfchan#8.
20:16:07 INFO  : Hardware specification for platform project 'mb_usb_hdmi_top' is updated.
20:16:18 INFO  : Result from executing command 'getProjects': mb_usb_hdmi_top
20:16:18 INFO  : Result from executing command 'getPlatforms': mb_usb_hdmi_top|C:/385_Vivado_Projects/Final_Project/ECE-385-Final-Project/final_project_vitis/mb_usb_hdmi_top/export/mb_usb_hdmi_top/mb_usb_hdmi_top.xpfm
20:16:18 INFO  : Checking for BSP changes to sync application flags for project 'fp_usb'...
20:16:19 INFO  : The hardware specification used by project 'fp_usb' is out of sync with the platform. Resource files extracted from the hardware specification will be updated.
20:16:19 INFO  : The file 'C:\385_Vivado_Projects\Final_Project\ECE-385-Final-Project\final_project_vitis\fp_usb\_ide\bitstream\mb_usb_hdmi_top.bit' stored in project is removed.
20:16:19 INFO  : The file 'C:\385_Vivado_Projects\Final_Project\ECE-385-Final-Project\final_project_vitis\fp_usb\_ide\bitstream\mb_usb_hdmi_top.mmi' stored in project is removed.
20:16:19 INFO  : The updated bitstream files are copied from platform to folder 'C:\385_Vivado_Projects\Final_Project\ECE-385-Final-Project\final_project_vitis\fp_usb\_ide\bitstream' in project 'fp_usb'.
20:16:49 INFO  : Connected to target on host '127.0.0.1' and port '3121'.
20:16:49 INFO  : Jtag cable 'RealDigital Boo 8874292301F6A' is selected.
20:16:49 INFO  : 'jtag frequency' command is executed.
20:16:49 INFO  : 'targets -set -filter {jtag_cable_name =~ "RealDigital Boo 8874292301F6A" && level==0 && jtag_device_ctx=="jsn1-0362f093-0"}' command is executed.
20:16:51 INFO  : Device configured successfully with "C:/385_Vivado_Projects/Final_Project/ECE-385-Final-Project/final_project_vitis/fp_usb/_ide/bitstream/mb_usb_hdmi_top.bit"
20:16:51 INFO  : Context for processor 'microblaze_0' is selected.
20:16:51 INFO  : Hardware design and registers information is loaded from 'C:/385_Vivado_Projects/Final_Project/ECE-385-Final-Project/final_project_vitis/mb_usb_hdmi_top/export/mb_usb_hdmi_top/hw/mb_usb_hdmi_top.xsa'.
20:16:51 INFO  : 'configparams mdm-detect-bscan-mask 2' command is executed.
20:16:51 INFO  : Context for processor 'microblaze_0' is selected.
20:16:51 INFO  : System reset is completed.
20:16:54 INFO  : 'after 3000' command is executed.
20:16:54 INFO  : Context for processor 'microblaze_0' is selected.
20:16:54 INFO  : The application 'C:/385_Vivado_Projects/Final_Project/ECE-385-Final-Project/final_project_vitis/fp_usb/Debug/fp_usb.elf' is downloaded to processor 'microblaze_0'.
20:16:54 INFO  : ----------------XSDB Script----------------
connect -url tcp:127.0.0.1:3121
targets -set -filter {jtag_cable_name =~ "RealDigital Boo 8874292301F6A" && level==0 && jtag_device_ctx=="jsn1-0362f093-0"}
fpga -file C:/385_Vivado_Projects/Final_Project/ECE-385-Final-Project/final_project_vitis/fp_usb/_ide/bitstream/mb_usb_hdmi_top.bit
targets -set -nocase -filter {name =~ "*microblaze*#0" && bscan=="USER2" }
loadhw -hw C:/385_Vivado_Projects/Final_Project/ECE-385-Final-Project/final_project_vitis/mb_usb_hdmi_top/export/mb_usb_hdmi_top/hw/mb_usb_hdmi_top.xsa -regs
configparams mdm-detect-bscan-mask 2
targets -set -nocase -filter {name =~ "*microblaze*#0" && bscan=="USER2" }
rst -system
after 3000
targets -set -nocase -filter {name =~ "*microblaze*#0" && bscan=="USER2" }
dow C:/385_Vivado_Projects/Final_Project/ECE-385-Final-Project/final_project_vitis/fp_usb/Debug/fp_usb.elf
----------------End of Script----------------

20:16:54 INFO  : Context for processor 'microblaze_0' is selected.
20:16:54 INFO  : 'con' command is executed.
20:16:54 INFO  : ----------------XSDB Script (After Launch)----------------
targets -set -nocase -filter {name =~ "*microblaze*#0" && bscan=="USER2" }
con
----------------End of Script----------------

20:16:54 INFO  : Disconnected from the channel tcfchan#10.
18:58:56 DEBUG : Logs will be stored at 'C:/385_Vivado_Projects/Final_Project/ECE-385-Final-Project/final_project_vitis/IDE.log'.
18:58:57 INFO  : Launching XSCT server: xsct.bat -n  -interactive C:\385_Vivado_Projects\Final_Project\ECE-385-Final-Project\final_project_vitis\temp_xsdb_launch_script.tcl
18:59:00 INFO  : Platform repository initialization has completed.
18:59:00 INFO  : Registering command handlers for Vitis TCF services
18:59:01 INFO  : XSCT server has started successfully.
18:59:01 INFO  : plnx-install-location is set to ''
18:59:01 INFO  : Successfully done setting XSCT server connection channel  
18:59:03 INFO  : Successfully done setting workspace for the tool. 
18:59:03 INFO  : Successfully done query RDI_DATADIR 
18:59:31 INFO  : Hardware specification for platform project 'mb_usb_hdmi_top' is updated.
18:59:43 INFO  : Result from executing command 'getProjects': mb_usb_hdmi_top
18:59:43 INFO  : Result from executing command 'getPlatforms': mb_usb_hdmi_top|C:/385_Vivado_Projects/Final_Project/ECE-385-Final-Project/final_project_vitis/mb_usb_hdmi_top/export/mb_usb_hdmi_top/mb_usb_hdmi_top.xpfm
18:59:43 INFO  : Checking for BSP changes to sync application flags for project 'fp_usb'...
18:59:45 INFO  : The hardware specification used by project 'fp_usb' is out of sync with the platform. Resource files extracted from the hardware specification will be updated.
18:59:45 INFO  : The file 'C:\385_Vivado_Projects\Final_Project\ECE-385-Final-Project\final_project_vitis\fp_usb\_ide\bitstream\mb_usb_hdmi_top.bit' stored in project is removed.
18:59:45 INFO  : The file 'C:\385_Vivado_Projects\Final_Project\ECE-385-Final-Project\final_project_vitis\fp_usb\_ide\bitstream\mb_usb_hdmi_top.mmi' stored in project is removed.
18:59:45 INFO  : The updated bitstream files are copied from platform to folder 'C:\385_Vivado_Projects\Final_Project\ECE-385-Final-Project\final_project_vitis\fp_usb\_ide\bitstream' in project 'fp_usb'.
18:59:50 INFO  : Connected to target on host '127.0.0.1' and port '3121'.
18:59:50 INFO  : Jtag cable 'RealDigital Boo 887429230013A' is selected.
18:59:50 INFO  : 'jtag frequency' command is executed.
18:59:50 INFO  : 'targets -set -filter {jtag_cable_name =~ "RealDigital Boo 887429230013A" && level==0 && jtag_device_ctx=="jsn1-0362f093-0"}' command is executed.
18:59:52 INFO  : Device configured successfully with "C:/385_Vivado_Projects/Final_Project/ECE-385-Final-Project/final_project_vitis/fp_usb/_ide/bitstream/mb_usb_hdmi_top.bit"
18:59:52 INFO  : Context for processor 'microblaze_0' is selected.
18:59:52 INFO  : Hardware design and registers information is loaded from 'C:/385_Vivado_Projects/Final_Project/ECE-385-Final-Project/final_project_vitis/mb_usb_hdmi_top/export/mb_usb_hdmi_top/hw/mb_usb_hdmi_top.xsa'.
18:59:52 INFO  : 'configparams mdm-detect-bscan-mask 2' command is executed.
18:59:52 INFO  : Context for processor 'microblaze_0' is selected.
18:59:52 INFO  : System reset is completed.
18:59:55 INFO  : 'after 3000' command is executed.
18:59:55 INFO  : Context for processor 'microblaze_0' is selected.
18:59:55 INFO  : The application 'C:/385_Vivado_Projects/Final_Project/ECE-385-Final-Project/final_project_vitis/fp_usb/Debug/fp_usb.elf' is downloaded to processor 'microblaze_0'.
18:59:55 INFO  : ----------------XSDB Script----------------
connect -url tcp:127.0.0.1:3121
targets -set -filter {jtag_cable_name =~ "RealDigital Boo 887429230013A" && level==0 && jtag_device_ctx=="jsn1-0362f093-0"}
fpga -file C:/385_Vivado_Projects/Final_Project/ECE-385-Final-Project/final_project_vitis/fp_usb/_ide/bitstream/mb_usb_hdmi_top.bit
targets -set -nocase -filter {name =~ "*microblaze*#0" && bscan=="USER2" }
loadhw -hw C:/385_Vivado_Projects/Final_Project/ECE-385-Final-Project/final_project_vitis/mb_usb_hdmi_top/export/mb_usb_hdmi_top/hw/mb_usb_hdmi_top.xsa -regs
configparams mdm-detect-bscan-mask 2
targets -set -nocase -filter {name =~ "*microblaze*#0" && bscan=="USER2" }
rst -system
after 3000
targets -set -nocase -filter {name =~ "*microblaze*#0" && bscan=="USER2" }
dow C:/385_Vivado_Projects/Final_Project/ECE-385-Final-Project/final_project_vitis/fp_usb/Debug/fp_usb.elf
----------------End of Script----------------

18:59:55 INFO  : Context for processor 'microblaze_0' is selected.
18:59:55 INFO  : 'con' command is executed.
18:59:55 INFO  : ----------------XSDB Script (After Launch)----------------
targets -set -nocase -filter {name =~ "*microblaze*#0" && bscan=="USER2" }
con
----------------End of Script----------------

18:59:55 INFO  : Disconnected from the channel tcfchan#2.
19:23:42 INFO  : Hardware specification for platform project 'mb_usb_hdmi_top' is updated.
19:24:24 INFO  : Result from executing command 'getProjects': mb_usb_hdmi_top
19:24:24 INFO  : Result from executing command 'getPlatforms': mb_usb_hdmi_top|C:/385_Vivado_Projects/Final_Project/ECE-385-Final-Project/final_project_vitis/mb_usb_hdmi_top/export/mb_usb_hdmi_top/mb_usb_hdmi_top.xpfm
19:24:24 INFO  : Checking for BSP changes to sync application flags for project 'fp_usb'...
19:24:26 INFO  : The hardware specification used by project 'fp_usb' is out of sync with the platform. Resource files extracted from the hardware specification will be updated.
19:24:26 INFO  : The file 'C:\385_Vivado_Projects\Final_Project\ECE-385-Final-Project\final_project_vitis\fp_usb\_ide\bitstream\mb_usb_hdmi_top.bit' stored in project is removed.
19:24:26 INFO  : The file 'C:\385_Vivado_Projects\Final_Project\ECE-385-Final-Project\final_project_vitis\fp_usb\_ide\bitstream\mb_usb_hdmi_top.mmi' stored in project is removed.
19:24:26 INFO  : The updated bitstream files are copied from platform to folder 'C:\385_Vivado_Projects\Final_Project\ECE-385-Final-Project\final_project_vitis\fp_usb\_ide\bitstream' in project 'fp_usb'.
19:24:38 INFO  : Connected to target on host '127.0.0.1' and port '3121'.
19:24:38 INFO  : Jtag cable 'RealDigital Boo 887429230013A' is selected.
19:24:38 INFO  : 'jtag frequency' command is executed.
19:24:38 INFO  : 'targets -set -filter {jtag_cable_name =~ "RealDigital Boo 887429230013A" && level==0 && jtag_device_ctx=="jsn1-0362f093-0"}' command is executed.
19:24:40 INFO  : Device configured successfully with "C:/385_Vivado_Projects/Final_Project/ECE-385-Final-Project/final_project_vitis/fp_usb/_ide/bitstream/mb_usb_hdmi_top.bit"
19:24:40 INFO  : Context for processor 'microblaze_0' is selected.
19:24:40 INFO  : Hardware design and registers information is loaded from 'C:/385_Vivado_Projects/Final_Project/ECE-385-Final-Project/final_project_vitis/mb_usb_hdmi_top/export/mb_usb_hdmi_top/hw/mb_usb_hdmi_top.xsa'.
19:24:40 INFO  : 'configparams mdm-detect-bscan-mask 2' command is executed.
19:24:40 INFO  : Context for processor 'microblaze_0' is selected.
19:24:40 INFO  : System reset is completed.
19:24:43 INFO  : 'after 3000' command is executed.
19:24:43 INFO  : Context for processor 'microblaze_0' is selected.
19:24:43 INFO  : The application 'C:/385_Vivado_Projects/Final_Project/ECE-385-Final-Project/final_project_vitis/fp_usb/Debug/fp_usb.elf' is downloaded to processor 'microblaze_0'.
19:24:43 INFO  : ----------------XSDB Script----------------
connect -url tcp:127.0.0.1:3121
targets -set -filter {jtag_cable_name =~ "RealDigital Boo 887429230013A" && level==0 && jtag_device_ctx=="jsn1-0362f093-0"}
fpga -file C:/385_Vivado_Projects/Final_Project/ECE-385-Final-Project/final_project_vitis/fp_usb/_ide/bitstream/mb_usb_hdmi_top.bit
targets -set -nocase -filter {name =~ "*microblaze*#0" && bscan=="USER2" }
loadhw -hw C:/385_Vivado_Projects/Final_Project/ECE-385-Final-Project/final_project_vitis/mb_usb_hdmi_top/export/mb_usb_hdmi_top/hw/mb_usb_hdmi_top.xsa -regs
configparams mdm-detect-bscan-mask 2
targets -set -nocase -filter {name =~ "*microblaze*#0" && bscan=="USER2" }
rst -system
after 3000
targets -set -nocase -filter {name =~ "*microblaze*#0" && bscan=="USER2" }
dow C:/385_Vivado_Projects/Final_Project/ECE-385-Final-Project/final_project_vitis/fp_usb/Debug/fp_usb.elf
----------------End of Script----------------

19:24:43 INFO  : Context for processor 'microblaze_0' is selected.
19:24:43 INFO  : 'con' command is executed.
19:24:43 INFO  : ----------------XSDB Script (After Launch)----------------
targets -set -nocase -filter {name =~ "*microblaze*#0" && bscan=="USER2" }
con
----------------End of Script----------------

19:24:43 INFO  : Disconnected from the channel tcfchan#4.
19:37:12 INFO  : Hardware specification for platform project 'mb_usb_hdmi_top' is updated.
19:37:22 INFO  : Result from executing command 'getProjects': mb_usb_hdmi_top
19:37:22 INFO  : Result from executing command 'getPlatforms': mb_usb_hdmi_top|C:/385_Vivado_Projects/Final_Project/ECE-385-Final-Project/final_project_vitis/mb_usb_hdmi_top/export/mb_usb_hdmi_top/mb_usb_hdmi_top.xpfm
19:37:22 INFO  : Checking for BSP changes to sync application flags for project 'fp_usb'...
19:37:24 INFO  : The hardware specification used by project 'fp_usb' is out of sync with the platform. Resource files extracted from the hardware specification will be updated.
19:37:24 INFO  : The file 'C:\385_Vivado_Projects\Final_Project\ECE-385-Final-Project\final_project_vitis\fp_usb\_ide\bitstream\mb_usb_hdmi_top.bit' stored in project is removed.
19:37:24 INFO  : The file 'C:\385_Vivado_Projects\Final_Project\ECE-385-Final-Project\final_project_vitis\fp_usb\_ide\bitstream\mb_usb_hdmi_top.mmi' stored in project is removed.
19:37:24 INFO  : The updated bitstream files are copied from platform to folder 'C:\385_Vivado_Projects\Final_Project\ECE-385-Final-Project\final_project_vitis\fp_usb\_ide\bitstream' in project 'fp_usb'.
19:37:29 INFO  : Connected to target on host '127.0.0.1' and port '3121'.
19:37:30 INFO  : Jtag cable 'RealDigital Boo 887429230013A' is selected.
19:37:30 INFO  : 'jtag frequency' command is executed.
19:37:30 INFO  : 'targets -set -filter {jtag_cable_name =~ "RealDigital Boo 887429230013A" && level==0 && jtag_device_ctx=="jsn1-0362f093-0"}' command is executed.
19:37:31 INFO  : Device configured successfully with "C:/385_Vivado_Projects/Final_Project/ECE-385-Final-Project/final_project_vitis/fp_usb/_ide/bitstream/mb_usb_hdmi_top.bit"
19:37:31 INFO  : Context for processor 'microblaze_0' is selected.
19:37:31 INFO  : Hardware design and registers information is loaded from 'C:/385_Vivado_Projects/Final_Project/ECE-385-Final-Project/final_project_vitis/mb_usb_hdmi_top/export/mb_usb_hdmi_top/hw/mb_usb_hdmi_top.xsa'.
19:37:31 INFO  : 'configparams mdm-detect-bscan-mask 2' command is executed.
19:37:31 INFO  : Context for processor 'microblaze_0' is selected.
19:37:31 INFO  : System reset is completed.
19:37:34 INFO  : 'after 3000' command is executed.
19:37:34 INFO  : Context for processor 'microblaze_0' is selected.
19:37:34 INFO  : The application 'C:/385_Vivado_Projects/Final_Project/ECE-385-Final-Project/final_project_vitis/fp_usb/Debug/fp_usb.elf' is downloaded to processor 'microblaze_0'.
19:37:34 INFO  : ----------------XSDB Script----------------
connect -url tcp:127.0.0.1:3121
targets -set -filter {jtag_cable_name =~ "RealDigital Boo 887429230013A" && level==0 && jtag_device_ctx=="jsn1-0362f093-0"}
fpga -file C:/385_Vivado_Projects/Final_Project/ECE-385-Final-Project/final_project_vitis/fp_usb/_ide/bitstream/mb_usb_hdmi_top.bit
targets -set -nocase -filter {name =~ "*microblaze*#0" && bscan=="USER2" }
loadhw -hw C:/385_Vivado_Projects/Final_Project/ECE-385-Final-Project/final_project_vitis/mb_usb_hdmi_top/export/mb_usb_hdmi_top/hw/mb_usb_hdmi_top.xsa -regs
configparams mdm-detect-bscan-mask 2
targets -set -nocase -filter {name =~ "*microblaze*#0" && bscan=="USER2" }
rst -system
after 3000
targets -set -nocase -filter {name =~ "*microblaze*#0" && bscan=="USER2" }
dow C:/385_Vivado_Projects/Final_Project/ECE-385-Final-Project/final_project_vitis/fp_usb/Debug/fp_usb.elf
----------------End of Script----------------

19:37:34 INFO  : Context for processor 'microblaze_0' is selected.
19:37:34 INFO  : 'con' command is executed.
19:37:34 INFO  : ----------------XSDB Script (After Launch)----------------
targets -set -nocase -filter {name =~ "*microblaze*#0" && bscan=="USER2" }
con
----------------End of Script----------------

19:37:34 INFO  : Disconnected from the channel tcfchan#6.
19:49:06 INFO  : Hardware specification for platform project 'mb_usb_hdmi_top' is updated.
19:49:19 INFO  : Result from executing command 'getProjects': mb_usb_hdmi_top
19:49:19 INFO  : Result from executing command 'getPlatforms': mb_usb_hdmi_top|C:/385_Vivado_Projects/Final_Project/ECE-385-Final-Project/final_project_vitis/mb_usb_hdmi_top/export/mb_usb_hdmi_top/mb_usb_hdmi_top.xpfm
19:49:19 INFO  : Checking for BSP changes to sync application flags for project 'fp_usb'...
19:49:21 INFO  : The hardware specification used by project 'fp_usb' is out of sync with the platform. Resource files extracted from the hardware specification will be updated.
19:49:21 INFO  : The file 'C:\385_Vivado_Projects\Final_Project\ECE-385-Final-Project\final_project_vitis\fp_usb\_ide\bitstream\mb_usb_hdmi_top.bit' stored in project is removed.
19:49:21 INFO  : The file 'C:\385_Vivado_Projects\Final_Project\ECE-385-Final-Project\final_project_vitis\fp_usb\_ide\bitstream\mb_usb_hdmi_top.mmi' stored in project is removed.
19:49:21 INFO  : The updated bitstream files are copied from platform to folder 'C:\385_Vivado_Projects\Final_Project\ECE-385-Final-Project\final_project_vitis\fp_usb\_ide\bitstream' in project 'fp_usb'.
19:49:27 INFO  : Connected to target on host '127.0.0.1' and port '3121'.
19:49:27 INFO  : Jtag cable 'RealDigital Boo 887429230013A' is selected.
19:49:27 INFO  : 'jtag frequency' command is executed.
19:49:27 INFO  : 'targets -set -filter {jtag_cable_name =~ "RealDigital Boo 887429230013A" && level==0 && jtag_device_ctx=="jsn1-0362f093-0"}' command is executed.
19:49:28 INFO  : Device configured successfully with "C:/385_Vivado_Projects/Final_Project/ECE-385-Final-Project/final_project_vitis/fp_usb/_ide/bitstream/mb_usb_hdmi_top.bit"
19:49:28 INFO  : Context for processor 'microblaze_0' is selected.
19:49:28 INFO  : Hardware design and registers information is loaded from 'C:/385_Vivado_Projects/Final_Project/ECE-385-Final-Project/final_project_vitis/mb_usb_hdmi_top/export/mb_usb_hdmi_top/hw/mb_usb_hdmi_top.xsa'.
19:49:28 INFO  : 'configparams mdm-detect-bscan-mask 2' command is executed.
19:49:28 INFO  : Context for processor 'microblaze_0' is selected.
19:49:28 INFO  : System reset is completed.
19:49:32 INFO  : 'after 3000' command is executed.
19:49:32 INFO  : Context for processor 'microblaze_0' is selected.
19:49:32 INFO  : The application 'C:/385_Vivado_Projects/Final_Project/ECE-385-Final-Project/final_project_vitis/fp_usb/Debug/fp_usb.elf' is downloaded to processor 'microblaze_0'.
19:49:32 INFO  : ----------------XSDB Script----------------
connect -url tcp:127.0.0.1:3121
targets -set -filter {jtag_cable_name =~ "RealDigital Boo 887429230013A" && level==0 && jtag_device_ctx=="jsn1-0362f093-0"}
fpga -file C:/385_Vivado_Projects/Final_Project/ECE-385-Final-Project/final_project_vitis/fp_usb/_ide/bitstream/mb_usb_hdmi_top.bit
targets -set -nocase -filter {name =~ "*microblaze*#0" && bscan=="USER2" }
loadhw -hw C:/385_Vivado_Projects/Final_Project/ECE-385-Final-Project/final_project_vitis/mb_usb_hdmi_top/export/mb_usb_hdmi_top/hw/mb_usb_hdmi_top.xsa -regs
configparams mdm-detect-bscan-mask 2
targets -set -nocase -filter {name =~ "*microblaze*#0" && bscan=="USER2" }
rst -system
after 3000
targets -set -nocase -filter {name =~ "*microblaze*#0" && bscan=="USER2" }
dow C:/385_Vivado_Projects/Final_Project/ECE-385-Final-Project/final_project_vitis/fp_usb/Debug/fp_usb.elf
----------------End of Script----------------

19:49:32 INFO  : Context for processor 'microblaze_0' is selected.
19:49:32 INFO  : 'con' command is executed.
19:49:32 INFO  : ----------------XSDB Script (After Launch)----------------
targets -set -nocase -filter {name =~ "*microblaze*#0" && bscan=="USER2" }
con
----------------End of Script----------------

19:49:32 INFO  : Disconnected from the channel tcfchan#8.
09:02:56 DEBUG : Logs will be stored at 'C:/385_Vivado_Projects/Final_Project/ECE-385-Final-Project/final_project_vitis/IDE.log'.
09:02:57 INFO  : Launching XSCT server: xsct.bat -n  -interactive C:\385_Vivado_Projects\Final_Project\ECE-385-Final-Project\final_project_vitis\temp_xsdb_launch_script.tcl
09:03:00 INFO  : XSCT server has started successfully.
09:03:00 INFO  : Successfully done setting XSCT server connection channel  
09:03:00 INFO  : plnx-install-location is set to ''
09:03:00 INFO  : Successfully done setting workspace for the tool. 
09:03:00 INFO  : Platform repository initialization has completed.
09:03:00 INFO  : Registering command handlers for Vitis TCF services
09:03:03 INFO  : Successfully done query RDI_DATADIR 
09:08:32 INFO  : Connected to target on host '127.0.0.1' and port '3121'.
09:08:33 INFO  : Jtag cable 'RealDigital Boo 8874292301F6A' is selected.
09:08:33 INFO  : 'jtag frequency' command is executed.
09:08:33 INFO  : 'targets -set -filter {jtag_cable_name =~ "RealDigital Boo 8874292301F6A" && level==0 && jtag_device_ctx=="jsn1-0362f093-0"}' command is executed.
09:08:34 INFO  : Device configured successfully with "C:/385_Vivado_Projects/Final_Project/ECE-385-Final-Project/final_project_vitis/fp_usb/_ide/bitstream/mb_usb_hdmi_top.bit"
09:08:34 INFO  : Context for processor 'microblaze_0' is selected.
09:08:34 INFO  : Hardware design and registers information is loaded from 'C:/385_Vivado_Projects/Final_Project/ECE-385-Final-Project/final_project_vitis/mb_usb_hdmi_top/export/mb_usb_hdmi_top/hw/mb_usb_hdmi_top.xsa'.
09:08:34 INFO  : 'configparams mdm-detect-bscan-mask 2' command is executed.
09:08:34 INFO  : Context for processor 'microblaze_0' is selected.
09:08:34 INFO  : System reset is completed.
09:08:37 INFO  : 'after 3000' command is executed.
09:08:37 INFO  : Context for processor 'microblaze_0' is selected.
09:08:37 INFO  : The application 'C:/385_Vivado_Projects/Final_Project/ECE-385-Final-Project/final_project_vitis/fp_usb/Debug/fp_usb.elf' is downloaded to processor 'microblaze_0'.
09:08:37 INFO  : ----------------XSDB Script----------------
connect -url tcp:127.0.0.1:3121
targets -set -filter {jtag_cable_name =~ "RealDigital Boo 8874292301F6A" && level==0 && jtag_device_ctx=="jsn1-0362f093-0"}
fpga -file C:/385_Vivado_Projects/Final_Project/ECE-385-Final-Project/final_project_vitis/fp_usb/_ide/bitstream/mb_usb_hdmi_top.bit
targets -set -nocase -filter {name =~ "*microblaze*#0" && bscan=="USER2" }
loadhw -hw C:/385_Vivado_Projects/Final_Project/ECE-385-Final-Project/final_project_vitis/mb_usb_hdmi_top/export/mb_usb_hdmi_top/hw/mb_usb_hdmi_top.xsa -regs
configparams mdm-detect-bscan-mask 2
targets -set -nocase -filter {name =~ "*microblaze*#0" && bscan=="USER2" }
rst -system
after 3000
targets -set -nocase -filter {name =~ "*microblaze*#0" && bscan=="USER2" }
dow C:/385_Vivado_Projects/Final_Project/ECE-385-Final-Project/final_project_vitis/fp_usb/Debug/fp_usb.elf
----------------End of Script----------------

09:08:38 INFO  : Context for processor 'microblaze_0' is selected.
09:08:38 INFO  : 'con' command is executed.
09:08:38 INFO  : ----------------XSDB Script (After Launch)----------------
targets -set -nocase -filter {name =~ "*microblaze*#0" && bscan=="USER2" }
con
----------------End of Script----------------

09:08:38 INFO  : Disconnected from the channel tcfchan#1.
09:27:55 INFO  : Hardware specification for platform project 'mb_usb_hdmi_top' is updated.
09:28:10 INFO  : Result from executing command 'getProjects': mb_usb_hdmi_top
09:28:10 INFO  : Result from executing command 'getPlatforms': mb_usb_hdmi_top|C:/385_Vivado_Projects/Final_Project/ECE-385-Final-Project/final_project_vitis/mb_usb_hdmi_top/export/mb_usb_hdmi_top/mb_usb_hdmi_top.xpfm
09:28:11 INFO  : Checking for BSP changes to sync application flags for project 'fp_usb'...
09:28:11 WARN  : Failed to closehw "C:/385_Vivado_Projects/Final_Project/ECE-385-Final-Project/final_project_vitis/mb_usb_hdmi_top/export/mb_usb_hdmi_top/hw/mb_usb_hdmi_top.xsa"
Reason: Cannot close hw design 'C:/385_Vivado_Projects/Final_Project/ECE-385-Final-Project/final_project_vitis/mb_usb_hdmi_top/export/mb_usb_hdmi_top/hw/mb_usb_hdmi_top.xsa'.
Design is not opened in the current session.

09:28:13 INFO  : The hardware specification used by project 'fp_usb' is out of sync with the platform. Resource files extracted from the hardware specification will be updated.
09:28:13 INFO  : The file 'C:\385_Vivado_Projects\Final_Project\ECE-385-Final-Project\final_project_vitis\fp_usb\_ide\bitstream\mb_usb_hdmi_top.bit' stored in project is removed.
09:28:13 INFO  : The file 'C:\385_Vivado_Projects\Final_Project\ECE-385-Final-Project\final_project_vitis\fp_usb\_ide\bitstream\mb_usb_hdmi_top.mmi' stored in project is removed.
09:28:13 INFO  : The updated bitstream files are copied from platform to folder 'C:\385_Vivado_Projects\Final_Project\ECE-385-Final-Project\final_project_vitis\fp_usb\_ide\bitstream' in project 'fp_usb'.
09:28:18 INFO  : Connected to target on host '127.0.0.1' and port '3121'.
09:28:18 INFO  : Jtag cable 'RealDigital Boo 8874292301F6A' is selected.
09:28:18 INFO  : 'jtag frequency' command is executed.
09:28:18 INFO  : 'targets -set -filter {jtag_cable_name =~ "RealDigital Boo 8874292301F6A" && level==0 && jtag_device_ctx=="jsn1-0362f093-0"}' command is executed.
09:28:19 INFO  : Device configured successfully with "C:/385_Vivado_Projects/Final_Project/ECE-385-Final-Project/final_project_vitis/fp_usb/_ide/bitstream/mb_usb_hdmi_top.bit"
09:28:20 INFO  : Context for processor 'microblaze_0' is selected.
09:28:20 INFO  : Hardware design and registers information is loaded from 'C:/385_Vivado_Projects/Final_Project/ECE-385-Final-Project/final_project_vitis/mb_usb_hdmi_top/export/mb_usb_hdmi_top/hw/mb_usb_hdmi_top.xsa'.
09:28:20 INFO  : 'configparams mdm-detect-bscan-mask 2' command is executed.
09:28:20 INFO  : Context for processor 'microblaze_0' is selected.
09:28:20 INFO  : System reset is completed.
09:28:23 INFO  : 'after 3000' command is executed.
09:28:23 INFO  : Context for processor 'microblaze_0' is selected.
09:28:23 INFO  : The application 'C:/385_Vivado_Projects/Final_Project/ECE-385-Final-Project/final_project_vitis/fp_usb/Debug/fp_usb.elf' is downloaded to processor 'microblaze_0'.
09:28:23 INFO  : ----------------XSDB Script----------------
connect -url tcp:127.0.0.1:3121
targets -set -filter {jtag_cable_name =~ "RealDigital Boo 8874292301F6A" && level==0 && jtag_device_ctx=="jsn1-0362f093-0"}
fpga -file C:/385_Vivado_Projects/Final_Project/ECE-385-Final-Project/final_project_vitis/fp_usb/_ide/bitstream/mb_usb_hdmi_top.bit
targets -set -nocase -filter {name =~ "*microblaze*#0" && bscan=="USER2" }
loadhw -hw C:/385_Vivado_Projects/Final_Project/ECE-385-Final-Project/final_project_vitis/mb_usb_hdmi_top/export/mb_usb_hdmi_top/hw/mb_usb_hdmi_top.xsa -regs
configparams mdm-detect-bscan-mask 2
targets -set -nocase -filter {name =~ "*microblaze*#0" && bscan=="USER2" }
rst -system
after 3000
targets -set -nocase -filter {name =~ "*microblaze*#0" && bscan=="USER2" }
dow C:/385_Vivado_Projects/Final_Project/ECE-385-Final-Project/final_project_vitis/fp_usb/Debug/fp_usb.elf
----------------End of Script----------------

09:28:23 INFO  : Context for processor 'microblaze_0' is selected.
09:28:23 INFO  : 'con' command is executed.
09:28:23 INFO  : ----------------XSDB Script (After Launch)----------------
targets -set -nocase -filter {name =~ "*microblaze*#0" && bscan=="USER2" }
con
----------------End of Script----------------

09:28:23 INFO  : Disconnected from the channel tcfchan#3.
09:45:20 INFO  : Checking for BSP changes to sync application flags for project 'fp_usb'...
09:45:29 INFO  : Hardware specification for platform project 'mb_usb_hdmi_top' is updated.
09:45:47 INFO  : Result from executing command 'getProjects': mb_usb_hdmi_top
09:45:47 INFO  : Result from executing command 'getPlatforms': mb_usb_hdmi_top|C:/385_Vivado_Projects/Final_Project/ECE-385-Final-Project/final_project_vitis/mb_usb_hdmi_top/export/mb_usb_hdmi_top/mb_usb_hdmi_top.xpfm
09:45:47 INFO  : Checking for BSP changes to sync application flags for project 'fp_usb'...
09:45:49 INFO  : The hardware specification used by project 'fp_usb' is out of sync with the platform. Resource files extracted from the hardware specification will be updated.
09:45:49 INFO  : The file 'C:\385_Vivado_Projects\Final_Project\ECE-385-Final-Project\final_project_vitis\fp_usb\_ide\bitstream\mb_usb_hdmi_top.bit' stored in project is removed.
09:45:49 INFO  : The file 'C:\385_Vivado_Projects\Final_Project\ECE-385-Final-Project\final_project_vitis\fp_usb\_ide\bitstream\mb_usb_hdmi_top.mmi' stored in project is removed.
09:45:49 INFO  : The updated bitstream files are copied from platform to folder 'C:\385_Vivado_Projects\Final_Project\ECE-385-Final-Project\final_project_vitis\fp_usb\_ide\bitstream' in project 'fp_usb'.
09:46:11 INFO  : Connected to target on host '127.0.0.1' and port '3121'.
09:46:12 INFO  : Jtag cable 'RealDigital Boo 8874292301F6A' is selected.
09:46:12 INFO  : 'jtag frequency' command is executed.
09:46:12 INFO  : 'targets -set -filter {jtag_cable_name =~ "RealDigital Boo 8874292301F6A" && level==0 && jtag_device_ctx=="jsn1-0362f093-0"}' command is executed.
09:46:13 INFO  : Device configured successfully with "C:/385_Vivado_Projects/Final_Project/ECE-385-Final-Project/final_project_vitis/fp_usb/_ide/bitstream/mb_usb_hdmi_top.bit"
09:46:13 INFO  : Context for processor 'microblaze_0' is selected.
09:46:13 INFO  : Hardware design and registers information is loaded from 'C:/385_Vivado_Projects/Final_Project/ECE-385-Final-Project/final_project_vitis/mb_usb_hdmi_top/export/mb_usb_hdmi_top/hw/mb_usb_hdmi_top.xsa'.
09:46:13 INFO  : 'configparams mdm-detect-bscan-mask 2' command is executed.
09:46:13 INFO  : Context for processor 'microblaze_0' is selected.
09:46:13 INFO  : System reset is completed.
09:46:16 INFO  : 'after 3000' command is executed.
09:46:16 INFO  : Context for processor 'microblaze_0' is selected.
09:46:16 INFO  : The application 'C:/385_Vivado_Projects/Final_Project/ECE-385-Final-Project/final_project_vitis/fp_usb/Debug/fp_usb.elf' is downloaded to processor 'microblaze_0'.
09:46:16 INFO  : ----------------XSDB Script----------------
connect -url tcp:127.0.0.1:3121
targets -set -filter {jtag_cable_name =~ "RealDigital Boo 8874292301F6A" && level==0 && jtag_device_ctx=="jsn1-0362f093-0"}
fpga -file C:/385_Vivado_Projects/Final_Project/ECE-385-Final-Project/final_project_vitis/fp_usb/_ide/bitstream/mb_usb_hdmi_top.bit
targets -set -nocase -filter {name =~ "*microblaze*#0" && bscan=="USER2" }
loadhw -hw C:/385_Vivado_Projects/Final_Project/ECE-385-Final-Project/final_project_vitis/mb_usb_hdmi_top/export/mb_usb_hdmi_top/hw/mb_usb_hdmi_top.xsa -regs
configparams mdm-detect-bscan-mask 2
targets -set -nocase -filter {name =~ "*microblaze*#0" && bscan=="USER2" }
rst -system
after 3000
targets -set -nocase -filter {name =~ "*microblaze*#0" && bscan=="USER2" }
dow C:/385_Vivado_Projects/Final_Project/ECE-385-Final-Project/final_project_vitis/fp_usb/Debug/fp_usb.elf
----------------End of Script----------------

09:46:17 INFO  : Context for processor 'microblaze_0' is selected.
09:46:17 INFO  : 'con' command is executed.
09:46:17 INFO  : ----------------XSDB Script (After Launch)----------------
targets -set -nocase -filter {name =~ "*microblaze*#0" && bscan=="USER2" }
con
----------------End of Script----------------

09:46:17 INFO  : Disconnected from the channel tcfchan#5.
09:48:07 INFO  : Checking for BSP changes to sync application flags for project 'fp_usb'...
09:52:49 INFO  : Connected to target on host '127.0.0.1' and port '3121'.
09:52:49 INFO  : Jtag cable 'RealDigital Boo 8874292301F6A' is selected.
09:52:49 INFO  : 'jtag frequency' command is executed.
09:52:49 INFO  : 'targets -set -filter {jtag_cable_name =~ "RealDigital Boo 8874292301F6A" && level==0 && jtag_device_ctx=="jsn1-0362f093-0"}' command is executed.
09:52:50 INFO  : Device configured successfully with "C:/385_Vivado_Projects/Final_Project/ECE-385-Final-Project/final_project_vitis/fp_usb/_ide/bitstream/mb_usb_hdmi_top.bit"
09:52:50 INFO  : Context for processor 'microblaze_0' is selected.
09:52:50 INFO  : Hardware design and registers information is loaded from 'C:/385_Vivado_Projects/Final_Project/ECE-385-Final-Project/final_project_vitis/mb_usb_hdmi_top/export/mb_usb_hdmi_top/hw/mb_usb_hdmi_top.xsa'.
09:52:50 INFO  : 'configparams mdm-detect-bscan-mask 2' command is executed.
09:52:50 INFO  : Context for processor 'microblaze_0' is selected.
09:52:50 INFO  : System reset is completed.
09:52:53 INFO  : 'after 3000' command is executed.
09:52:53 INFO  : Context for processor 'microblaze_0' is selected.
09:52:54 INFO  : The application 'C:/385_Vivado_Projects/Final_Project/ECE-385-Final-Project/final_project_vitis/fp_usb/Debug/fp_usb.elf' is downloaded to processor 'microblaze_0'.
09:52:54 INFO  : ----------------XSDB Script----------------
connect -url tcp:127.0.0.1:3121
targets -set -filter {jtag_cable_name =~ "RealDigital Boo 8874292301F6A" && level==0 && jtag_device_ctx=="jsn1-0362f093-0"}
fpga -file C:/385_Vivado_Projects/Final_Project/ECE-385-Final-Project/final_project_vitis/fp_usb/_ide/bitstream/mb_usb_hdmi_top.bit
targets -set -nocase -filter {name =~ "*microblaze*#0" && bscan=="USER2" }
loadhw -hw C:/385_Vivado_Projects/Final_Project/ECE-385-Final-Project/final_project_vitis/mb_usb_hdmi_top/export/mb_usb_hdmi_top/hw/mb_usb_hdmi_top.xsa -regs
configparams mdm-detect-bscan-mask 2
targets -set -nocase -filter {name =~ "*microblaze*#0" && bscan=="USER2" }
rst -system
after 3000
targets -set -nocase -filter {name =~ "*microblaze*#0" && bscan=="USER2" }
dow C:/385_Vivado_Projects/Final_Project/ECE-385-Final-Project/final_project_vitis/fp_usb/Debug/fp_usb.elf
----------------End of Script----------------

09:52:54 INFO  : Context for processor 'microblaze_0' is selected.
09:52:54 INFO  : 'con' command is executed.
09:52:54 INFO  : ----------------XSDB Script (After Launch)----------------
targets -set -nocase -filter {name =~ "*microblaze*#0" && bscan=="USER2" }
con
----------------End of Script----------------

09:52:54 INFO  : Disconnected from the channel tcfchan#6.
09:53:17 INFO  : Checking for BSP changes to sync application flags for project 'fp_usb'...
09:53:41 INFO  : Connected to target on host '127.0.0.1' and port '3121'.
09:53:42 INFO  : Jtag cable 'RealDigital Boo 8874292301F6A' is selected.
09:53:42 INFO  : 'jtag frequency' command is executed.
09:53:42 INFO  : 'targets -set -filter {jtag_cable_name =~ "RealDigital Boo 8874292301F6A" && level==0 && jtag_device_ctx=="jsn1-0362f093-0"}' command is executed.
09:53:43 INFO  : Device configured successfully with "C:/385_Vivado_Projects/Final_Project/ECE-385-Final-Project/final_project_vitis/fp_usb/_ide/bitstream/mb_usb_hdmi_top.bit"
09:53:43 INFO  : Context for processor 'microblaze_0' is selected.
09:53:43 INFO  : Hardware design and registers information is loaded from 'C:/385_Vivado_Projects/Final_Project/ECE-385-Final-Project/final_project_vitis/mb_usb_hdmi_top/export/mb_usb_hdmi_top/hw/mb_usb_hdmi_top.xsa'.
09:53:43 INFO  : 'configparams mdm-detect-bscan-mask 2' command is executed.
09:53:43 INFO  : Context for processor 'microblaze_0' is selected.
09:53:43 INFO  : System reset is completed.
09:53:46 INFO  : 'after 3000' command is executed.
09:53:46 INFO  : Context for processor 'microblaze_0' is selected.
09:53:46 INFO  : The application 'C:/385_Vivado_Projects/Final_Project/ECE-385-Final-Project/final_project_vitis/fp_usb/Debug/fp_usb.elf' is downloaded to processor 'microblaze_0'.
09:53:46 INFO  : ----------------XSDB Script----------------
connect -url tcp:127.0.0.1:3121
targets -set -filter {jtag_cable_name =~ "RealDigital Boo 8874292301F6A" && level==0 && jtag_device_ctx=="jsn1-0362f093-0"}
fpga -file C:/385_Vivado_Projects/Final_Project/ECE-385-Final-Project/final_project_vitis/fp_usb/_ide/bitstream/mb_usb_hdmi_top.bit
targets -set -nocase -filter {name =~ "*microblaze*#0" && bscan=="USER2" }
loadhw -hw C:/385_Vivado_Projects/Final_Project/ECE-385-Final-Project/final_project_vitis/mb_usb_hdmi_top/export/mb_usb_hdmi_top/hw/mb_usb_hdmi_top.xsa -regs
configparams mdm-detect-bscan-mask 2
targets -set -nocase -filter {name =~ "*microblaze*#0" && bscan=="USER2" }
rst -system
after 3000
targets -set -nocase -filter {name =~ "*microblaze*#0" && bscan=="USER2" }
dow C:/385_Vivado_Projects/Final_Project/ECE-385-Final-Project/final_project_vitis/fp_usb/Debug/fp_usb.elf
----------------End of Script----------------

09:53:46 INFO  : Context for processor 'microblaze_0' is selected.
09:53:46 INFO  : 'con' command is executed.
09:53:46 INFO  : ----------------XSDB Script (After Launch)----------------
targets -set -nocase -filter {name =~ "*microblaze*#0" && bscan=="USER2" }
con
----------------End of Script----------------

09:53:46 INFO  : Disconnected from the channel tcfchan#7.
09:55:59 DEBUG : Logs will be stored at 'C:/385_Vivado_Projects/Final_Project/ECE-385-Final-Project/final_project_vitis/IDE.log'.
09:55:59 INFO  : Launching XSCT server: xsct.bat -n  -interactive C:\385_Vivado_Projects\Final_Project\ECE-385-Final-Project\final_project_vitis\temp_xsdb_launch_script.tcl
09:56:01 INFO  : XSCT server has started successfully.
09:56:01 INFO  : Successfully done setting XSCT server connection channel  
09:56:01 INFO  : plnx-install-location is set to ''
09:56:01 INFO  : Successfully done setting workspace for the tool. 
09:56:02 INFO  : Platform repository initialization has completed.
09:56:02 INFO  : Registering command handlers for Vitis TCF services
09:56:04 INFO  : Successfully done query RDI_DATADIR 
09:56:16 INFO  : Result from executing command 'removePlatformRepo': 
09:56:43 INFO  : Result from executing command 'getProjects': mb_usb_hdmi_top
09:56:43 INFO  : Result from executing command 'getPlatforms': 
09:56:43 INFO  : Checking for BSP changes to sync application flags for project 'fp_usb'...
09:56:59 INFO  : Checking for BSP changes to sync application flags for project 'fp_usb'...
09:57:01 INFO  : Checking for BSP changes to sync application flags for project 'fp_usb'...
09:57:14 INFO  : Connected to target on host '127.0.0.1' and port '3121'.
09:57:14 INFO  : Jtag cable 'RealDigital Boo 8874292301F6A' is selected.
09:57:14 INFO  : 'jtag frequency' command is executed.
09:57:14 INFO  : 'targets -set -filter {jtag_cable_name =~ "RealDigital Boo 8874292301F6A" && level==0 && jtag_device_ctx=="jsn1-0362f093-0"}' command is executed.
09:57:15 INFO  : Device configured successfully with "C:/385_Vivado_Projects/Final_Project/ECE-385-Final-Project/final_project_vitis/fp_usb/_ide/bitstream/mb_usb_hdmi_top.bit"
09:57:15 INFO  : Context for processor 'microblaze_0' is selected.
09:57:15 INFO  : Hardware design and registers information is loaded from 'C:/385_Vivado_Projects/Final_Project/ECE-385-Final-Project/final_project_vitis/mb_usb_hdmi_top/export/mb_usb_hdmi_top/hw/mb_usb_hdmi_top.xsa'.
09:57:15 INFO  : 'configparams mdm-detect-bscan-mask 2' command is executed.
09:57:16 INFO  : Context for processor 'microblaze_0' is selected.
09:57:16 INFO  : System reset is completed.
09:57:19 INFO  : 'after 3000' command is executed.
09:57:19 INFO  : Context for processor 'microblaze_0' is selected.
09:57:19 INFO  : The application 'C:/385_Vivado_Projects/Final_Project/ECE-385-Final-Project/final_project_vitis/fp_usb/Debug/fp_usb.elf' is downloaded to processor 'microblaze_0'.
09:57:19 INFO  : ----------------XSDB Script----------------
connect -url tcp:127.0.0.1:3121
targets -set -filter {jtag_cable_name =~ "RealDigital Boo 8874292301F6A" && level==0 && jtag_device_ctx=="jsn1-0362f093-0"}
fpga -file C:/385_Vivado_Projects/Final_Project/ECE-385-Final-Project/final_project_vitis/fp_usb/_ide/bitstream/mb_usb_hdmi_top.bit
targets -set -nocase -filter {name =~ "*microblaze*#0" && bscan=="USER2" }
loadhw -hw C:/385_Vivado_Projects/Final_Project/ECE-385-Final-Project/final_project_vitis/mb_usb_hdmi_top/export/mb_usb_hdmi_top/hw/mb_usb_hdmi_top.xsa -regs
configparams mdm-detect-bscan-mask 2
targets -set -nocase -filter {name =~ "*microblaze*#0" && bscan=="USER2" }
rst -system
after 3000
targets -set -nocase -filter {name =~ "*microblaze*#0" && bscan=="USER2" }
dow C:/385_Vivado_Projects/Final_Project/ECE-385-Final-Project/final_project_vitis/fp_usb/Debug/fp_usb.elf
----------------End of Script----------------

09:57:19 INFO  : Context for processor 'microblaze_0' is selected.
09:57:19 INFO  : 'con' command is executed.
09:57:19 INFO  : ----------------XSDB Script (After Launch)----------------
targets -set -nocase -filter {name =~ "*microblaze*#0" && bscan=="USER2" }
con
----------------End of Script----------------

09:57:19 INFO  : Disconnected from the channel tcfchan#3.
17:01:19 DEBUG : Logs will be stored at 'C:/385_Vivado_Projects/Final_Project/ECE-385-Final-Project/final_project_vitis/IDE.log'.
17:01:19 INFO  : Launching XSCT server: xsct.bat -n  -interactive C:\385_Vivado_Projects\Final_Project\ECE-385-Final-Project\final_project_vitis\temp_xsdb_launch_script.tcl
17:01:24 INFO  : Registering command handlers for Vitis TCF services
17:01:24 INFO  : Platform repository initialization has completed.
17:01:24 INFO  : XSCT server has started successfully.
17:01:27 INFO  : plnx-install-location is set to ''
17:01:27 INFO  : Successfully done setting XSCT server connection channel  
17:01:27 INFO  : Successfully done query RDI_DATADIR 
17:01:27 INFO  : Successfully done setting workspace for the tool. 
17:03:19 INFO  : Hardware specification for platform project 'mb_usb_hdmi_top' is updated.
17:03:32 INFO  : Result from executing command 'getProjects': mb_usb_hdmi_top
17:03:32 INFO  : Result from executing command 'getPlatforms': mb_usb_hdmi_top|C:/385_Vivado_Projects/Final_Project/ECE-385-Final-Project/final_project_vitis/mb_usb_hdmi_top/export/mb_usb_hdmi_top/mb_usb_hdmi_top.xpfm
17:03:32 INFO  : Checking for BSP changes to sync application flags for project 'fp_usb'...
17:03:35 INFO  : The hardware specification used by project 'fp_usb' is out of sync with the platform. Resource files extracted from the hardware specification will be updated.
17:03:35 INFO  : The file 'C:\385_Vivado_Projects\Final_Project\ECE-385-Final-Project\final_project_vitis\fp_usb\_ide\bitstream\mb_usb_hdmi_top.bit' stored in project is removed.
17:03:35 INFO  : The file 'C:\385_Vivado_Projects\Final_Project\ECE-385-Final-Project\final_project_vitis\fp_usb\_ide\bitstream\mb_usb_hdmi_top.mmi' stored in project is removed.
17:03:35 INFO  : The updated bitstream files are copied from platform to folder 'C:\385_Vivado_Projects\Final_Project\ECE-385-Final-Project\final_project_vitis\fp_usb\_ide\bitstream' in project 'fp_usb'.
17:03:58 INFO  : Connected to target on host '127.0.0.1' and port '3121'.
17:03:58 INFO  : Jtag cable 'RealDigital Boo 887429230013A' is selected.
17:03:58 INFO  : 'jtag frequency' command is executed.
17:03:58 INFO  : 'targets -set -filter {jtag_cable_name =~ "RealDigital Boo 887429230013A" && level==0 && jtag_device_ctx=="jsn1-0362f093-0"}' command is executed.
17:04:00 INFO  : Device configured successfully with "C:/385_Vivado_Projects/Final_Project/ECE-385-Final-Project/final_project_vitis/fp_usb/_ide/bitstream/mb_usb_hdmi_top.bit"
17:04:00 INFO  : Context for processor 'microblaze_0' is selected.
17:04:00 INFO  : Hardware design and registers information is loaded from 'C:/385_Vivado_Projects/Final_Project/ECE-385-Final-Project/final_project_vitis/mb_usb_hdmi_top/export/mb_usb_hdmi_top/hw/mb_usb_hdmi_top.xsa'.
17:04:00 INFO  : 'configparams mdm-detect-bscan-mask 2' command is executed.
17:04:00 INFO  : Context for processor 'microblaze_0' is selected.
17:04:00 INFO  : System reset is completed.
17:04:03 INFO  : 'after 3000' command is executed.
17:04:03 INFO  : Context for processor 'microblaze_0' is selected.
17:04:03 INFO  : The application 'C:/385_Vivado_Projects/Final_Project/ECE-385-Final-Project/final_project_vitis/fp_usb/Debug/fp_usb.elf' is downloaded to processor 'microblaze_0'.
17:04:03 INFO  : ----------------XSDB Script----------------
connect -url tcp:127.0.0.1:3121
targets -set -filter {jtag_cable_name =~ "RealDigital Boo 887429230013A" && level==0 && jtag_device_ctx=="jsn1-0362f093-0"}
fpga -file C:/385_Vivado_Projects/Final_Project/ECE-385-Final-Project/final_project_vitis/fp_usb/_ide/bitstream/mb_usb_hdmi_top.bit
targets -set -nocase -filter {name =~ "*microblaze*#0" && bscan=="USER2" }
loadhw -hw C:/385_Vivado_Projects/Final_Project/ECE-385-Final-Project/final_project_vitis/mb_usb_hdmi_top/export/mb_usb_hdmi_top/hw/mb_usb_hdmi_top.xsa -regs
configparams mdm-detect-bscan-mask 2
targets -set -nocase -filter {name =~ "*microblaze*#0" && bscan=="USER2" }
rst -system
after 3000
targets -set -nocase -filter {name =~ "*microblaze*#0" && bscan=="USER2" }
dow C:/385_Vivado_Projects/Final_Project/ECE-385-Final-Project/final_project_vitis/fp_usb/Debug/fp_usb.elf
----------------End of Script----------------

17:04:03 INFO  : Context for processor 'microblaze_0' is selected.
17:04:03 INFO  : 'con' command is executed.
17:04:03 INFO  : ----------------XSDB Script (After Launch)----------------
targets -set -nocase -filter {name =~ "*microblaze*#0" && bscan=="USER2" }
con
----------------End of Script----------------

17:04:03 INFO  : Disconnected from the channel tcfchan#2.
17:19:27 INFO  : Hardware specification for platform project 'mb_usb_hdmi_top' is updated.
17:19:38 INFO  : Result from executing command 'getProjects': mb_usb_hdmi_top
17:19:38 INFO  : Result from executing command 'getPlatforms': mb_usb_hdmi_top|C:/385_Vivado_Projects/Final_Project/ECE-385-Final-Project/final_project_vitis/mb_usb_hdmi_top/export/mb_usb_hdmi_top/mb_usb_hdmi_top.xpfm
17:19:38 INFO  : Checking for BSP changes to sync application flags for project 'fp_usb'...
17:19:40 INFO  : The hardware specification used by project 'fp_usb' is out of sync with the platform. Resource files extracted from the hardware specification will be updated.
17:19:40 INFO  : The file 'C:\385_Vivado_Projects\Final_Project\ECE-385-Final-Project\final_project_vitis\fp_usb\_ide\bitstream\mb_usb_hdmi_top.bit' stored in project is removed.
17:19:40 INFO  : The file 'C:\385_Vivado_Projects\Final_Project\ECE-385-Final-Project\final_project_vitis\fp_usb\_ide\bitstream\mb_usb_hdmi_top.mmi' stored in project is removed.
17:19:40 INFO  : The updated bitstream files are copied from platform to folder 'C:\385_Vivado_Projects\Final_Project\ECE-385-Final-Project\final_project_vitis\fp_usb\_ide\bitstream' in project 'fp_usb'.
17:19:46 INFO  : Connected to target on host '127.0.0.1' and port '3121'.
17:19:47 INFO  : Jtag cable 'RealDigital Boo 887429230013A' is selected.
17:19:47 INFO  : 'jtag frequency' command is executed.
17:19:47 INFO  : 'targets -set -filter {jtag_cable_name =~ "RealDigital Boo 887429230013A" && level==0 && jtag_device_ctx=="jsn1-0362f093-0"}' command is executed.
17:19:48 INFO  : Device configured successfully with "C:/385_Vivado_Projects/Final_Project/ECE-385-Final-Project/final_project_vitis/fp_usb/_ide/bitstream/mb_usb_hdmi_top.bit"
17:19:48 INFO  : Context for processor 'microblaze_0' is selected.
17:19:48 INFO  : Hardware design and registers information is loaded from 'C:/385_Vivado_Projects/Final_Project/ECE-385-Final-Project/final_project_vitis/mb_usb_hdmi_top/export/mb_usb_hdmi_top/hw/mb_usb_hdmi_top.xsa'.
17:19:48 INFO  : 'configparams mdm-detect-bscan-mask 2' command is executed.
17:19:48 INFO  : Context for processor 'microblaze_0' is selected.
17:19:48 INFO  : System reset is completed.
17:19:51 INFO  : 'after 3000' command is executed.
17:19:51 INFO  : Context for processor 'microblaze_0' is selected.
17:19:51 INFO  : The application 'C:/385_Vivado_Projects/Final_Project/ECE-385-Final-Project/final_project_vitis/fp_usb/Debug/fp_usb.elf' is downloaded to processor 'microblaze_0'.
17:19:51 INFO  : ----------------XSDB Script----------------
connect -url tcp:127.0.0.1:3121
targets -set -filter {jtag_cable_name =~ "RealDigital Boo 887429230013A" && level==0 && jtag_device_ctx=="jsn1-0362f093-0"}
fpga -file C:/385_Vivado_Projects/Final_Project/ECE-385-Final-Project/final_project_vitis/fp_usb/_ide/bitstream/mb_usb_hdmi_top.bit
targets -set -nocase -filter {name =~ "*microblaze*#0" && bscan=="USER2" }
loadhw -hw C:/385_Vivado_Projects/Final_Project/ECE-385-Final-Project/final_project_vitis/mb_usb_hdmi_top/export/mb_usb_hdmi_top/hw/mb_usb_hdmi_top.xsa -regs
configparams mdm-detect-bscan-mask 2
targets -set -nocase -filter {name =~ "*microblaze*#0" && bscan=="USER2" }
rst -system
after 3000
targets -set -nocase -filter {name =~ "*microblaze*#0" && bscan=="USER2" }
dow C:/385_Vivado_Projects/Final_Project/ECE-385-Final-Project/final_project_vitis/fp_usb/Debug/fp_usb.elf
----------------End of Script----------------

17:19:51 INFO  : Context for processor 'microblaze_0' is selected.
17:19:51 INFO  : 'con' command is executed.
17:19:51 INFO  : ----------------XSDB Script (After Launch)----------------
targets -set -nocase -filter {name =~ "*microblaze*#0" && bscan=="USER2" }
con
----------------End of Script----------------

17:19:51 INFO  : Disconnected from the channel tcfchan#4.
17:30:23 INFO  : Hardware specification for platform project 'mb_usb_hdmi_top' is updated.
17:30:34 INFO  : Result from executing command 'getProjects': mb_usb_hdmi_top
17:30:35 INFO  : Result from executing command 'getPlatforms': mb_usb_hdmi_top|C:/385_Vivado_Projects/Final_Project/ECE-385-Final-Project/final_project_vitis/mb_usb_hdmi_top/export/mb_usb_hdmi_top/mb_usb_hdmi_top.xpfm
17:30:35 INFO  : Checking for BSP changes to sync application flags for project 'fp_usb'...
17:30:37 INFO  : The hardware specification used by project 'fp_usb' is out of sync with the platform. Resource files extracted from the hardware specification will be updated.
17:30:37 INFO  : The file 'C:\385_Vivado_Projects\Final_Project\ECE-385-Final-Project\final_project_vitis\fp_usb\_ide\bitstream\mb_usb_hdmi_top.bit' stored in project is removed.
17:30:37 INFO  : The file 'C:\385_Vivado_Projects\Final_Project\ECE-385-Final-Project\final_project_vitis\fp_usb\_ide\bitstream\mb_usb_hdmi_top.mmi' stored in project is removed.
17:30:37 INFO  : The updated bitstream files are copied from platform to folder 'C:\385_Vivado_Projects\Final_Project\ECE-385-Final-Project\final_project_vitis\fp_usb\_ide\bitstream' in project 'fp_usb'.
17:30:52 INFO  : Connected to target on host '127.0.0.1' and port '3121'.
17:30:52 INFO  : Jtag cable 'RealDigital Boo 887429230013A' is selected.
17:30:52 INFO  : 'jtag frequency' command is executed.
17:30:52 INFO  : 'targets -set -filter {jtag_cable_name =~ "RealDigital Boo 887429230013A" && level==0 && jtag_device_ctx=="jsn1-0362f093-0"}' command is executed.
17:30:53 INFO  : Device configured successfully with "C:/385_Vivado_Projects/Final_Project/ECE-385-Final-Project/final_project_vitis/fp_usb/_ide/bitstream/mb_usb_hdmi_top.bit"
17:30:53 INFO  : Context for processor 'microblaze_0' is selected.
17:30:53 INFO  : Hardware design and registers information is loaded from 'C:/385_Vivado_Projects/Final_Project/ECE-385-Final-Project/final_project_vitis/mb_usb_hdmi_top/export/mb_usb_hdmi_top/hw/mb_usb_hdmi_top.xsa'.
17:30:53 INFO  : 'configparams mdm-detect-bscan-mask 2' command is executed.
17:30:54 INFO  : Context for processor 'microblaze_0' is selected.
17:30:54 INFO  : System reset is completed.
17:30:57 INFO  : 'after 3000' command is executed.
17:30:57 INFO  : Context for processor 'microblaze_0' is selected.
17:30:57 INFO  : The application 'C:/385_Vivado_Projects/Final_Project/ECE-385-Final-Project/final_project_vitis/fp_usb/Debug/fp_usb.elf' is downloaded to processor 'microblaze_0'.
17:30:57 INFO  : ----------------XSDB Script----------------
connect -url tcp:127.0.0.1:3121
targets -set -filter {jtag_cable_name =~ "RealDigital Boo 887429230013A" && level==0 && jtag_device_ctx=="jsn1-0362f093-0"}
fpga -file C:/385_Vivado_Projects/Final_Project/ECE-385-Final-Project/final_project_vitis/fp_usb/_ide/bitstream/mb_usb_hdmi_top.bit
targets -set -nocase -filter {name =~ "*microblaze*#0" && bscan=="USER2" }
loadhw -hw C:/385_Vivado_Projects/Final_Project/ECE-385-Final-Project/final_project_vitis/mb_usb_hdmi_top/export/mb_usb_hdmi_top/hw/mb_usb_hdmi_top.xsa -regs
configparams mdm-detect-bscan-mask 2
targets -set -nocase -filter {name =~ "*microblaze*#0" && bscan=="USER2" }
rst -system
after 3000
targets -set -nocase -filter {name =~ "*microblaze*#0" && bscan=="USER2" }
dow C:/385_Vivado_Projects/Final_Project/ECE-385-Final-Project/final_project_vitis/fp_usb/Debug/fp_usb.elf
----------------End of Script----------------

17:30:57 INFO  : Context for processor 'microblaze_0' is selected.
17:30:57 INFO  : 'con' command is executed.
17:30:57 INFO  : ----------------XSDB Script (After Launch)----------------
targets -set -nocase -filter {name =~ "*microblaze*#0" && bscan=="USER2" }
con
----------------End of Script----------------

17:30:57 INFO  : Disconnected from the channel tcfchan#6.
17:48:01 INFO  : Hardware specification for platform project 'mb_usb_hdmi_top' is updated.
17:48:12 INFO  : Result from executing command 'getProjects': mb_usb_hdmi_top
17:48:12 INFO  : Result from executing command 'getPlatforms': mb_usb_hdmi_top|C:/385_Vivado_Projects/Final_Project/ECE-385-Final-Project/final_project_vitis/mb_usb_hdmi_top/export/mb_usb_hdmi_top/mb_usb_hdmi_top.xpfm
17:48:12 INFO  : Checking for BSP changes to sync application flags for project 'fp_usb'...
17:48:14 INFO  : The hardware specification used by project 'fp_usb' is out of sync with the platform. Resource files extracted from the hardware specification will be updated.
17:48:14 INFO  : The file 'C:\385_Vivado_Projects\Final_Project\ECE-385-Final-Project\final_project_vitis\fp_usb\_ide\bitstream\mb_usb_hdmi_top.bit' stored in project is removed.
17:48:14 INFO  : The file 'C:\385_Vivado_Projects\Final_Project\ECE-385-Final-Project\final_project_vitis\fp_usb\_ide\bitstream\mb_usb_hdmi_top.mmi' stored in project is removed.
17:48:14 INFO  : The updated bitstream files are copied from platform to folder 'C:\385_Vivado_Projects\Final_Project\ECE-385-Final-Project\final_project_vitis\fp_usb\_ide\bitstream' in project 'fp_usb'.
17:48:18 INFO  : Connected to target on host '127.0.0.1' and port '3121'.
17:48:19 INFO  : Jtag cable 'RealDigital Boo 887429230013A' is selected.
17:48:19 INFO  : 'jtag frequency' command is executed.
17:48:19 INFO  : 'targets -set -filter {jtag_cable_name =~ "RealDigital Boo 887429230013A" && level==0 && jtag_device_ctx=="jsn1-0362f093-0"}' command is executed.
17:48:20 INFO  : Device configured successfully with "C:/385_Vivado_Projects/Final_Project/ECE-385-Final-Project/final_project_vitis/fp_usb/_ide/bitstream/mb_usb_hdmi_top.bit"
17:48:20 INFO  : Context for processor 'microblaze_0' is selected.
17:48:20 INFO  : Hardware design and registers information is loaded from 'C:/385_Vivado_Projects/Final_Project/ECE-385-Final-Project/final_project_vitis/mb_usb_hdmi_top/export/mb_usb_hdmi_top/hw/mb_usb_hdmi_top.xsa'.
17:48:20 INFO  : 'configparams mdm-detect-bscan-mask 2' command is executed.
17:48:20 INFO  : Context for processor 'microblaze_0' is selected.
17:48:20 INFO  : System reset is completed.
17:48:23 INFO  : 'after 3000' command is executed.
17:48:23 INFO  : Context for processor 'microblaze_0' is selected.
17:48:23 INFO  : The application 'C:/385_Vivado_Projects/Final_Project/ECE-385-Final-Project/final_project_vitis/fp_usb/Debug/fp_usb.elf' is downloaded to processor 'microblaze_0'.
17:48:23 INFO  : ----------------XSDB Script----------------
connect -url tcp:127.0.0.1:3121
targets -set -filter {jtag_cable_name =~ "RealDigital Boo 887429230013A" && level==0 && jtag_device_ctx=="jsn1-0362f093-0"}
fpga -file C:/385_Vivado_Projects/Final_Project/ECE-385-Final-Project/final_project_vitis/fp_usb/_ide/bitstream/mb_usb_hdmi_top.bit
targets -set -nocase -filter {name =~ "*microblaze*#0" && bscan=="USER2" }
loadhw -hw C:/385_Vivado_Projects/Final_Project/ECE-385-Final-Project/final_project_vitis/mb_usb_hdmi_top/export/mb_usb_hdmi_top/hw/mb_usb_hdmi_top.xsa -regs
configparams mdm-detect-bscan-mask 2
targets -set -nocase -filter {name =~ "*microblaze*#0" && bscan=="USER2" }
rst -system
after 3000
targets -set -nocase -filter {name =~ "*microblaze*#0" && bscan=="USER2" }
dow C:/385_Vivado_Projects/Final_Project/ECE-385-Final-Project/final_project_vitis/fp_usb/Debug/fp_usb.elf
----------------End of Script----------------

17:48:23 INFO  : Context for processor 'microblaze_0' is selected.
17:48:23 INFO  : 'con' command is executed.
17:48:23 INFO  : ----------------XSDB Script (After Launch)----------------
targets -set -nocase -filter {name =~ "*microblaze*#0" && bscan=="USER2" }
con
----------------End of Script----------------

17:48:23 INFO  : Disconnected from the channel tcfchan#8.
18:08:51 INFO  : Hardware specification for platform project 'mb_usb_hdmi_top' is updated.
18:09:05 INFO  : Result from executing command 'getProjects': mb_usb_hdmi_top
18:09:05 INFO  : Result from executing command 'getPlatforms': mb_usb_hdmi_top|C:/385_Vivado_Projects/Final_Project/ECE-385-Final-Project/final_project_vitis/mb_usb_hdmi_top/export/mb_usb_hdmi_top/mb_usb_hdmi_top.xpfm
18:09:05 INFO  : Checking for BSP changes to sync application flags for project 'fp_usb'...
18:09:07 INFO  : The hardware specification used by project 'fp_usb' is out of sync with the platform. Resource files extracted from the hardware specification will be updated.
18:09:07 INFO  : The file 'C:\385_Vivado_Projects\Final_Project\ECE-385-Final-Project\final_project_vitis\fp_usb\_ide\bitstream\mb_usb_hdmi_top.bit' stored in project is removed.
18:09:07 INFO  : The file 'C:\385_Vivado_Projects\Final_Project\ECE-385-Final-Project\final_project_vitis\fp_usb\_ide\bitstream\mb_usb_hdmi_top.mmi' stored in project is removed.
18:09:07 INFO  : The updated bitstream files are copied from platform to folder 'C:\385_Vivado_Projects\Final_Project\ECE-385-Final-Project\final_project_vitis\fp_usb\_ide\bitstream' in project 'fp_usb'.
18:09:12 INFO  : Connected to target on host '127.0.0.1' and port '3121'.
18:09:12 INFO  : Jtag cable 'RealDigital Boo 887429230013A' is selected.
18:09:12 INFO  : 'jtag frequency' command is executed.
18:09:12 INFO  : 'targets -set -filter {jtag_cable_name =~ "RealDigital Boo 887429230013A" && level==0 && jtag_device_ctx=="jsn1-0362f093-0"}' command is executed.
18:09:14 INFO  : Device configured successfully with "C:/385_Vivado_Projects/Final_Project/ECE-385-Final-Project/final_project_vitis/fp_usb/_ide/bitstream/mb_usb_hdmi_top.bit"
18:09:14 INFO  : Context for processor 'microblaze_0' is selected.
18:09:14 INFO  : Hardware design and registers information is loaded from 'C:/385_Vivado_Projects/Final_Project/ECE-385-Final-Project/final_project_vitis/mb_usb_hdmi_top/export/mb_usb_hdmi_top/hw/mb_usb_hdmi_top.xsa'.
18:09:14 INFO  : 'configparams mdm-detect-bscan-mask 2' command is executed.
18:09:14 INFO  : Context for processor 'microblaze_0' is selected.
18:09:14 INFO  : System reset is completed.
18:09:17 INFO  : 'after 3000' command is executed.
18:09:17 INFO  : Context for processor 'microblaze_0' is selected.
18:09:17 INFO  : The application 'C:/385_Vivado_Projects/Final_Project/ECE-385-Final-Project/final_project_vitis/fp_usb/Debug/fp_usb.elf' is downloaded to processor 'microblaze_0'.
18:09:17 INFO  : ----------------XSDB Script----------------
connect -url tcp:127.0.0.1:3121
targets -set -filter {jtag_cable_name =~ "RealDigital Boo 887429230013A" && level==0 && jtag_device_ctx=="jsn1-0362f093-0"}
fpga -file C:/385_Vivado_Projects/Final_Project/ECE-385-Final-Project/final_project_vitis/fp_usb/_ide/bitstream/mb_usb_hdmi_top.bit
targets -set -nocase -filter {name =~ "*microblaze*#0" && bscan=="USER2" }
loadhw -hw C:/385_Vivado_Projects/Final_Project/ECE-385-Final-Project/final_project_vitis/mb_usb_hdmi_top/export/mb_usb_hdmi_top/hw/mb_usb_hdmi_top.xsa -regs
configparams mdm-detect-bscan-mask 2
targets -set -nocase -filter {name =~ "*microblaze*#0" && bscan=="USER2" }
rst -system
after 3000
targets -set -nocase -filter {name =~ "*microblaze*#0" && bscan=="USER2" }
dow C:/385_Vivado_Projects/Final_Project/ECE-385-Final-Project/final_project_vitis/fp_usb/Debug/fp_usb.elf
----------------End of Script----------------

18:09:17 INFO  : Context for processor 'microblaze_0' is selected.
18:09:17 INFO  : 'con' command is executed.
18:09:17 INFO  : ----------------XSDB Script (After Launch)----------------
targets -set -nocase -filter {name =~ "*microblaze*#0" && bscan=="USER2" }
con
----------------End of Script----------------

18:09:17 INFO  : Disconnected from the channel tcfchan#10.
18:15:18 INFO  : Hardware specification for platform project 'mb_usb_hdmi_top' is updated.
18:15:30 INFO  : Result from executing command 'getProjects': mb_usb_hdmi_top
18:15:30 INFO  : Result from executing command 'getPlatforms': mb_usb_hdmi_top|C:/385_Vivado_Projects/Final_Project/ECE-385-Final-Project/final_project_vitis/mb_usb_hdmi_top/export/mb_usb_hdmi_top/mb_usb_hdmi_top.xpfm
18:15:30 INFO  : Checking for BSP changes to sync application flags for project 'fp_usb'...
18:15:32 INFO  : The hardware specification used by project 'fp_usb' is out of sync with the platform. Resource files extracted from the hardware specification will be updated.
18:15:32 INFO  : The file 'C:\385_Vivado_Projects\Final_Project\ECE-385-Final-Project\final_project_vitis\fp_usb\_ide\bitstream\mb_usb_hdmi_top.bit' stored in project is removed.
18:15:32 INFO  : The file 'C:\385_Vivado_Projects\Final_Project\ECE-385-Final-Project\final_project_vitis\fp_usb\_ide\bitstream\mb_usb_hdmi_top.mmi' stored in project is removed.
18:15:32 INFO  : The updated bitstream files are copied from platform to folder 'C:\385_Vivado_Projects\Final_Project\ECE-385-Final-Project\final_project_vitis\fp_usb\_ide\bitstream' in project 'fp_usb'.
18:15:38 INFO  : Connected to target on host '127.0.0.1' and port '3121'.
18:15:38 INFO  : Jtag cable 'RealDigital Boo 887429230013A' is selected.
18:15:38 INFO  : 'jtag frequency' command is executed.
18:15:38 INFO  : 'targets -set -filter {jtag_cable_name =~ "RealDigital Boo 887429230013A" && level==0 && jtag_device_ctx=="jsn1-0362f093-0"}' command is executed.
18:15:39 INFO  : Device configured successfully with "C:/385_Vivado_Projects/Final_Project/ECE-385-Final-Project/final_project_vitis/fp_usb/_ide/bitstream/mb_usb_hdmi_top.bit"
18:15:39 INFO  : Context for processor 'microblaze_0' is selected.
18:15:39 INFO  : Hardware design and registers information is loaded from 'C:/385_Vivado_Projects/Final_Project/ECE-385-Final-Project/final_project_vitis/mb_usb_hdmi_top/export/mb_usb_hdmi_top/hw/mb_usb_hdmi_top.xsa'.
18:15:39 INFO  : 'configparams mdm-detect-bscan-mask 2' command is executed.
18:15:39 INFO  : Context for processor 'microblaze_0' is selected.
18:15:39 INFO  : System reset is completed.
18:15:42 INFO  : 'after 3000' command is executed.
18:15:42 INFO  : Context for processor 'microblaze_0' is selected.
18:15:42 INFO  : The application 'C:/385_Vivado_Projects/Final_Project/ECE-385-Final-Project/final_project_vitis/fp_usb/Debug/fp_usb.elf' is downloaded to processor 'microblaze_0'.
18:15:42 INFO  : ----------------XSDB Script----------------
connect -url tcp:127.0.0.1:3121
targets -set -filter {jtag_cable_name =~ "RealDigital Boo 887429230013A" && level==0 && jtag_device_ctx=="jsn1-0362f093-0"}
fpga -file C:/385_Vivado_Projects/Final_Project/ECE-385-Final-Project/final_project_vitis/fp_usb/_ide/bitstream/mb_usb_hdmi_top.bit
targets -set -nocase -filter {name =~ "*microblaze*#0" && bscan=="USER2" }
loadhw -hw C:/385_Vivado_Projects/Final_Project/ECE-385-Final-Project/final_project_vitis/mb_usb_hdmi_top/export/mb_usb_hdmi_top/hw/mb_usb_hdmi_top.xsa -regs
configparams mdm-detect-bscan-mask 2
targets -set -nocase -filter {name =~ "*microblaze*#0" && bscan=="USER2" }
rst -system
after 3000
targets -set -nocase -filter {name =~ "*microblaze*#0" && bscan=="USER2" }
dow C:/385_Vivado_Projects/Final_Project/ECE-385-Final-Project/final_project_vitis/fp_usb/Debug/fp_usb.elf
----------------End of Script----------------

18:15:42 INFO  : Context for processor 'microblaze_0' is selected.
18:15:42 INFO  : 'con' command is executed.
18:15:42 INFO  : ----------------XSDB Script (After Launch)----------------
targets -set -nocase -filter {name =~ "*microblaze*#0" && bscan=="USER2" }
con
----------------End of Script----------------

18:15:42 INFO  : Disconnected from the channel tcfchan#12.
18:25:07 INFO  : Hardware specification for platform project 'mb_usb_hdmi_top' is updated.
18:25:20 INFO  : Result from executing command 'getProjects': mb_usb_hdmi_top
18:25:20 INFO  : Result from executing command 'getPlatforms': mb_usb_hdmi_top|C:/385_Vivado_Projects/Final_Project/ECE-385-Final-Project/final_project_vitis/mb_usb_hdmi_top/export/mb_usb_hdmi_top/mb_usb_hdmi_top.xpfm
18:25:20 INFO  : Checking for BSP changes to sync application flags for project 'fp_usb'...
18:25:23 INFO  : The hardware specification used by project 'fp_usb' is out of sync with the platform. Resource files extracted from the hardware specification will be updated.
18:25:23 INFO  : The file 'C:\385_Vivado_Projects\Final_Project\ECE-385-Final-Project\final_project_vitis\fp_usb\_ide\bitstream\mb_usb_hdmi_top.bit' stored in project is removed.
18:25:23 INFO  : The file 'C:\385_Vivado_Projects\Final_Project\ECE-385-Final-Project\final_project_vitis\fp_usb\_ide\bitstream\mb_usb_hdmi_top.mmi' stored in project is removed.
18:25:23 INFO  : The updated bitstream files are copied from platform to folder 'C:\385_Vivado_Projects\Final_Project\ECE-385-Final-Project\final_project_vitis\fp_usb\_ide\bitstream' in project 'fp_usb'.
18:25:26 INFO  : Connected to target on host '127.0.0.1' and port '3121'.
18:25:27 INFO  : Jtag cable 'RealDigital Boo 887429230013A' is selected.
18:25:27 INFO  : 'jtag frequency' command is executed.
18:25:27 INFO  : 'targets -set -filter {jtag_cable_name =~ "RealDigital Boo 887429230013A" && level==0 && jtag_device_ctx=="jsn1-0362f093-0"}' command is executed.
18:25:28 INFO  : Device configured successfully with "C:/385_Vivado_Projects/Final_Project/ECE-385-Final-Project/final_project_vitis/fp_usb/_ide/bitstream/mb_usb_hdmi_top.bit"
18:25:28 INFO  : Context for processor 'microblaze_0' is selected.
18:25:28 INFO  : Hardware design and registers information is loaded from 'C:/385_Vivado_Projects/Final_Project/ECE-385-Final-Project/final_project_vitis/mb_usb_hdmi_top/export/mb_usb_hdmi_top/hw/mb_usb_hdmi_top.xsa'.
18:25:28 INFO  : 'configparams mdm-detect-bscan-mask 2' command is executed.
18:25:28 INFO  : Context for processor 'microblaze_0' is selected.
18:25:28 INFO  : System reset is completed.
18:25:31 INFO  : 'after 3000' command is executed.
18:25:31 INFO  : Context for processor 'microblaze_0' is selected.
18:25:31 INFO  : The application 'C:/385_Vivado_Projects/Final_Project/ECE-385-Final-Project/final_project_vitis/fp_usb/Debug/fp_usb.elf' is downloaded to processor 'microblaze_0'.
18:25:31 INFO  : ----------------XSDB Script----------------
connect -url tcp:127.0.0.1:3121
targets -set -filter {jtag_cable_name =~ "RealDigital Boo 887429230013A" && level==0 && jtag_device_ctx=="jsn1-0362f093-0"}
fpga -file C:/385_Vivado_Projects/Final_Project/ECE-385-Final-Project/final_project_vitis/fp_usb/_ide/bitstream/mb_usb_hdmi_top.bit
targets -set -nocase -filter {name =~ "*microblaze*#0" && bscan=="USER2" }
loadhw -hw C:/385_Vivado_Projects/Final_Project/ECE-385-Final-Project/final_project_vitis/mb_usb_hdmi_top/export/mb_usb_hdmi_top/hw/mb_usb_hdmi_top.xsa -regs
configparams mdm-detect-bscan-mask 2
targets -set -nocase -filter {name =~ "*microblaze*#0" && bscan=="USER2" }
rst -system
after 3000
targets -set -nocase -filter {name =~ "*microblaze*#0" && bscan=="USER2" }
dow C:/385_Vivado_Projects/Final_Project/ECE-385-Final-Project/final_project_vitis/fp_usb/Debug/fp_usb.elf
----------------End of Script----------------

18:25:31 INFO  : Context for processor 'microblaze_0' is selected.
18:25:31 INFO  : 'con' command is executed.
18:25:31 INFO  : ----------------XSDB Script (After Launch)----------------
targets -set -nocase -filter {name =~ "*microblaze*#0" && bscan=="USER2" }
con
----------------End of Script----------------

18:25:31 INFO  : Disconnected from the channel tcfchan#14.
18:31:40 INFO  : Hardware specification for platform project 'mb_usb_hdmi_top' is updated.
18:31:52 INFO  : Result from executing command 'getProjects': mb_usb_hdmi_top
18:31:52 INFO  : Result from executing command 'getPlatforms': mb_usb_hdmi_top|C:/385_Vivado_Projects/Final_Project/ECE-385-Final-Project/final_project_vitis/mb_usb_hdmi_top/export/mb_usb_hdmi_top/mb_usb_hdmi_top.xpfm
18:31:52 INFO  : Checking for BSP changes to sync application flags for project 'fp_usb'...
18:31:55 INFO  : The hardware specification used by project 'fp_usb' is out of sync with the platform. Resource files extracted from the hardware specification will be updated.
18:31:55 INFO  : The file 'C:\385_Vivado_Projects\Final_Project\ECE-385-Final-Project\final_project_vitis\fp_usb\_ide\bitstream\mb_usb_hdmi_top.bit' stored in project is removed.
18:31:55 INFO  : The file 'C:\385_Vivado_Projects\Final_Project\ECE-385-Final-Project\final_project_vitis\fp_usb\_ide\bitstream\mb_usb_hdmi_top.mmi' stored in project is removed.
18:31:55 INFO  : The updated bitstream files are copied from platform to folder 'C:\385_Vivado_Projects\Final_Project\ECE-385-Final-Project\final_project_vitis\fp_usb\_ide\bitstream' in project 'fp_usb'.
18:32:01 INFO  : Connected to target on host '127.0.0.1' and port '3121'.
18:32:01 INFO  : Jtag cable 'RealDigital Boo 887429230013A' is selected.
18:32:01 INFO  : 'jtag frequency' command is executed.
18:32:01 INFO  : 'targets -set -filter {jtag_cable_name =~ "RealDigital Boo 887429230013A" && level==0 && jtag_device_ctx=="jsn1-0362f093-0"}' command is executed.
18:32:02 INFO  : Device configured successfully with "C:/385_Vivado_Projects/Final_Project/ECE-385-Final-Project/final_project_vitis/fp_usb/_ide/bitstream/mb_usb_hdmi_top.bit"
18:32:02 INFO  : Context for processor 'microblaze_0' is selected.
18:32:02 INFO  : Hardware design and registers information is loaded from 'C:/385_Vivado_Projects/Final_Project/ECE-385-Final-Project/final_project_vitis/mb_usb_hdmi_top/export/mb_usb_hdmi_top/hw/mb_usb_hdmi_top.xsa'.
18:32:02 INFO  : 'configparams mdm-detect-bscan-mask 2' command is executed.
18:32:02 INFO  : Context for processor 'microblaze_0' is selected.
18:32:02 INFO  : System reset is completed.
18:32:05 INFO  : 'after 3000' command is executed.
18:32:05 INFO  : Context for processor 'microblaze_0' is selected.
18:32:06 INFO  : The application 'C:/385_Vivado_Projects/Final_Project/ECE-385-Final-Project/final_project_vitis/fp_usb/Debug/fp_usb.elf' is downloaded to processor 'microblaze_0'.
18:32:06 INFO  : ----------------XSDB Script----------------
connect -url tcp:127.0.0.1:3121
targets -set -filter {jtag_cable_name =~ "RealDigital Boo 887429230013A" && level==0 && jtag_device_ctx=="jsn1-0362f093-0"}
fpga -file C:/385_Vivado_Projects/Final_Project/ECE-385-Final-Project/final_project_vitis/fp_usb/_ide/bitstream/mb_usb_hdmi_top.bit
targets -set -nocase -filter {name =~ "*microblaze*#0" && bscan=="USER2" }
loadhw -hw C:/385_Vivado_Projects/Final_Project/ECE-385-Final-Project/final_project_vitis/mb_usb_hdmi_top/export/mb_usb_hdmi_top/hw/mb_usb_hdmi_top.xsa -regs
configparams mdm-detect-bscan-mask 2
targets -set -nocase -filter {name =~ "*microblaze*#0" && bscan=="USER2" }
rst -system
after 3000
targets -set -nocase -filter {name =~ "*microblaze*#0" && bscan=="USER2" }
dow C:/385_Vivado_Projects/Final_Project/ECE-385-Final-Project/final_project_vitis/fp_usb/Debug/fp_usb.elf
----------------End of Script----------------

18:32:06 INFO  : Context for processor 'microblaze_0' is selected.
18:32:06 INFO  : 'con' command is executed.
18:32:06 INFO  : ----------------XSDB Script (After Launch)----------------
targets -set -nocase -filter {name =~ "*microblaze*#0" && bscan=="USER2" }
con
----------------End of Script----------------

18:32:06 INFO  : Disconnected from the channel tcfchan#16.
19:26:17 INFO  : Hardware specification for platform project 'mb_usb_hdmi_top' is updated.
19:26:30 INFO  : Result from executing command 'getProjects': mb_usb_hdmi_top
19:26:30 INFO  : Result from executing command 'getPlatforms': mb_usb_hdmi_top|C:/385_Vivado_Projects/Final_Project/ECE-385-Final-Project/final_project_vitis/mb_usb_hdmi_top/export/mb_usb_hdmi_top/mb_usb_hdmi_top.xpfm
19:26:30 INFO  : Checking for BSP changes to sync application flags for project 'fp_usb'...
19:26:32 INFO  : The hardware specification used by project 'fp_usb' is out of sync with the platform. Resource files extracted from the hardware specification will be updated.
19:26:32 INFO  : The file 'C:\385_Vivado_Projects\Final_Project\ECE-385-Final-Project\final_project_vitis\fp_usb\_ide\bitstream\mb_usb_hdmi_top.bit' stored in project is removed.
19:26:32 INFO  : The file 'C:\385_Vivado_Projects\Final_Project\ECE-385-Final-Project\final_project_vitis\fp_usb\_ide\bitstream\mb_usb_hdmi_top.mmi' stored in project is removed.
19:26:32 INFO  : The updated bitstream files are copied from platform to folder 'C:\385_Vivado_Projects\Final_Project\ECE-385-Final-Project\final_project_vitis\fp_usb\_ide\bitstream' in project 'fp_usb'.
19:26:37 INFO  : Connected to target on host '127.0.0.1' and port '3121'.
19:26:37 INFO  : Jtag cable 'RealDigital Boo 887429230013A' is selected.
19:26:37 INFO  : 'jtag frequency' command is executed.
19:26:37 INFO  : 'targets -set -filter {jtag_cable_name =~ "RealDigital Boo 887429230013A" && level==0 && jtag_device_ctx=="jsn1-0362f093-0"}' command is executed.
19:26:38 INFO  : Device configured successfully with "C:/385_Vivado_Projects/Final_Project/ECE-385-Final-Project/final_project_vitis/fp_usb/_ide/bitstream/mb_usb_hdmi_top.bit"
19:26:38 INFO  : Context for processor 'microblaze_0' is selected.
19:26:38 INFO  : Hardware design and registers information is loaded from 'C:/385_Vivado_Projects/Final_Project/ECE-385-Final-Project/final_project_vitis/mb_usb_hdmi_top/export/mb_usb_hdmi_top/hw/mb_usb_hdmi_top.xsa'.
19:26:38 INFO  : 'configparams mdm-detect-bscan-mask 2' command is executed.
19:26:38 INFO  : Context for processor 'microblaze_0' is selected.
19:26:38 INFO  : System reset is completed.
19:26:41 INFO  : 'after 3000' command is executed.
19:26:41 INFO  : Context for processor 'microblaze_0' is selected.
19:26:41 INFO  : The application 'C:/385_Vivado_Projects/Final_Project/ECE-385-Final-Project/final_project_vitis/fp_usb/Debug/fp_usb.elf' is downloaded to processor 'microblaze_0'.
19:26:41 INFO  : ----------------XSDB Script----------------
connect -url tcp:127.0.0.1:3121
targets -set -filter {jtag_cable_name =~ "RealDigital Boo 887429230013A" && level==0 && jtag_device_ctx=="jsn1-0362f093-0"}
fpga -file C:/385_Vivado_Projects/Final_Project/ECE-385-Final-Project/final_project_vitis/fp_usb/_ide/bitstream/mb_usb_hdmi_top.bit
targets -set -nocase -filter {name =~ "*microblaze*#0" && bscan=="USER2" }
loadhw -hw C:/385_Vivado_Projects/Final_Project/ECE-385-Final-Project/final_project_vitis/mb_usb_hdmi_top/export/mb_usb_hdmi_top/hw/mb_usb_hdmi_top.xsa -regs
configparams mdm-detect-bscan-mask 2
targets -set -nocase -filter {name =~ "*microblaze*#0" && bscan=="USER2" }
rst -system
after 3000
targets -set -nocase -filter {name =~ "*microblaze*#0" && bscan=="USER2" }
dow C:/385_Vivado_Projects/Final_Project/ECE-385-Final-Project/final_project_vitis/fp_usb/Debug/fp_usb.elf
----------------End of Script----------------

19:26:41 INFO  : Context for processor 'microblaze_0' is selected.
19:26:41 INFO  : 'con' command is executed.
19:26:41 INFO  : ----------------XSDB Script (After Launch)----------------
targets -set -nocase -filter {name =~ "*microblaze*#0" && bscan=="USER2" }
con
----------------End of Script----------------

19:26:41 INFO  : Disconnected from the channel tcfchan#18.
19:38:56 INFO  : Hardware specification for platform project 'mb_usb_hdmi_top' is updated.
19:39:08 INFO  : Result from executing command 'getProjects': mb_usb_hdmi_top
19:39:08 INFO  : Result from executing command 'getPlatforms': mb_usb_hdmi_top|C:/385_Vivado_Projects/Final_Project/ECE-385-Final-Project/final_project_vitis/mb_usb_hdmi_top/export/mb_usb_hdmi_top/mb_usb_hdmi_top.xpfm
19:39:08 INFO  : Checking for BSP changes to sync application flags for project 'fp_usb'...
19:39:10 INFO  : The hardware specification used by project 'fp_usb' is out of sync with the platform. Resource files extracted from the hardware specification will be updated.
19:39:10 INFO  : The file 'C:\385_Vivado_Projects\Final_Project\ECE-385-Final-Project\final_project_vitis\fp_usb\_ide\bitstream\mb_usb_hdmi_top.bit' stored in project is removed.
19:39:10 INFO  : The file 'C:\385_Vivado_Projects\Final_Project\ECE-385-Final-Project\final_project_vitis\fp_usb\_ide\bitstream\mb_usb_hdmi_top.mmi' stored in project is removed.
19:39:10 INFO  : The updated bitstream files are copied from platform to folder 'C:\385_Vivado_Projects\Final_Project\ECE-385-Final-Project\final_project_vitis\fp_usb\_ide\bitstream' in project 'fp_usb'.
19:39:16 INFO  : Connected to target on host '127.0.0.1' and port '3121'.
19:39:16 INFO  : Jtag cable 'RealDigital Boo 887429230013A' is selected.
19:39:16 INFO  : 'jtag frequency' command is executed.
19:39:16 INFO  : 'targets -set -filter {jtag_cable_name =~ "RealDigital Boo 887429230013A" && level==0 && jtag_device_ctx=="jsn1-0362f093-0"}' command is executed.
19:39:18 INFO  : Device configured successfully with "C:/385_Vivado_Projects/Final_Project/ECE-385-Final-Project/final_project_vitis/fp_usb/_ide/bitstream/mb_usb_hdmi_top.bit"
19:39:18 INFO  : Context for processor 'microblaze_0' is selected.
19:39:18 INFO  : Hardware design and registers information is loaded from 'C:/385_Vivado_Projects/Final_Project/ECE-385-Final-Project/final_project_vitis/mb_usb_hdmi_top/export/mb_usb_hdmi_top/hw/mb_usb_hdmi_top.xsa'.
19:39:18 INFO  : 'configparams mdm-detect-bscan-mask 2' command is executed.
19:39:18 INFO  : Context for processor 'microblaze_0' is selected.
19:39:18 INFO  : System reset is completed.
19:39:21 INFO  : 'after 3000' command is executed.
19:39:21 INFO  : Context for processor 'microblaze_0' is selected.
19:39:21 INFO  : The application 'C:/385_Vivado_Projects/Final_Project/ECE-385-Final-Project/final_project_vitis/fp_usb/Debug/fp_usb.elf' is downloaded to processor 'microblaze_0'.
19:39:21 INFO  : ----------------XSDB Script----------------
connect -url tcp:127.0.0.1:3121
targets -set -filter {jtag_cable_name =~ "RealDigital Boo 887429230013A" && level==0 && jtag_device_ctx=="jsn1-0362f093-0"}
fpga -file C:/385_Vivado_Projects/Final_Project/ECE-385-Final-Project/final_project_vitis/fp_usb/_ide/bitstream/mb_usb_hdmi_top.bit
targets -set -nocase -filter {name =~ "*microblaze*#0" && bscan=="USER2" }
loadhw -hw C:/385_Vivado_Projects/Final_Project/ECE-385-Final-Project/final_project_vitis/mb_usb_hdmi_top/export/mb_usb_hdmi_top/hw/mb_usb_hdmi_top.xsa -regs
configparams mdm-detect-bscan-mask 2
targets -set -nocase -filter {name =~ "*microblaze*#0" && bscan=="USER2" }
rst -system
after 3000
targets -set -nocase -filter {name =~ "*microblaze*#0" && bscan=="USER2" }
dow C:/385_Vivado_Projects/Final_Project/ECE-385-Final-Project/final_project_vitis/fp_usb/Debug/fp_usb.elf
----------------End of Script----------------

19:39:21 INFO  : Context for processor 'microblaze_0' is selected.
19:39:21 INFO  : 'con' command is executed.
19:39:21 INFO  : ----------------XSDB Script (After Launch)----------------
targets -set -nocase -filter {name =~ "*microblaze*#0" && bscan=="USER2" }
con
----------------End of Script----------------

19:39:21 INFO  : Disconnected from the channel tcfchan#20.
19:53:42 INFO  : Hardware specification for platform project 'mb_usb_hdmi_top' is updated.
19:53:56 INFO  : Result from executing command 'getProjects': mb_usb_hdmi_top
19:53:56 INFO  : Result from executing command 'getPlatforms': mb_usb_hdmi_top|C:/385_Vivado_Projects/Final_Project/ECE-385-Final-Project/final_project_vitis/mb_usb_hdmi_top/export/mb_usb_hdmi_top/mb_usb_hdmi_top.xpfm
19:53:56 INFO  : Checking for BSP changes to sync application flags for project 'fp_usb'...
19:53:58 INFO  : The hardware specification used by project 'fp_usb' is out of sync with the platform. Resource files extracted from the hardware specification will be updated.
19:53:58 INFO  : The file 'C:\385_Vivado_Projects\Final_Project\ECE-385-Final-Project\final_project_vitis\fp_usb\_ide\bitstream\mb_usb_hdmi_top.bit' stored in project is removed.
19:53:58 INFO  : The file 'C:\385_Vivado_Projects\Final_Project\ECE-385-Final-Project\final_project_vitis\fp_usb\_ide\bitstream\mb_usb_hdmi_top.mmi' stored in project is removed.
19:53:58 INFO  : The updated bitstream files are copied from platform to folder 'C:\385_Vivado_Projects\Final_Project\ECE-385-Final-Project\final_project_vitis\fp_usb\_ide\bitstream' in project 'fp_usb'.
19:54:03 INFO  : Connected to target on host '127.0.0.1' and port '3121'.
19:54:03 INFO  : Jtag cable 'RealDigital Boo 887429230013A' is selected.
19:54:03 INFO  : 'jtag frequency' command is executed.
19:54:03 INFO  : 'targets -set -filter {jtag_cable_name =~ "RealDigital Boo 887429230013A" && level==0 && jtag_device_ctx=="jsn1-0362f093-0"}' command is executed.
19:54:04 INFO  : Device configured successfully with "C:/385_Vivado_Projects/Final_Project/ECE-385-Final-Project/final_project_vitis/fp_usb/_ide/bitstream/mb_usb_hdmi_top.bit"
19:54:04 INFO  : Context for processor 'microblaze_0' is selected.
19:54:04 INFO  : Hardware design and registers information is loaded from 'C:/385_Vivado_Projects/Final_Project/ECE-385-Final-Project/final_project_vitis/mb_usb_hdmi_top/export/mb_usb_hdmi_top/hw/mb_usb_hdmi_top.xsa'.
19:54:04 INFO  : 'configparams mdm-detect-bscan-mask 2' command is executed.
19:54:04 INFO  : Context for processor 'microblaze_0' is selected.
19:54:04 INFO  : System reset is completed.
19:54:07 INFO  : 'after 3000' command is executed.
19:54:07 INFO  : Context for processor 'microblaze_0' is selected.
19:54:08 INFO  : The application 'C:/385_Vivado_Projects/Final_Project/ECE-385-Final-Project/final_project_vitis/fp_usb/Debug/fp_usb.elf' is downloaded to processor 'microblaze_0'.
19:54:08 INFO  : ----------------XSDB Script----------------
connect -url tcp:127.0.0.1:3121
targets -set -filter {jtag_cable_name =~ "RealDigital Boo 887429230013A" && level==0 && jtag_device_ctx=="jsn1-0362f093-0"}
fpga -file C:/385_Vivado_Projects/Final_Project/ECE-385-Final-Project/final_project_vitis/fp_usb/_ide/bitstream/mb_usb_hdmi_top.bit
targets -set -nocase -filter {name =~ "*microblaze*#0" && bscan=="USER2" }
loadhw -hw C:/385_Vivado_Projects/Final_Project/ECE-385-Final-Project/final_project_vitis/mb_usb_hdmi_top/export/mb_usb_hdmi_top/hw/mb_usb_hdmi_top.xsa -regs
configparams mdm-detect-bscan-mask 2
targets -set -nocase -filter {name =~ "*microblaze*#0" && bscan=="USER2" }
rst -system
after 3000
targets -set -nocase -filter {name =~ "*microblaze*#0" && bscan=="USER2" }
dow C:/385_Vivado_Projects/Final_Project/ECE-385-Final-Project/final_project_vitis/fp_usb/Debug/fp_usb.elf
----------------End of Script----------------

19:54:08 INFO  : Context for processor 'microblaze_0' is selected.
19:54:08 INFO  : 'con' command is executed.
19:54:08 INFO  : ----------------XSDB Script (After Launch)----------------
targets -set -nocase -filter {name =~ "*microblaze*#0" && bscan=="USER2" }
con
----------------End of Script----------------

19:54:08 INFO  : Disconnected from the channel tcfchan#22.
17:18:06 DEBUG : Logs will be stored at 'C:/385_Vivado_Projects/Final_Project/ECE-385-Final-Project/final_project_vitis/IDE.log'.
17:18:06 INFO  : Launching XSCT server: xsct.bat -n  -interactive C:\385_Vivado_Projects\Final_Project\ECE-385-Final-Project\final_project_vitis\temp_xsdb_launch_script.tcl
17:18:13 INFO  : Platform repository initialization has completed.
17:18:13 INFO  : XSCT server has started successfully.
17:18:13 INFO  : plnx-install-location is set to ''
17:18:13 INFO  : Registering command handlers for Vitis TCF services
17:18:18 INFO  : Successfully done setting XSCT server connection channel  
17:18:18 INFO  : Successfully done query RDI_DATADIR 
17:18:18 INFO  : Successfully done setting workspace for the tool. 
17:19:43 INFO  : Hardware specification for platform project 'mb_usb_hdmi_top' is updated.
17:19:59 INFO  : Result from executing command 'getProjects': mb_usb_hdmi_top
17:19:59 INFO  : Result from executing command 'getPlatforms': mb_usb_hdmi_top|C:/385_Vivado_Projects/Final_Project/ECE-385-Final-Project/final_project_vitis/mb_usb_hdmi_top/export/mb_usb_hdmi_top/mb_usb_hdmi_top.xpfm
17:19:59 INFO  : Checking for BSP changes to sync application flags for project 'fp_usb'...
17:20:03 INFO  : The hardware specification used by project 'fp_usb' is out of sync with the platform. Resource files extracted from the hardware specification will be updated.
17:20:03 INFO  : The file 'C:\385_Vivado_Projects\Final_Project\ECE-385-Final-Project\final_project_vitis\fp_usb\_ide\bitstream\mb_usb_hdmi_top.bit' stored in project is removed.
17:20:03 INFO  : The file 'C:\385_Vivado_Projects\Final_Project\ECE-385-Final-Project\final_project_vitis\fp_usb\_ide\bitstream\mb_usb_hdmi_top.mmi' stored in project is removed.
17:20:03 INFO  : The updated bitstream files are copied from platform to folder 'C:\385_Vivado_Projects\Final_Project\ECE-385-Final-Project\final_project_vitis\fp_usb\_ide\bitstream' in project 'fp_usb'.
17:20:10 INFO  : Connected to target on host '127.0.0.1' and port '3121'.
17:20:12 INFO  : Jtag cable 'RealDigital Boo 8874292301F6A' is selected.
17:20:12 INFO  : 'jtag frequency' command is executed.
17:20:12 INFO  : 'targets -set -filter {jtag_cable_name =~ "RealDigital Boo 8874292301F6A" && level==0 && jtag_device_ctx=="jsn1-0362f093-0"}' command is executed.
17:20:13 INFO  : Device configured successfully with "C:/385_Vivado_Projects/Final_Project/ECE-385-Final-Project/final_project_vitis/fp_usb/_ide/bitstream/mb_usb_hdmi_top.bit"
17:20:14 INFO  : Context for processor 'microblaze_0' is selected.
17:20:14 INFO  : Hardware design and registers information is loaded from 'C:/385_Vivado_Projects/Final_Project/ECE-385-Final-Project/final_project_vitis/mb_usb_hdmi_top/export/mb_usb_hdmi_top/hw/mb_usb_hdmi_top.xsa'.
17:20:14 INFO  : 'configparams mdm-detect-bscan-mask 2' command is executed.
17:20:14 INFO  : Context for processor 'microblaze_0' is selected.
17:20:14 INFO  : System reset is completed.
17:20:17 INFO  : 'after 3000' command is executed.
17:20:17 INFO  : Context for processor 'microblaze_0' is selected.
17:20:17 INFO  : The application 'C:/385_Vivado_Projects/Final_Project/ECE-385-Final-Project/final_project_vitis/fp_usb/Debug/fp_usb.elf' is downloaded to processor 'microblaze_0'.
17:20:17 INFO  : ----------------XSDB Script----------------
connect -url tcp:127.0.0.1:3121
targets -set -filter {jtag_cable_name =~ "RealDigital Boo 8874292301F6A" && level==0 && jtag_device_ctx=="jsn1-0362f093-0"}
fpga -file C:/385_Vivado_Projects/Final_Project/ECE-385-Final-Project/final_project_vitis/fp_usb/_ide/bitstream/mb_usb_hdmi_top.bit
targets -set -nocase -filter {name =~ "*microblaze*#0" && bscan=="USER2" }
loadhw -hw C:/385_Vivado_Projects/Final_Project/ECE-385-Final-Project/final_project_vitis/mb_usb_hdmi_top/export/mb_usb_hdmi_top/hw/mb_usb_hdmi_top.xsa -regs
configparams mdm-detect-bscan-mask 2
targets -set -nocase -filter {name =~ "*microblaze*#0" && bscan=="USER2" }
rst -system
after 3000
targets -set -nocase -filter {name =~ "*microblaze*#0" && bscan=="USER2" }
dow C:/385_Vivado_Projects/Final_Project/ECE-385-Final-Project/final_project_vitis/fp_usb/Debug/fp_usb.elf
----------------End of Script----------------

17:20:17 INFO  : Context for processor 'microblaze_0' is selected.
17:20:17 INFO  : 'con' command is executed.
17:20:17 INFO  : ----------------XSDB Script (After Launch)----------------
targets -set -nocase -filter {name =~ "*microblaze*#0" && bscan=="USER2" }
con
----------------End of Script----------------

17:20:17 INFO  : Disconnected from the channel tcfchan#2.
17:21:03 INFO  : Connected to target on host '127.0.0.1' and port '3121'.
17:21:04 INFO  : Jtag cable 'RealDigital Boo 8874292301F6A' is selected.
17:21:04 INFO  : 'jtag frequency' command is executed.
17:21:04 INFO  : 'targets -set -filter {jtag_cable_name =~ "RealDigital Boo 8874292301F6A" && level==0 && jtag_device_ctx=="jsn1-0362f093-0"}' command is executed.
17:21:05 INFO  : Device configured successfully with "C:/385_Vivado_Projects/Final_Project/ECE-385-Final-Project/final_project_vitis/fp_usb/_ide/bitstream/mb_usb_hdmi_top.bit"
17:21:05 INFO  : Context for processor 'microblaze_0' is selected.
17:21:05 INFO  : Hardware design and registers information is loaded from 'C:/385_Vivado_Projects/Final_Project/ECE-385-Final-Project/final_project_vitis/mb_usb_hdmi_top/export/mb_usb_hdmi_top/hw/mb_usb_hdmi_top.xsa'.
17:21:05 INFO  : 'configparams mdm-detect-bscan-mask 2' command is executed.
17:21:05 INFO  : Context for processor 'microblaze_0' is selected.
17:21:05 INFO  : System reset is completed.
17:21:08 INFO  : 'after 3000' command is executed.
17:21:09 INFO  : Context for processor 'microblaze_0' is selected.
17:21:09 INFO  : The application 'C:/385_Vivado_Projects/Final_Project/ECE-385-Final-Project/final_project_vitis/fp_usb/Debug/fp_usb.elf' is downloaded to processor 'microblaze_0'.
17:21:09 INFO  : ----------------XSDB Script----------------
connect -url tcp:127.0.0.1:3121
targets -set -filter {jtag_cable_name =~ "RealDigital Boo 8874292301F6A" && level==0 && jtag_device_ctx=="jsn1-0362f093-0"}
fpga -file C:/385_Vivado_Projects/Final_Project/ECE-385-Final-Project/final_project_vitis/fp_usb/_ide/bitstream/mb_usb_hdmi_top.bit
targets -set -nocase -filter {name =~ "*microblaze*#0" && bscan=="USER2" }
loadhw -hw C:/385_Vivado_Projects/Final_Project/ECE-385-Final-Project/final_project_vitis/mb_usb_hdmi_top/export/mb_usb_hdmi_top/hw/mb_usb_hdmi_top.xsa -regs
configparams mdm-detect-bscan-mask 2
targets -set -nocase -filter {name =~ "*microblaze*#0" && bscan=="USER2" }
rst -system
after 3000
targets -set -nocase -filter {name =~ "*microblaze*#0" && bscan=="USER2" }
dow C:/385_Vivado_Projects/Final_Project/ECE-385-Final-Project/final_project_vitis/fp_usb/Debug/fp_usb.elf
----------------End of Script----------------

17:21:09 INFO  : Context for processor 'microblaze_0' is selected.
17:21:09 INFO  : 'con' command is executed.
17:21:09 INFO  : ----------------XSDB Script (After Launch)----------------
targets -set -nocase -filter {name =~ "*microblaze*#0" && bscan=="USER2" }
con
----------------End of Script----------------

17:21:09 INFO  : Disconnected from the channel tcfchan#3.
18:04:45 DEBUG : Logs will be stored at 'C:/385_Vivado_Projects/Final_Project/ECE-385-Final-Project/final_project_vitis/IDE.log'.
18:04:46 INFO  : Launching XSCT server: xsct.bat -n  -interactive C:\385_Vivado_Projects\Final_Project\ECE-385-Final-Project\final_project_vitis\temp_xsdb_launch_script.tcl
18:04:50 INFO  : XSCT server has started successfully.
18:04:50 INFO  : plnx-install-location is set to ''
18:04:50 INFO  : Successfully done setting XSCT server connection channel  
18:04:50 INFO  : Successfully done setting workspace for the tool. 
18:04:51 INFO  : Platform repository initialization has completed.
18:04:52 INFO  : Successfully done query RDI_DATADIR 
18:04:52 INFO  : Registering command handlers for Vitis TCF services
18:14:05 INFO  : Hardware specification for platform project 'mb_usb_hdmi_top' is updated.
18:14:18 INFO  : Result from executing command 'getProjects': mb_usb_hdmi_top
18:14:18 INFO  : Result from executing command 'getPlatforms': mb_usb_hdmi_top|C:/385_Vivado_Projects/Final_Project/ECE-385-Final-Project/final_project_vitis/mb_usb_hdmi_top/export/mb_usb_hdmi_top/mb_usb_hdmi_top.xpfm
18:14:18 INFO  : Checking for BSP changes to sync application flags for project 'fp_usb'...
18:14:21 INFO  : The hardware specification used by project 'fp_usb' is out of sync with the platform. Resource files extracted from the hardware specification will be updated.
18:14:21 INFO  : The file 'C:\385_Vivado_Projects\Final_Project\ECE-385-Final-Project\final_project_vitis\fp_usb\_ide\bitstream\mb_usb_hdmi_top.bit' stored in project is removed.
18:14:21 INFO  : The file 'C:\385_Vivado_Projects\Final_Project\ECE-385-Final-Project\final_project_vitis\fp_usb\_ide\bitstream\mb_usb_hdmi_top.mmi' stored in project is removed.
18:14:21 INFO  : The updated bitstream files are copied from platform to folder 'C:\385_Vivado_Projects\Final_Project\ECE-385-Final-Project\final_project_vitis\fp_usb\_ide\bitstream' in project 'fp_usb'.
18:14:33 INFO  : Connected to target on host '127.0.0.1' and port '3121'.
18:14:33 INFO  : Jtag cable 'RealDigital Boo 8874292301F6A' is selected.
18:14:33 INFO  : 'jtag frequency' command is executed.
18:14:34 INFO  : 'targets -set -filter {jtag_cable_name =~ "RealDigital Boo 8874292301F6A" && level==0 && jtag_device_ctx=="jsn1-0362f093-0"}' command is executed.
18:14:35 INFO  : Device configured successfully with "C:/385_Vivado_Projects/Final_Project/ECE-385-Final-Project/final_project_vitis/fp_usb/_ide/bitstream/mb_usb_hdmi_top.bit"
18:14:35 INFO  : Context for processor 'microblaze_0' is selected.
18:14:35 INFO  : Hardware design and registers information is loaded from 'C:/385_Vivado_Projects/Final_Project/ECE-385-Final-Project/final_project_vitis/mb_usb_hdmi_top/export/mb_usb_hdmi_top/hw/mb_usb_hdmi_top.xsa'.
18:14:35 INFO  : 'configparams mdm-detect-bscan-mask 2' command is executed.
18:14:35 INFO  : Context for processor 'microblaze_0' is selected.
18:14:35 INFO  : System reset is completed.
18:14:38 INFO  : 'after 3000' command is executed.
18:14:38 INFO  : Context for processor 'microblaze_0' is selected.
18:14:38 INFO  : The application 'C:/385_Vivado_Projects/Final_Project/ECE-385-Final-Project/final_project_vitis/fp_usb/Debug/fp_usb.elf' is downloaded to processor 'microblaze_0'.
18:14:38 INFO  : ----------------XSDB Script----------------
connect -url tcp:127.0.0.1:3121
targets -set -filter {jtag_cable_name =~ "RealDigital Boo 8874292301F6A" && level==0 && jtag_device_ctx=="jsn1-0362f093-0"}
fpga -file C:/385_Vivado_Projects/Final_Project/ECE-385-Final-Project/final_project_vitis/fp_usb/_ide/bitstream/mb_usb_hdmi_top.bit
targets -set -nocase -filter {name =~ "*microblaze*#0" && bscan=="USER2" }
loadhw -hw C:/385_Vivado_Projects/Final_Project/ECE-385-Final-Project/final_project_vitis/mb_usb_hdmi_top/export/mb_usb_hdmi_top/hw/mb_usb_hdmi_top.xsa -regs
configparams mdm-detect-bscan-mask 2
targets -set -nocase -filter {name =~ "*microblaze*#0" && bscan=="USER2" }
rst -system
after 3000
targets -set -nocase -filter {name =~ "*microblaze*#0" && bscan=="USER2" }
dow C:/385_Vivado_Projects/Final_Project/ECE-385-Final-Project/final_project_vitis/fp_usb/Debug/fp_usb.elf
----------------End of Script----------------

18:14:38 INFO  : Context for processor 'microblaze_0' is selected.
18:14:38 INFO  : 'con' command is executed.
18:14:38 INFO  : ----------------XSDB Script (After Launch)----------------
targets -set -nocase -filter {name =~ "*microblaze*#0" && bscan=="USER2" }
con
----------------End of Script----------------

18:14:38 INFO  : Disconnected from the channel tcfchan#2.
19:53:28 INFO  : Hardware specification for platform project 'mb_usb_hdmi_top' is updated.
19:53:42 INFO  : Result from executing command 'getProjects': mb_usb_hdmi_top
19:53:42 INFO  : Result from executing command 'getPlatforms': mb_usb_hdmi_top|C:/385_Vivado_Projects/Final_Project/ECE-385-Final-Project/final_project_vitis/mb_usb_hdmi_top/export/mb_usb_hdmi_top/mb_usb_hdmi_top.xpfm
19:53:42 INFO  : Checking for BSP changes to sync application flags for project 'fp_usb'...
19:53:44 INFO  : The hardware specification used by project 'fp_usb' is out of sync with the platform. Resource files extracted from the hardware specification will be updated.
19:53:44 INFO  : The file 'C:\385_Vivado_Projects\Final_Project\ECE-385-Final-Project\final_project_vitis\fp_usb\_ide\bitstream\mb_usb_hdmi_top.bit' stored in project is removed.
19:53:44 INFO  : The file 'C:\385_Vivado_Projects\Final_Project\ECE-385-Final-Project\final_project_vitis\fp_usb\_ide\bitstream\mb_usb_hdmi_top.mmi' stored in project is removed.
19:53:44 INFO  : The updated bitstream files are copied from platform to folder 'C:\385_Vivado_Projects\Final_Project\ECE-385-Final-Project\final_project_vitis\fp_usb\_ide\bitstream' in project 'fp_usb'.
19:53:49 INFO  : Checking for BSP changes to sync application flags for project 'fp_usb'...
19:54:09 INFO  : Connected to target on host '127.0.0.1' and port '3121'.
19:54:09 INFO  : Jtag cable 'RealDigital Boo 8874292301F6A' is selected.
19:54:09 INFO  : 'jtag frequency' command is executed.
19:54:09 INFO  : 'targets -set -filter {jtag_cable_name =~ "RealDigital Boo 8874292301F6A" && level==0 && jtag_device_ctx=="jsn1-0362f093-0"}' command is executed.
19:54:10 INFO  : Device configured successfully with "C:/385_Vivado_Projects/Final_Project/ECE-385-Final-Project/final_project_vitis/fp_usb/_ide/bitstream/mb_usb_hdmi_top.bit"
19:54:10 INFO  : Context for processor 'microblaze_0' is selected.
19:54:10 INFO  : Hardware design and registers information is loaded from 'C:/385_Vivado_Projects/Final_Project/ECE-385-Final-Project/final_project_vitis/mb_usb_hdmi_top/export/mb_usb_hdmi_top/hw/mb_usb_hdmi_top.xsa'.
19:54:10 INFO  : 'configparams mdm-detect-bscan-mask 2' command is executed.
19:54:10 INFO  : Context for processor 'microblaze_0' is selected.
19:54:10 INFO  : System reset is completed.
19:54:13 INFO  : 'after 3000' command is executed.
19:54:13 INFO  : Context for processor 'microblaze_0' is selected.
19:54:13 INFO  : The application 'C:/385_Vivado_Projects/Final_Project/ECE-385-Final-Project/final_project_vitis/fp_usb/Debug/fp_usb.elf' is downloaded to processor 'microblaze_0'.
19:54:13 INFO  : ----------------XSDB Script----------------
connect -url tcp:127.0.0.1:3121
targets -set -filter {jtag_cable_name =~ "RealDigital Boo 8874292301F6A" && level==0 && jtag_device_ctx=="jsn1-0362f093-0"}
fpga -file C:/385_Vivado_Projects/Final_Project/ECE-385-Final-Project/final_project_vitis/fp_usb/_ide/bitstream/mb_usb_hdmi_top.bit
targets -set -nocase -filter {name =~ "*microblaze*#0" && bscan=="USER2" }
loadhw -hw C:/385_Vivado_Projects/Final_Project/ECE-385-Final-Project/final_project_vitis/mb_usb_hdmi_top/export/mb_usb_hdmi_top/hw/mb_usb_hdmi_top.xsa -regs
configparams mdm-detect-bscan-mask 2
targets -set -nocase -filter {name =~ "*microblaze*#0" && bscan=="USER2" }
rst -system
after 3000
targets -set -nocase -filter {name =~ "*microblaze*#0" && bscan=="USER2" }
dow C:/385_Vivado_Projects/Final_Project/ECE-385-Final-Project/final_project_vitis/fp_usb/Debug/fp_usb.elf
----------------End of Script----------------

19:54:13 INFO  : Context for processor 'microblaze_0' is selected.
19:54:13 INFO  : 'con' command is executed.
19:54:13 INFO  : ----------------XSDB Script (After Launch)----------------
targets -set -nocase -filter {name =~ "*microblaze*#0" && bscan=="USER2" }
con
----------------End of Script----------------

19:54:13 INFO  : Disconnected from the channel tcfchan#4.
10:49:10 DEBUG : Logs will be stored at 'C:/385_Vivado_Projects/Final_Project/ECE-385-Final-Project/final_project_vitis/IDE.log'.
10:49:10 INFO  : Launching XSCT server: xsct.bat -n  -interactive C:\385_Vivado_Projects\Final_Project\ECE-385-Final-Project\final_project_vitis\temp_xsdb_launch_script.tcl
10:49:13 INFO  : XSCT server has started successfully.
10:49:13 INFO  : Successfully done setting XSCT server connection channel  
10:49:13 INFO  : plnx-install-location is set to ''
10:49:13 INFO  : Successfully done setting workspace for the tool. 
10:49:14 INFO  : Platform repository initialization has completed.
10:49:14 INFO  : Registering command handlers for Vitis TCF services
10:49:17 INFO  : Successfully done query RDI_DATADIR 
11:03:13 INFO  : Checking for BSP changes to sync application flags for project 'fp_usb'...
11:04:01 INFO  : Connected to target on host '127.0.0.1' and port '3121'.
11:04:02 INFO  : Jtag cable 'RealDigital Boo 8874292301F6A' is selected.
11:04:02 INFO  : 'jtag frequency' command is executed.
11:04:02 INFO  : 'targets -set -filter {jtag_cable_name =~ "RealDigital Boo 8874292301F6A" && level==0 && jtag_device_ctx=="jsn1-0362f093-0"}' command is executed.
11:04:03 INFO  : Device configured successfully with "C:/385_Vivado_Projects/Final_Project/ECE-385-Final-Project/final_project_vitis/fp_usb/_ide/bitstream/mb_usb_hdmi_top.bit"
11:04:04 INFO  : Context for processor 'microblaze_0' is selected.
11:04:04 INFO  : Hardware design and registers information is loaded from 'C:/385_Vivado_Projects/Final_Project/ECE-385-Final-Project/final_project_vitis/mb_usb_hdmi_top/export/mb_usb_hdmi_top/hw/mb_usb_hdmi_top.xsa'.
11:04:04 INFO  : 'configparams mdm-detect-bscan-mask 2' command is executed.
11:04:04 INFO  : Context for processor 'microblaze_0' is selected.
11:04:04 INFO  : System reset is completed.
11:04:07 INFO  : 'after 3000' command is executed.
11:04:07 INFO  : Context for processor 'microblaze_0' is selected.
11:04:07 INFO  : The application 'C:/385_Vivado_Projects/Final_Project/ECE-385-Final-Project/final_project_vitis/fp_usb/Debug/fp_usb.elf' is downloaded to processor 'microblaze_0'.
11:04:07 INFO  : ----------------XSDB Script----------------
connect -url tcp:127.0.0.1:3121
targets -set -filter {jtag_cable_name =~ "RealDigital Boo 8874292301F6A" && level==0 && jtag_device_ctx=="jsn1-0362f093-0"}
fpga -file C:/385_Vivado_Projects/Final_Project/ECE-385-Final-Project/final_project_vitis/fp_usb/_ide/bitstream/mb_usb_hdmi_top.bit
targets -set -nocase -filter {name =~ "*microblaze*#0" && bscan=="USER2" }
loadhw -hw C:/385_Vivado_Projects/Final_Project/ECE-385-Final-Project/final_project_vitis/mb_usb_hdmi_top/export/mb_usb_hdmi_top/hw/mb_usb_hdmi_top.xsa -regs
configparams mdm-detect-bscan-mask 2
targets -set -nocase -filter {name =~ "*microblaze*#0" && bscan=="USER2" }
rst -system
after 3000
targets -set -nocase -filter {name =~ "*microblaze*#0" && bscan=="USER2" }
dow C:/385_Vivado_Projects/Final_Project/ECE-385-Final-Project/final_project_vitis/fp_usb/Debug/fp_usb.elf
----------------End of Script----------------

11:04:07 INFO  : Context for processor 'microblaze_0' is selected.
11:04:07 INFO  : 'con' command is executed.
11:04:07 INFO  : ----------------XSDB Script (After Launch)----------------
targets -set -nocase -filter {name =~ "*microblaze*#0" && bscan=="USER2" }
con
----------------End of Script----------------

11:04:07 INFO  : Disconnected from the channel tcfchan#1.
11:05:20 INFO  : Connected to target on host '127.0.0.1' and port '3121'.
11:05:21 INFO  : Jtag cable 'RealDigital Boo 8874292301F6A' is selected.
11:05:21 INFO  : 'jtag frequency' command is executed.
11:05:21 INFO  : 'targets -set -filter {jtag_cable_name =~ "RealDigital Boo 8874292301F6A" && level==0 && jtag_device_ctx=="jsn1-0362f093-0"}' command is executed.
11:05:22 INFO  : Device configured successfully with "C:/385_Vivado_Projects/Final_Project/ECE-385-Final-Project/final_project_vitis/fp_usb/_ide/bitstream/mb_usb_hdmi_top.bit"
11:05:22 INFO  : Context for processor 'microblaze_0' is selected.
11:05:23 INFO  : Hardware design and registers information is loaded from 'C:/385_Vivado_Projects/Final_Project/ECE-385-Final-Project/final_project_vitis/mb_usb_hdmi_top/export/mb_usb_hdmi_top/hw/mb_usb_hdmi_top.xsa'.
11:05:23 INFO  : 'configparams mdm-detect-bscan-mask 2' command is executed.
11:05:23 INFO  : Context for processor 'microblaze_0' is selected.
11:05:23 INFO  : System reset is completed.
11:05:26 INFO  : 'after 3000' command is executed.
11:05:26 INFO  : Context for processor 'microblaze_0' is selected.
11:05:26 INFO  : The application 'C:/385_Vivado_Projects/Final_Project/ECE-385-Final-Project/final_project_vitis/fp_usb/Debug/fp_usb.elf' is downloaded to processor 'microblaze_0'.
11:05:26 INFO  : ----------------XSDB Script----------------
connect -url tcp:127.0.0.1:3121
targets -set -filter {jtag_cable_name =~ "RealDigital Boo 8874292301F6A" && level==0 && jtag_device_ctx=="jsn1-0362f093-0"}
fpga -file C:/385_Vivado_Projects/Final_Project/ECE-385-Final-Project/final_project_vitis/fp_usb/_ide/bitstream/mb_usb_hdmi_top.bit
targets -set -nocase -filter {name =~ "*microblaze*#0" && bscan=="USER2" }
loadhw -hw C:/385_Vivado_Projects/Final_Project/ECE-385-Final-Project/final_project_vitis/mb_usb_hdmi_top/export/mb_usb_hdmi_top/hw/mb_usb_hdmi_top.xsa -regs
configparams mdm-detect-bscan-mask 2
targets -set -nocase -filter {name =~ "*microblaze*#0" && bscan=="USER2" }
rst -system
after 3000
targets -set -nocase -filter {name =~ "*microblaze*#0" && bscan=="USER2" }
dow C:/385_Vivado_Projects/Final_Project/ECE-385-Final-Project/final_project_vitis/fp_usb/Debug/fp_usb.elf
----------------End of Script----------------

11:05:26 INFO  : Context for processor 'microblaze_0' is selected.
11:05:26 INFO  : 'con' command is executed.
11:05:26 INFO  : ----------------XSDB Script (After Launch)----------------
targets -set -nocase -filter {name =~ "*microblaze*#0" && bscan=="USER2" }
con
----------------End of Script----------------

11:05:26 INFO  : Disconnected from the channel tcfchan#2.
13:45:59 DEBUG : Logs will be stored at 'C:/385_Vivado_Projects/Final_Project/ECE-385-Final-Project/final_project_vitis/IDE.log'.
13:46:01 INFO  : Launching XSCT server: xsct.bat -n  -interactive C:\385_Vivado_Projects\Final_Project\ECE-385-Final-Project\final_project_vitis\temp_xsdb_launch_script.tcl
13:46:06 INFO  : XSCT server has started successfully.
13:46:06 INFO  : Successfully done setting XSCT server connection channel  
13:46:06 INFO  : plnx-install-location is set to ''
13:46:06 INFO  : Successfully done setting workspace for the tool. 
13:46:07 INFO  : Platform repository initialization has completed.
13:46:07 INFO  : Registering command handlers for Vitis TCF services
13:46:12 INFO  : Successfully done query RDI_DATADIR 
13:52:16 INFO  : Hardware specification for platform project 'mb_usb_hdmi_top' is updated.
13:52:37 INFO  : Result from executing command 'getProjects': mb_usb_hdmi_top
13:52:37 INFO  : Result from executing command 'getPlatforms': mb_usb_hdmi_top|C:/385_Vivado_Projects/Final_Project/ECE-385-Final-Project/final_project_vitis/mb_usb_hdmi_top/export/mb_usb_hdmi_top/mb_usb_hdmi_top.xpfm
13:52:38 INFO  : Checking for BSP changes to sync application flags for project 'fp_usb'...
13:52:42 INFO  : The hardware specification used by project 'fp_usb' is out of sync with the platform. Resource files extracted from the hardware specification will be updated.
13:52:42 INFO  : The file 'C:\385_Vivado_Projects\Final_Project\ECE-385-Final-Project\final_project_vitis\fp_usb\_ide\bitstream\mb_usb_hdmi_top.bit' stored in project is removed.
13:52:42 INFO  : The file 'C:\385_Vivado_Projects\Final_Project\ECE-385-Final-Project\final_project_vitis\fp_usb\_ide\bitstream\mb_usb_hdmi_top.mmi' stored in project is removed.
13:52:42 INFO  : The updated bitstream files are copied from platform to folder 'C:\385_Vivado_Projects\Final_Project\ECE-385-Final-Project\final_project_vitis\fp_usb\_ide\bitstream' in project 'fp_usb'.
13:52:50 INFO  : Connected to target on host '127.0.0.1' and port '3121'.
13:53:09 INFO  : ----------------XSDB Script----------------
connect -url tcp:127.0.0.1:3121
----------------End of Script----------------

13:53:09 ERROR : Could not find FPGA device on the board for connection 'Local'.


Troubleshooting hints:
1. Check whether board is connected to system properly.
2. In case of zynq board, check whether Digilent/Xilinx cable switch settings are correct.
3. If you are using Xilinx Platform Cable USB, ensure that status LED is green.
13:53:16 INFO  : Connected to target on host '127.0.0.1' and port '3121'.
13:53:16 INFO  : Jtag cable 'RealDigital Boo 8874292301F6A' is selected.
13:53:16 INFO  : 'jtag frequency' command is executed.
13:53:16 INFO  : 'targets -set -filter {jtag_cable_name =~ "RealDigital Boo 8874292301F6A" && level==0 && jtag_device_ctx=="jsn1-0362f093-0"}' command is executed.
13:53:17 INFO  : Device configured successfully with "C:/385_Vivado_Projects/Final_Project/ECE-385-Final-Project/final_project_vitis/fp_usb/_ide/bitstream/mb_usb_hdmi_top.bit"
13:53:18 INFO  : Context for processor 'microblaze_0' is selected.
13:53:18 INFO  : Hardware design and registers information is loaded from 'C:/385_Vivado_Projects/Final_Project/ECE-385-Final-Project/final_project_vitis/mb_usb_hdmi_top/export/mb_usb_hdmi_top/hw/mb_usb_hdmi_top.xsa'.
13:53:18 INFO  : 'configparams mdm-detect-bscan-mask 2' command is executed.
13:53:18 INFO  : Context for processor 'microblaze_0' is selected.
13:53:18 INFO  : System reset is completed.
13:53:21 INFO  : 'after 3000' command is executed.
13:53:21 INFO  : Context for processor 'microblaze_0' is selected.
13:53:21 INFO  : The application 'C:/385_Vivado_Projects/Final_Project/ECE-385-Final-Project/final_project_vitis/fp_usb/Debug/fp_usb.elf' is downloaded to processor 'microblaze_0'.
13:53:21 INFO  : ----------------XSDB Script----------------
connect -url tcp:127.0.0.1:3121
targets -set -filter {jtag_cable_name =~ "RealDigital Boo 8874292301F6A" && level==0 && jtag_device_ctx=="jsn1-0362f093-0"}
fpga -file C:/385_Vivado_Projects/Final_Project/ECE-385-Final-Project/final_project_vitis/fp_usb/_ide/bitstream/mb_usb_hdmi_top.bit
targets -set -nocase -filter {name =~ "*microblaze*#0" && bscan=="USER2" }
loadhw -hw C:/385_Vivado_Projects/Final_Project/ECE-385-Final-Project/final_project_vitis/mb_usb_hdmi_top/export/mb_usb_hdmi_top/hw/mb_usb_hdmi_top.xsa -regs
configparams mdm-detect-bscan-mask 2
targets -set -nocase -filter {name =~ "*microblaze*#0" && bscan=="USER2" }
rst -system
after 3000
targets -set -nocase -filter {name =~ "*microblaze*#0" && bscan=="USER2" }
dow C:/385_Vivado_Projects/Final_Project/ECE-385-Final-Project/final_project_vitis/fp_usb/Debug/fp_usb.elf
----------------End of Script----------------

13:53:21 INFO  : Context for processor 'microblaze_0' is selected.
13:53:21 INFO  : 'con' command is executed.
13:53:21 INFO  : ----------------XSDB Script (After Launch)----------------
targets -set -nocase -filter {name =~ "*microblaze*#0" && bscan=="USER2" }
con
----------------End of Script----------------

13:53:21 INFO  : Disconnected from the channel tcfchan#2.
14:01:48 INFO  : Hardware specification for platform project 'mb_usb_hdmi_top' is updated.
14:02:08 INFO  : Result from executing command 'getProjects': mb_usb_hdmi_top
14:02:08 INFO  : Result from executing command 'getPlatforms': mb_usb_hdmi_top|C:/385_Vivado_Projects/Final_Project/ECE-385-Final-Project/final_project_vitis/mb_usb_hdmi_top/export/mb_usb_hdmi_top/mb_usb_hdmi_top.xpfm
14:02:09 INFO  : Checking for BSP changes to sync application flags for project 'fp_usb'...
14:02:11 INFO  : The hardware specification used by project 'fp_usb' is out of sync with the platform. Resource files extracted from the hardware specification will be updated.
14:02:11 INFO  : The file 'C:\385_Vivado_Projects\Final_Project\ECE-385-Final-Project\final_project_vitis\fp_usb\_ide\bitstream\mb_usb_hdmi_top.bit' stored in project is removed.
14:02:11 INFO  : The file 'C:\385_Vivado_Projects\Final_Project\ECE-385-Final-Project\final_project_vitis\fp_usb\_ide\bitstream\mb_usb_hdmi_top.mmi' stored in project is removed.
14:02:12 INFO  : The updated bitstream files are copied from platform to folder 'C:\385_Vivado_Projects\Final_Project\ECE-385-Final-Project\final_project_vitis\fp_usb\_ide\bitstream' in project 'fp_usb'.
14:02:27 INFO  : Connected to target on host '127.0.0.1' and port '3121'.
14:02:28 INFO  : Jtag cable 'RealDigital Boo 8874292301F6A' is selected.
14:02:28 INFO  : 'jtag frequency' command is executed.
14:02:28 INFO  : 'targets -set -filter {jtag_cable_name =~ "RealDigital Boo 8874292301F6A" && level==0 && jtag_device_ctx=="jsn1-0362f093-0"}' command is executed.
14:02:29 INFO  : Device configured successfully with "C:/385_Vivado_Projects/Final_Project/ECE-385-Final-Project/final_project_vitis/fp_usb/_ide/bitstream/mb_usb_hdmi_top.bit"
14:02:29 INFO  : Context for processor 'microblaze_0' is selected.
14:02:29 INFO  : Hardware design and registers information is loaded from 'C:/385_Vivado_Projects/Final_Project/ECE-385-Final-Project/final_project_vitis/mb_usb_hdmi_top/export/mb_usb_hdmi_top/hw/mb_usb_hdmi_top.xsa'.
14:02:29 INFO  : 'configparams mdm-detect-bscan-mask 2' command is executed.
14:02:29 INFO  : Context for processor 'microblaze_0' is selected.
14:02:29 INFO  : System reset is completed.
14:02:33 INFO  : 'after 3000' command is executed.
14:02:33 INFO  : Context for processor 'microblaze_0' is selected.
14:02:33 INFO  : The application 'C:/385_Vivado_Projects/Final_Project/ECE-385-Final-Project/final_project_vitis/fp_usb/Debug/fp_usb.elf' is downloaded to processor 'microblaze_0'.
14:02:33 INFO  : ----------------XSDB Script----------------
connect -url tcp:127.0.0.1:3121
targets -set -filter {jtag_cable_name =~ "RealDigital Boo 8874292301F6A" && level==0 && jtag_device_ctx=="jsn1-0362f093-0"}
fpga -file C:/385_Vivado_Projects/Final_Project/ECE-385-Final-Project/final_project_vitis/fp_usb/_ide/bitstream/mb_usb_hdmi_top.bit
targets -set -nocase -filter {name =~ "*microblaze*#0" && bscan=="USER2" }
loadhw -hw C:/385_Vivado_Projects/Final_Project/ECE-385-Final-Project/final_project_vitis/mb_usb_hdmi_top/export/mb_usb_hdmi_top/hw/mb_usb_hdmi_top.xsa -regs
configparams mdm-detect-bscan-mask 2
targets -set -nocase -filter {name =~ "*microblaze*#0" && bscan=="USER2" }
rst -system
after 3000
targets -set -nocase -filter {name =~ "*microblaze*#0" && bscan=="USER2" }
dow C:/385_Vivado_Projects/Final_Project/ECE-385-Final-Project/final_project_vitis/fp_usb/Debug/fp_usb.elf
----------------End of Script----------------

14:02:33 INFO  : Context for processor 'microblaze_0' is selected.
14:02:33 INFO  : 'con' command is executed.
14:02:33 INFO  : ----------------XSDB Script (After Launch)----------------
targets -set -nocase -filter {name =~ "*microblaze*#0" && bscan=="USER2" }
con
----------------End of Script----------------

14:02:33 INFO  : Disconnected from the channel tcfchan#4.
14:05:58 INFO  : Connected to target on host '127.0.0.1' and port '3121'.
14:05:59 INFO  : Jtag cable 'RealDigital Boo 8874292301F6A' is selected.
14:05:59 INFO  : 'jtag frequency' command is executed.
14:05:59 INFO  : 'targets -set -filter {jtag_cable_name =~ "RealDigital Boo 8874292301F6A" && level==0 && jtag_device_ctx=="jsn1-0362f093-0"}' command is executed.
14:06:00 INFO  : Device configured successfully with "C:/385_Vivado_Projects/Final_Project/ECE-385-Final-Project/final_project_vitis/fp_usb/_ide/bitstream/mb_usb_hdmi_top.bit"
14:06:00 INFO  : Context for processor 'microblaze_0' is selected.
14:06:00 INFO  : Hardware design and registers information is loaded from 'C:/385_Vivado_Projects/Final_Project/ECE-385-Final-Project/final_project_vitis/mb_usb_hdmi_top/export/mb_usb_hdmi_top/hw/mb_usb_hdmi_top.xsa'.
14:06:00 INFO  : 'configparams mdm-detect-bscan-mask 2' command is executed.
14:06:00 INFO  : Context for processor 'microblaze_0' is selected.
14:06:00 INFO  : System reset is completed.
14:06:03 INFO  : 'after 3000' command is executed.
14:06:04 INFO  : Context for processor 'microblaze_0' is selected.
14:06:04 INFO  : The application 'C:/385_Vivado_Projects/Final_Project/ECE-385-Final-Project/final_project_vitis/fp_usb/Debug/fp_usb.elf' is downloaded to processor 'microblaze_0'.
14:06:04 INFO  : ----------------XSDB Script----------------
connect -url tcp:127.0.0.1:3121
targets -set -filter {jtag_cable_name =~ "RealDigital Boo 8874292301F6A" && level==0 && jtag_device_ctx=="jsn1-0362f093-0"}
fpga -file C:/385_Vivado_Projects/Final_Project/ECE-385-Final-Project/final_project_vitis/fp_usb/_ide/bitstream/mb_usb_hdmi_top.bit
targets -set -nocase -filter {name =~ "*microblaze*#0" && bscan=="USER2" }
loadhw -hw C:/385_Vivado_Projects/Final_Project/ECE-385-Final-Project/final_project_vitis/mb_usb_hdmi_top/export/mb_usb_hdmi_top/hw/mb_usb_hdmi_top.xsa -regs
configparams mdm-detect-bscan-mask 2
targets -set -nocase -filter {name =~ "*microblaze*#0" && bscan=="USER2" }
rst -system
after 3000
targets -set -nocase -filter {name =~ "*microblaze*#0" && bscan=="USER2" }
dow C:/385_Vivado_Projects/Final_Project/ECE-385-Final-Project/final_project_vitis/fp_usb/Debug/fp_usb.elf
----------------End of Script----------------

14:06:04 INFO  : Context for processor 'microblaze_0' is selected.
14:06:04 INFO  : 'con' command is executed.
14:06:04 INFO  : ----------------XSDB Script (After Launch)----------------
targets -set -nocase -filter {name =~ "*microblaze*#0" && bscan=="USER2" }
con
----------------End of Script----------------

14:06:04 INFO  : Disconnected from the channel tcfchan#5.
14:39:00 INFO  : Hardware specification for platform project 'mb_usb_hdmi_top' is updated.
14:39:17 INFO  : Result from executing command 'getProjects': mb_usb_hdmi_top
14:39:17 INFO  : Result from executing command 'getPlatforms': mb_usb_hdmi_top|C:/385_Vivado_Projects/Final_Project/ECE-385-Final-Project/final_project_vitis/mb_usb_hdmi_top/export/mb_usb_hdmi_top/mb_usb_hdmi_top.xpfm
14:39:17 INFO  : Checking for BSP changes to sync application flags for project 'fp_usb'...
14:39:20 INFO  : The hardware specification used by project 'fp_usb' is out of sync with the platform. Resource files extracted from the hardware specification will be updated.
14:39:20 INFO  : The file 'C:\385_Vivado_Projects\Final_Project\ECE-385-Final-Project\final_project_vitis\fp_usb\_ide\bitstream\mb_usb_hdmi_top.bit' stored in project is removed.
14:39:20 INFO  : The file 'C:\385_Vivado_Projects\Final_Project\ECE-385-Final-Project\final_project_vitis\fp_usb\_ide\bitstream\mb_usb_hdmi_top.mmi' stored in project is removed.
14:39:20 INFO  : The updated bitstream files are copied from platform to folder 'C:\385_Vivado_Projects\Final_Project\ECE-385-Final-Project\final_project_vitis\fp_usb\_ide\bitstream' in project 'fp_usb'.
14:39:35 INFO  : Connected to target on host '127.0.0.1' and port '3121'.
14:39:35 INFO  : Jtag cable 'RealDigital Boo 8874292301F6A' is selected.
14:39:35 INFO  : 'jtag frequency' command is executed.
14:39:35 INFO  : 'targets -set -filter {jtag_cable_name =~ "RealDigital Boo 8874292301F6A" && level==0 && jtag_device_ctx=="jsn1-0362f093-0"}' command is executed.
14:39:36 INFO  : Device configured successfully with "C:/385_Vivado_Projects/Final_Project/ECE-385-Final-Project/final_project_vitis/fp_usb/_ide/bitstream/mb_usb_hdmi_top.bit"
14:39:37 INFO  : Context for processor 'microblaze_0' is selected.
14:39:37 INFO  : Hardware design and registers information is loaded from 'C:/385_Vivado_Projects/Final_Project/ECE-385-Final-Project/final_project_vitis/mb_usb_hdmi_top/export/mb_usb_hdmi_top/hw/mb_usb_hdmi_top.xsa'.
14:39:37 INFO  : 'configparams mdm-detect-bscan-mask 2' command is executed.
14:39:37 INFO  : Context for processor 'microblaze_0' is selected.
14:39:37 INFO  : System reset is completed.
14:39:40 INFO  : 'after 3000' command is executed.
14:39:40 INFO  : Context for processor 'microblaze_0' is selected.
14:39:40 INFO  : The application 'C:/385_Vivado_Projects/Final_Project/ECE-385-Final-Project/final_project_vitis/fp_usb/Debug/fp_usb.elf' is downloaded to processor 'microblaze_0'.
14:39:40 INFO  : ----------------XSDB Script----------------
connect -url tcp:127.0.0.1:3121
targets -set -filter {jtag_cable_name =~ "RealDigital Boo 8874292301F6A" && level==0 && jtag_device_ctx=="jsn1-0362f093-0"}
fpga -file C:/385_Vivado_Projects/Final_Project/ECE-385-Final-Project/final_project_vitis/fp_usb/_ide/bitstream/mb_usb_hdmi_top.bit
targets -set -nocase -filter {name =~ "*microblaze*#0" && bscan=="USER2" }
loadhw -hw C:/385_Vivado_Projects/Final_Project/ECE-385-Final-Project/final_project_vitis/mb_usb_hdmi_top/export/mb_usb_hdmi_top/hw/mb_usb_hdmi_top.xsa -regs
configparams mdm-detect-bscan-mask 2
targets -set -nocase -filter {name =~ "*microblaze*#0" && bscan=="USER2" }
rst -system
after 3000
targets -set -nocase -filter {name =~ "*microblaze*#0" && bscan=="USER2" }
dow C:/385_Vivado_Projects/Final_Project/ECE-385-Final-Project/final_project_vitis/fp_usb/Debug/fp_usb.elf
----------------End of Script----------------

14:39:40 INFO  : Context for processor 'microblaze_0' is selected.
14:39:40 INFO  : 'con' command is executed.
14:39:40 INFO  : ----------------XSDB Script (After Launch)----------------
targets -set -nocase -filter {name =~ "*microblaze*#0" && bscan=="USER2" }
con
----------------End of Script----------------

14:39:40 INFO  : Disconnected from the channel tcfchan#7.
15:18:17 INFO  : Hardware specification for platform project 'mb_usb_hdmi_top' is updated.
15:18:28 INFO  : Result from executing command 'getProjects': mb_usb_hdmi_top
15:18:28 INFO  : Result from executing command 'getPlatforms': mb_usb_hdmi_top|C:/385_Vivado_Projects/Final_Project/ECE-385-Final-Project/final_project_vitis/mb_usb_hdmi_top/export/mb_usb_hdmi_top/mb_usb_hdmi_top.xpfm
15:18:28 INFO  : Checking for BSP changes to sync application flags for project 'fp_usb'...
15:18:30 INFO  : The hardware specification used by project 'fp_usb' is out of sync with the platform. Resource files extracted from the hardware specification will be updated.
15:18:30 INFO  : The file 'C:\385_Vivado_Projects\Final_Project\ECE-385-Final-Project\final_project_vitis\fp_usb\_ide\bitstream\mb_usb_hdmi_top.bit' stored in project is removed.
15:18:30 INFO  : The file 'C:\385_Vivado_Projects\Final_Project\ECE-385-Final-Project\final_project_vitis\fp_usb\_ide\bitstream\mb_usb_hdmi_top.mmi' stored in project is removed.
15:18:30 INFO  : The updated bitstream files are copied from platform to folder 'C:\385_Vivado_Projects\Final_Project\ECE-385-Final-Project\final_project_vitis\fp_usb\_ide\bitstream' in project 'fp_usb'.
15:19:06 INFO  : Connected to target on host '127.0.0.1' and port '3121'.
15:19:06 INFO  : Jtag cable 'RealDigital Boo 8874292301F6A' is selected.
15:19:06 INFO  : 'jtag frequency' command is executed.
15:19:06 INFO  : 'targets -set -filter {jtag_cable_name =~ "RealDigital Boo 8874292301F6A" && level==0 && jtag_device_ctx=="jsn1-0362f093-0"}' command is executed.
15:19:07 INFO  : Device configured successfully with "C:/385_Vivado_Projects/Final_Project/ECE-385-Final-Project/final_project_vitis/fp_usb/_ide/bitstream/mb_usb_hdmi_top.bit"
15:19:07 INFO  : Context for processor 'microblaze_0' is selected.
15:19:07 INFO  : Hardware design and registers information is loaded from 'C:/385_Vivado_Projects/Final_Project/ECE-385-Final-Project/final_project_vitis/mb_usb_hdmi_top/export/mb_usb_hdmi_top/hw/mb_usb_hdmi_top.xsa'.
15:19:07 INFO  : 'configparams mdm-detect-bscan-mask 2' command is executed.
15:19:07 INFO  : Context for processor 'microblaze_0' is selected.
15:19:07 INFO  : System reset is completed.
15:19:10 INFO  : 'after 3000' command is executed.
15:19:10 INFO  : Context for processor 'microblaze_0' is selected.
15:19:11 INFO  : The application 'C:/385_Vivado_Projects/Final_Project/ECE-385-Final-Project/final_project_vitis/fp_usb/Debug/fp_usb.elf' is downloaded to processor 'microblaze_0'.
15:19:11 INFO  : ----------------XSDB Script----------------
connect -url tcp:127.0.0.1:3121
targets -set -filter {jtag_cable_name =~ "RealDigital Boo 8874292301F6A" && level==0 && jtag_device_ctx=="jsn1-0362f093-0"}
fpga -file C:/385_Vivado_Projects/Final_Project/ECE-385-Final-Project/final_project_vitis/fp_usb/_ide/bitstream/mb_usb_hdmi_top.bit
targets -set -nocase -filter {name =~ "*microblaze*#0" && bscan=="USER2" }
loadhw -hw C:/385_Vivado_Projects/Final_Project/ECE-385-Final-Project/final_project_vitis/mb_usb_hdmi_top/export/mb_usb_hdmi_top/hw/mb_usb_hdmi_top.xsa -regs
configparams mdm-detect-bscan-mask 2
targets -set -nocase -filter {name =~ "*microblaze*#0" && bscan=="USER2" }
rst -system
after 3000
targets -set -nocase -filter {name =~ "*microblaze*#0" && bscan=="USER2" }
dow C:/385_Vivado_Projects/Final_Project/ECE-385-Final-Project/final_project_vitis/fp_usb/Debug/fp_usb.elf
----------------End of Script----------------

15:19:11 INFO  : Context for processor 'microblaze_0' is selected.
15:19:11 INFO  : 'con' command is executed.
15:19:11 INFO  : ----------------XSDB Script (After Launch)----------------
targets -set -nocase -filter {name =~ "*microblaze*#0" && bscan=="USER2" }
con
----------------End of Script----------------

15:19:11 INFO  : Disconnected from the channel tcfchan#9.
16:16:18 INFO  : Hardware specification for platform project 'mb_usb_hdmi_top' is updated.
16:16:34 INFO  : Result from executing command 'getProjects': mb_usb_hdmi_top
16:16:34 INFO  : Result from executing command 'getPlatforms': mb_usb_hdmi_top|C:/385_Vivado_Projects/Final_Project/ECE-385-Final-Project/final_project_vitis/mb_usb_hdmi_top/export/mb_usb_hdmi_top/mb_usb_hdmi_top.xpfm
16:16:35 INFO  : Checking for BSP changes to sync application flags for project 'fp_usb'...
16:16:37 INFO  : The hardware specification used by project 'fp_usb' is out of sync with the platform. Resource files extracted from the hardware specification will be updated.
16:16:37 INFO  : The file 'C:\385_Vivado_Projects\Final_Project\ECE-385-Final-Project\final_project_vitis\fp_usb\_ide\bitstream\mb_usb_hdmi_top.bit' stored in project is removed.
16:16:37 INFO  : The file 'C:\385_Vivado_Projects\Final_Project\ECE-385-Final-Project\final_project_vitis\fp_usb\_ide\bitstream\mb_usb_hdmi_top.mmi' stored in project is removed.
16:16:37 INFO  : The updated bitstream files are copied from platform to folder 'C:\385_Vivado_Projects\Final_Project\ECE-385-Final-Project\final_project_vitis\fp_usb\_ide\bitstream' in project 'fp_usb'.
16:16:49 INFO  : Connected to target on host '127.0.0.1' and port '3121'.
16:16:49 INFO  : Jtag cable 'RealDigital Boo 8874292301F6A' is selected.
16:16:49 INFO  : 'jtag frequency' command is executed.
16:16:50 INFO  : 'targets -set -filter {jtag_cable_name =~ "RealDigital Boo 8874292301F6A" && level==0 && jtag_device_ctx=="jsn1-0362f093-0"}' command is executed.
16:16:51 INFO  : Device configured successfully with "C:/385_Vivado_Projects/Final_Project/ECE-385-Final-Project/final_project_vitis/fp_usb/_ide/bitstream/mb_usb_hdmi_top.bit"
16:16:51 INFO  : Context for processor 'microblaze_0' is selected.
16:16:51 INFO  : Hardware design and registers information is loaded from 'C:/385_Vivado_Projects/Final_Project/ECE-385-Final-Project/final_project_vitis/mb_usb_hdmi_top/export/mb_usb_hdmi_top/hw/mb_usb_hdmi_top.xsa'.
16:16:51 INFO  : 'configparams mdm-detect-bscan-mask 2' command is executed.
16:16:51 INFO  : Context for processor 'microblaze_0' is selected.
16:16:51 INFO  : System reset is completed.
16:16:54 INFO  : 'after 3000' command is executed.
16:16:54 INFO  : Context for processor 'microblaze_0' is selected.
16:16:54 INFO  : The application 'C:/385_Vivado_Projects/Final_Project/ECE-385-Final-Project/final_project_vitis/fp_usb/Debug/fp_usb.elf' is downloaded to processor 'microblaze_0'.
16:16:54 INFO  : ----------------XSDB Script----------------
connect -url tcp:127.0.0.1:3121
targets -set -filter {jtag_cable_name =~ "RealDigital Boo 8874292301F6A" && level==0 && jtag_device_ctx=="jsn1-0362f093-0"}
fpga -file C:/385_Vivado_Projects/Final_Project/ECE-385-Final-Project/final_project_vitis/fp_usb/_ide/bitstream/mb_usb_hdmi_top.bit
targets -set -nocase -filter {name =~ "*microblaze*#0" && bscan=="USER2" }
loadhw -hw C:/385_Vivado_Projects/Final_Project/ECE-385-Final-Project/final_project_vitis/mb_usb_hdmi_top/export/mb_usb_hdmi_top/hw/mb_usb_hdmi_top.xsa -regs
configparams mdm-detect-bscan-mask 2
targets -set -nocase -filter {name =~ "*microblaze*#0" && bscan=="USER2" }
rst -system
after 3000
targets -set -nocase -filter {name =~ "*microblaze*#0" && bscan=="USER2" }
dow C:/385_Vivado_Projects/Final_Project/ECE-385-Final-Project/final_project_vitis/fp_usb/Debug/fp_usb.elf
----------------End of Script----------------

16:16:54 INFO  : Context for processor 'microblaze_0' is selected.
16:16:54 INFO  : 'con' command is executed.
16:16:54 INFO  : ----------------XSDB Script (After Launch)----------------
targets -set -nocase -filter {name =~ "*microblaze*#0" && bscan=="USER2" }
con
----------------End of Script----------------

16:16:54 INFO  : Disconnected from the channel tcfchan#11.
16:25:14 INFO  : Hardware specification for platform project 'mb_usb_hdmi_top' is updated.
16:25:24 INFO  : Result from executing command 'getProjects': mb_usb_hdmi_top
16:25:24 INFO  : Result from executing command 'getPlatforms': mb_usb_hdmi_top|C:/385_Vivado_Projects/Final_Project/ECE-385-Final-Project/final_project_vitis/mb_usb_hdmi_top/export/mb_usb_hdmi_top/mb_usb_hdmi_top.xpfm
16:25:24 INFO  : Checking for BSP changes to sync application flags for project 'fp_usb'...
16:25:26 INFO  : The hardware specification used by project 'fp_usb' is out of sync with the platform. Resource files extracted from the hardware specification will be updated.
16:25:26 INFO  : The file 'C:\385_Vivado_Projects\Final_Project\ECE-385-Final-Project\final_project_vitis\fp_usb\_ide\bitstream\mb_usb_hdmi_top.bit' stored in project is removed.
16:25:26 INFO  : The file 'C:\385_Vivado_Projects\Final_Project\ECE-385-Final-Project\final_project_vitis\fp_usb\_ide\bitstream\mb_usb_hdmi_top.mmi' stored in project is removed.
16:25:26 INFO  : The updated bitstream files are copied from platform to folder 'C:\385_Vivado_Projects\Final_Project\ECE-385-Final-Project\final_project_vitis\fp_usb\_ide\bitstream' in project 'fp_usb'.
16:25:33 INFO  : Connected to target on host '127.0.0.1' and port '3121'.
16:25:34 INFO  : Jtag cable 'RealDigital Boo 8874292301F6A' is selected.
16:25:34 INFO  : 'jtag frequency' command is executed.
16:25:34 INFO  : 'targets -set -filter {jtag_cable_name =~ "RealDigital Boo 8874292301F6A" && level==0 && jtag_device_ctx=="jsn1-0362f093-0"}' command is executed.
16:25:35 INFO  : Device configured successfully with "C:/385_Vivado_Projects/Final_Project/ECE-385-Final-Project/final_project_vitis/fp_usb/_ide/bitstream/mb_usb_hdmi_top.bit"
16:25:35 INFO  : Context for processor 'microblaze_0' is selected.
16:25:35 INFO  : Hardware design and registers information is loaded from 'C:/385_Vivado_Projects/Final_Project/ECE-385-Final-Project/final_project_vitis/mb_usb_hdmi_top/export/mb_usb_hdmi_top/hw/mb_usb_hdmi_top.xsa'.
16:25:35 INFO  : 'configparams mdm-detect-bscan-mask 2' command is executed.
16:25:35 INFO  : Context for processor 'microblaze_0' is selected.
16:25:35 INFO  : System reset is completed.
16:25:38 INFO  : 'after 3000' command is executed.
16:25:38 INFO  : Context for processor 'microblaze_0' is selected.
16:25:38 INFO  : The application 'C:/385_Vivado_Projects/Final_Project/ECE-385-Final-Project/final_project_vitis/fp_usb/Debug/fp_usb.elf' is downloaded to processor 'microblaze_0'.
16:25:38 INFO  : ----------------XSDB Script----------------
connect -url tcp:127.0.0.1:3121
targets -set -filter {jtag_cable_name =~ "RealDigital Boo 8874292301F6A" && level==0 && jtag_device_ctx=="jsn1-0362f093-0"}
fpga -file C:/385_Vivado_Projects/Final_Project/ECE-385-Final-Project/final_project_vitis/fp_usb/_ide/bitstream/mb_usb_hdmi_top.bit
targets -set -nocase -filter {name =~ "*microblaze*#0" && bscan=="USER2" }
loadhw -hw C:/385_Vivado_Projects/Final_Project/ECE-385-Final-Project/final_project_vitis/mb_usb_hdmi_top/export/mb_usb_hdmi_top/hw/mb_usb_hdmi_top.xsa -regs
configparams mdm-detect-bscan-mask 2
targets -set -nocase -filter {name =~ "*microblaze*#0" && bscan=="USER2" }
rst -system
after 3000
targets -set -nocase -filter {name =~ "*microblaze*#0" && bscan=="USER2" }
dow C:/385_Vivado_Projects/Final_Project/ECE-385-Final-Project/final_project_vitis/fp_usb/Debug/fp_usb.elf
----------------End of Script----------------

16:25:38 INFO  : Context for processor 'microblaze_0' is selected.
16:25:38 INFO  : 'con' command is executed.
16:25:38 INFO  : ----------------XSDB Script (After Launch)----------------
targets -set -nocase -filter {name =~ "*microblaze*#0" && bscan=="USER2" }
con
----------------End of Script----------------

16:25:39 INFO  : Disconnected from the channel tcfchan#13.
18:21:59 DEBUG : Logs will be stored at 'C:/385_Vivado_Projects/Final_Project/ECE-385-Final-Project/final_project_vitis/IDE.log'.
18:22:00 INFO  : Launching XSCT server: xsct.bat -n  -interactive C:\385_Vivado_Projects\Final_Project\ECE-385-Final-Project\final_project_vitis\temp_xsdb_launch_script.tcl
18:22:03 INFO  : Platform repository initialization has completed.
18:22:06 INFO  : XSCT server has started successfully.
18:22:06 INFO  : plnx-install-location is set to ''
18:22:06 INFO  : Successfully done setting XSCT server connection channel  
18:22:07 INFO  : Registering command handlers for Vitis TCF services
18:22:13 INFO  : Successfully done setting workspace for the tool. 
18:22:13 INFO  : Successfully done query RDI_DATADIR 
18:24:22 INFO  : Hardware specification for platform project 'mb_usb_hdmi_top' is updated.
18:24:38 INFO  : Result from executing command 'getProjects': mb_usb_hdmi_top
18:24:38 INFO  : Result from executing command 'getPlatforms': mb_usb_hdmi_top|C:/385_Vivado_Projects/Final_Project/ECE-385-Final-Project/final_project_vitis/mb_usb_hdmi_top/export/mb_usb_hdmi_top/mb_usb_hdmi_top.xpfm
18:24:38 INFO  : Checking for BSP changes to sync application flags for project 'fp_usb'...
18:24:42 INFO  : The hardware specification used by project 'fp_usb' is out of sync with the platform. Resource files extracted from the hardware specification will be updated.
18:24:42 INFO  : The file 'C:\385_Vivado_Projects\Final_Project\ECE-385-Final-Project\final_project_vitis\fp_usb\_ide\bitstream\mb_usb_hdmi_top.bit' stored in project is removed.
18:24:42 INFO  : The file 'C:\385_Vivado_Projects\Final_Project\ECE-385-Final-Project\final_project_vitis\fp_usb\_ide\bitstream\mb_usb_hdmi_top.mmi' stored in project is removed.
18:24:42 INFO  : The updated bitstream files are copied from platform to folder 'C:\385_Vivado_Projects\Final_Project\ECE-385-Final-Project\final_project_vitis\fp_usb\_ide\bitstream' in project 'fp_usb'.
18:25:17 INFO  : Connected to target on host '127.0.0.1' and port '3121'.
18:25:18 INFO  : Jtag cable 'RealDigital Boo 8874292301F6A' is selected.
18:25:18 INFO  : 'jtag frequency' command is executed.
18:25:18 INFO  : 'targets -set -filter {jtag_cable_name =~ "RealDigital Boo 8874292301F6A" && level==0 && jtag_device_ctx=="jsn1-0362f093-0"}' command is executed.
18:25:19 INFO  : Device configured successfully with "C:/385_Vivado_Projects/Final_Project/ECE-385-Final-Project/final_project_vitis/fp_usb/_ide/bitstream/mb_usb_hdmi_top.bit"
18:25:19 INFO  : Context for processor 'microblaze_0' is selected.
18:25:20 INFO  : Hardware design and registers information is loaded from 'C:/385_Vivado_Projects/Final_Project/ECE-385-Final-Project/final_project_vitis/mb_usb_hdmi_top/export/mb_usb_hdmi_top/hw/mb_usb_hdmi_top.xsa'.
18:25:20 INFO  : 'configparams mdm-detect-bscan-mask 2' command is executed.
18:25:20 INFO  : Context for processor 'microblaze_0' is selected.
18:25:20 INFO  : System reset is completed.
18:25:23 INFO  : 'after 3000' command is executed.
18:25:23 INFO  : Context for processor 'microblaze_0' is selected.
18:25:23 INFO  : The application 'C:/385_Vivado_Projects/Final_Project/ECE-385-Final-Project/final_project_vitis/fp_usb/Debug/fp_usb.elf' is downloaded to processor 'microblaze_0'.
18:25:23 INFO  : ----------------XSDB Script----------------
connect -url tcp:127.0.0.1:3121
targets -set -filter {jtag_cable_name =~ "RealDigital Boo 8874292301F6A" && level==0 && jtag_device_ctx=="jsn1-0362f093-0"}
fpga -file C:/385_Vivado_Projects/Final_Project/ECE-385-Final-Project/final_project_vitis/fp_usb/_ide/bitstream/mb_usb_hdmi_top.bit
targets -set -nocase -filter {name =~ "*microblaze*#0" && bscan=="USER2" }
loadhw -hw C:/385_Vivado_Projects/Final_Project/ECE-385-Final-Project/final_project_vitis/mb_usb_hdmi_top/export/mb_usb_hdmi_top/hw/mb_usb_hdmi_top.xsa -regs
configparams mdm-detect-bscan-mask 2
targets -set -nocase -filter {name =~ "*microblaze*#0" && bscan=="USER2" }
rst -system
after 3000
targets -set -nocase -filter {name =~ "*microblaze*#0" && bscan=="USER2" }
dow C:/385_Vivado_Projects/Final_Project/ECE-385-Final-Project/final_project_vitis/fp_usb/Debug/fp_usb.elf
----------------End of Script----------------

18:25:23 INFO  : Context for processor 'microblaze_0' is selected.
18:25:23 INFO  : 'con' command is executed.
18:25:23 INFO  : ----------------XSDB Script (After Launch)----------------
targets -set -nocase -filter {name =~ "*microblaze*#0" && bscan=="USER2" }
con
----------------End of Script----------------

18:25:23 INFO  : Disconnected from the channel tcfchan#2.
18:33:23 INFO  : Hardware specification for platform project 'mb_usb_hdmi_top' is updated.
18:33:36 INFO  : Result from executing command 'getProjects': mb_usb_hdmi_top
18:33:36 INFO  : Result from executing command 'getPlatforms': mb_usb_hdmi_top|C:/385_Vivado_Projects/Final_Project/ECE-385-Final-Project/final_project_vitis/mb_usb_hdmi_top/export/mb_usb_hdmi_top/mb_usb_hdmi_top.xpfm
18:33:37 INFO  : Checking for BSP changes to sync application flags for project 'fp_usb'...
18:33:40 INFO  : The hardware specification used by project 'fp_usb' is out of sync with the platform. Resource files extracted from the hardware specification will be updated.
18:33:40 INFO  : The file 'C:\385_Vivado_Projects\Final_Project\ECE-385-Final-Project\final_project_vitis\fp_usb\_ide\bitstream\mb_usb_hdmi_top.bit' stored in project is removed.
18:33:40 INFO  : The file 'C:\385_Vivado_Projects\Final_Project\ECE-385-Final-Project\final_project_vitis\fp_usb\_ide\bitstream\mb_usb_hdmi_top.mmi' stored in project is removed.
18:33:40 INFO  : The updated bitstream files are copied from platform to folder 'C:\385_Vivado_Projects\Final_Project\ECE-385-Final-Project\final_project_vitis\fp_usb\_ide\bitstream' in project 'fp_usb'.
18:33:45 INFO  : Connected to target on host '127.0.0.1' and port '3121'.
18:33:45 INFO  : Jtag cable 'RealDigital Boo 8874292301F6A' is selected.
18:33:45 INFO  : 'jtag frequency' command is executed.
18:33:45 INFO  : 'targets -set -filter {jtag_cable_name =~ "RealDigital Boo 8874292301F6A" && level==0 && jtag_device_ctx=="jsn1-0362f093-0"}' command is executed.
18:33:47 INFO  : Device configured successfully with "C:/385_Vivado_Projects/Final_Project/ECE-385-Final-Project/final_project_vitis/fp_usb/_ide/bitstream/mb_usb_hdmi_top.bit"
18:33:47 INFO  : Context for processor 'microblaze_0' is selected.
18:33:47 INFO  : Hardware design and registers information is loaded from 'C:/385_Vivado_Projects/Final_Project/ECE-385-Final-Project/final_project_vitis/mb_usb_hdmi_top/export/mb_usb_hdmi_top/hw/mb_usb_hdmi_top.xsa'.
18:33:47 INFO  : 'configparams mdm-detect-bscan-mask 2' command is executed.
18:33:47 INFO  : Context for processor 'microblaze_0' is selected.
18:33:47 INFO  : System reset is completed.
18:33:50 INFO  : 'after 3000' command is executed.
18:33:50 INFO  : Context for processor 'microblaze_0' is selected.
18:33:50 INFO  : The application 'C:/385_Vivado_Projects/Final_Project/ECE-385-Final-Project/final_project_vitis/fp_usb/Debug/fp_usb.elf' is downloaded to processor 'microblaze_0'.
18:33:50 INFO  : ----------------XSDB Script----------------
connect -url tcp:127.0.0.1:3121
targets -set -filter {jtag_cable_name =~ "RealDigital Boo 8874292301F6A" && level==0 && jtag_device_ctx=="jsn1-0362f093-0"}
fpga -file C:/385_Vivado_Projects/Final_Project/ECE-385-Final-Project/final_project_vitis/fp_usb/_ide/bitstream/mb_usb_hdmi_top.bit
targets -set -nocase -filter {name =~ "*microblaze*#0" && bscan=="USER2" }
loadhw -hw C:/385_Vivado_Projects/Final_Project/ECE-385-Final-Project/final_project_vitis/mb_usb_hdmi_top/export/mb_usb_hdmi_top/hw/mb_usb_hdmi_top.xsa -regs
configparams mdm-detect-bscan-mask 2
targets -set -nocase -filter {name =~ "*microblaze*#0" && bscan=="USER2" }
rst -system
after 3000
targets -set -nocase -filter {name =~ "*microblaze*#0" && bscan=="USER2" }
dow C:/385_Vivado_Projects/Final_Project/ECE-385-Final-Project/final_project_vitis/fp_usb/Debug/fp_usb.elf
----------------End of Script----------------

18:33:50 INFO  : Context for processor 'microblaze_0' is selected.
18:33:51 INFO  : 'con' command is executed.
18:33:51 INFO  : ----------------XSDB Script (After Launch)----------------
targets -set -nocase -filter {name =~ "*microblaze*#0" && bscan=="USER2" }
con
----------------End of Script----------------

18:33:51 INFO  : Disconnected from the channel tcfchan#4.
18:47:18 INFO  : Hardware specification for platform project 'mb_usb_hdmi_top' is updated.
18:47:33 INFO  : Result from executing command 'getProjects': mb_usb_hdmi_top
18:47:33 INFO  : Result from executing command 'getPlatforms': mb_usb_hdmi_top|C:/385_Vivado_Projects/Final_Project/ECE-385-Final-Project/final_project_vitis/mb_usb_hdmi_top/export/mb_usb_hdmi_top/mb_usb_hdmi_top.xpfm
18:47:33 INFO  : Checking for BSP changes to sync application flags for project 'fp_usb'...
18:47:36 INFO  : The hardware specification used by project 'fp_usb' is out of sync with the platform. Resource files extracted from the hardware specification will be updated.
18:47:36 INFO  : The file 'C:\385_Vivado_Projects\Final_Project\ECE-385-Final-Project\final_project_vitis\fp_usb\_ide\bitstream\mb_usb_hdmi_top.bit' stored in project is removed.
18:47:36 INFO  : The file 'C:\385_Vivado_Projects\Final_Project\ECE-385-Final-Project\final_project_vitis\fp_usb\_ide\bitstream\mb_usb_hdmi_top.mmi' stored in project is removed.
18:47:36 INFO  : The updated bitstream files are copied from platform to folder 'C:\385_Vivado_Projects\Final_Project\ECE-385-Final-Project\final_project_vitis\fp_usb\_ide\bitstream' in project 'fp_usb'.
18:47:43 INFO  : Connected to target on host '127.0.0.1' and port '3121'.
18:47:51 INFO  : Jtag cable 'RealDigital Boo 8874292301F6A' is selected.
18:47:51 INFO  : 'jtag frequency' command is executed.
18:47:51 INFO  : 'targets -set -filter {jtag_cable_name =~ "RealDigital Boo 8874292301F6A" && level==0 && jtag_device_ctx=="jsn1-0362f093-0"}' command is executed.
18:47:53 INFO  : Device configured successfully with "C:/385_Vivado_Projects/Final_Project/ECE-385-Final-Project/final_project_vitis/fp_usb/_ide/bitstream/mb_usb_hdmi_top.bit"
18:47:53 INFO  : Context for processor 'microblaze_0' is selected.
18:47:53 INFO  : Hardware design and registers information is loaded from 'C:/385_Vivado_Projects/Final_Project/ECE-385-Final-Project/final_project_vitis/mb_usb_hdmi_top/export/mb_usb_hdmi_top/hw/mb_usb_hdmi_top.xsa'.
18:47:53 INFO  : 'configparams mdm-detect-bscan-mask 2' command is executed.
18:47:53 INFO  : Context for processor 'microblaze_0' is selected.
18:47:53 INFO  : System reset is completed.
18:47:56 INFO  : 'after 3000' command is executed.
18:47:56 INFO  : Context for processor 'microblaze_0' is selected.
18:47:56 INFO  : The application 'C:/385_Vivado_Projects/Final_Project/ECE-385-Final-Project/final_project_vitis/fp_usb/Debug/fp_usb.elf' is downloaded to processor 'microblaze_0'.
18:47:56 INFO  : ----------------XSDB Script----------------
connect -url tcp:127.0.0.1:3121
targets -set -filter {jtag_cable_name =~ "RealDigital Boo 8874292301F6A" && level==0 && jtag_device_ctx=="jsn1-0362f093-0"}
fpga -file C:/385_Vivado_Projects/Final_Project/ECE-385-Final-Project/final_project_vitis/fp_usb/_ide/bitstream/mb_usb_hdmi_top.bit
targets -set -nocase -filter {name =~ "*microblaze*#0" && bscan=="USER2" }
loadhw -hw C:/385_Vivado_Projects/Final_Project/ECE-385-Final-Project/final_project_vitis/mb_usb_hdmi_top/export/mb_usb_hdmi_top/hw/mb_usb_hdmi_top.xsa -regs
configparams mdm-detect-bscan-mask 2
targets -set -nocase -filter {name =~ "*microblaze*#0" && bscan=="USER2" }
rst -system
after 3000
targets -set -nocase -filter {name =~ "*microblaze*#0" && bscan=="USER2" }
dow C:/385_Vivado_Projects/Final_Project/ECE-385-Final-Project/final_project_vitis/fp_usb/Debug/fp_usb.elf
----------------End of Script----------------

18:47:56 INFO  : Context for processor 'microblaze_0' is selected.
18:47:56 INFO  : 'con' command is executed.
18:47:56 INFO  : ----------------XSDB Script (After Launch)----------------
targets -set -nocase -filter {name =~ "*microblaze*#0" && bscan=="USER2" }
con
----------------End of Script----------------

18:47:56 INFO  : Disconnected from the channel tcfchan#6.
18:48:43 INFO  : Connected to target on host '127.0.0.1' and port '3121'.
18:48:44 INFO  : Jtag cable 'RealDigital Boo 8874292301F6A' is selected.
18:48:44 INFO  : 'jtag frequency' command is executed.
18:48:44 INFO  : 'targets -set -filter {jtag_cable_name =~ "RealDigital Boo 8874292301F6A" && level==0 && jtag_device_ctx=="jsn1-0362f093-0"}' command is executed.
18:48:45 INFO  : Device configured successfully with "C:/385_Vivado_Projects/Final_Project/ECE-385-Final-Project/final_project_vitis/fp_usb/_ide/bitstream/mb_usb_hdmi_top.bit"
18:48:45 INFO  : Context for processor 'microblaze_0' is selected.
18:48:45 INFO  : Hardware design and registers information is loaded from 'C:/385_Vivado_Projects/Final_Project/ECE-385-Final-Project/final_project_vitis/mb_usb_hdmi_top/export/mb_usb_hdmi_top/hw/mb_usb_hdmi_top.xsa'.
18:48:45 INFO  : 'configparams mdm-detect-bscan-mask 2' command is executed.
18:48:45 INFO  : Context for processor 'microblaze_0' is selected.
18:48:45 INFO  : System reset is completed.
18:48:48 INFO  : 'after 3000' command is executed.
18:48:48 INFO  : Context for processor 'microblaze_0' is selected.
18:48:49 INFO  : The application 'C:/385_Vivado_Projects/Final_Project/ECE-385-Final-Project/final_project_vitis/fp_usb/Debug/fp_usb.elf' is downloaded to processor 'microblaze_0'.
18:48:49 INFO  : ----------------XSDB Script----------------
connect -url tcp:127.0.0.1:3121
targets -set -filter {jtag_cable_name =~ "RealDigital Boo 8874292301F6A" && level==0 && jtag_device_ctx=="jsn1-0362f093-0"}
fpga -file C:/385_Vivado_Projects/Final_Project/ECE-385-Final-Project/final_project_vitis/fp_usb/_ide/bitstream/mb_usb_hdmi_top.bit
targets -set -nocase -filter {name =~ "*microblaze*#0" && bscan=="USER2" }
loadhw -hw C:/385_Vivado_Projects/Final_Project/ECE-385-Final-Project/final_project_vitis/mb_usb_hdmi_top/export/mb_usb_hdmi_top/hw/mb_usb_hdmi_top.xsa -regs
configparams mdm-detect-bscan-mask 2
targets -set -nocase -filter {name =~ "*microblaze*#0" && bscan=="USER2" }
rst -system
after 3000
targets -set -nocase -filter {name =~ "*microblaze*#0" && bscan=="USER2" }
dow C:/385_Vivado_Projects/Final_Project/ECE-385-Final-Project/final_project_vitis/fp_usb/Debug/fp_usb.elf
----------------End of Script----------------

18:48:49 INFO  : Context for processor 'microblaze_0' is selected.
18:48:49 INFO  : 'con' command is executed.
18:48:49 INFO  : ----------------XSDB Script (After Launch)----------------
targets -set -nocase -filter {name =~ "*microblaze*#0" && bscan=="USER2" }
con
----------------End of Script----------------

18:48:49 INFO  : Disconnected from the channel tcfchan#7.
14:56:42 DEBUG : Logs will be stored at 'C:/385_Vivado_Projects/Final_Project/ECE-385-Final-Project/final_project_vitis/IDE.log'.
14:56:43 INFO  : Launching XSCT server: xsct.bat -n  -interactive C:\385_Vivado_Projects\Final_Project\ECE-385-Final-Project\final_project_vitis\temp_xsdb_launch_script.tcl
14:56:45 INFO  : Platform repository initialization has completed.
14:56:49 INFO  : XSCT server has started successfully.
14:56:50 INFO  : Registering command handlers for Vitis TCF services
14:56:56 INFO  : plnx-install-location is set to ''
14:56:56 INFO  : Successfully done setting XSCT server connection channel  
14:56:56 INFO  : Successfully done query RDI_DATADIR 
14:56:56 INFO  : Successfully done setting workspace for the tool. 
15:04:39 INFO  : Hardware specification for platform project 'mb_usb_hdmi_top' is updated.
15:04:49 INFO  : Result from executing command 'getProjects': mb_usb_hdmi_top
15:04:49 INFO  : Result from executing command 'getPlatforms': mb_usb_hdmi_top|C:/385_Vivado_Projects/Final_Project/ECE-385-Final-Project/final_project_vitis/mb_usb_hdmi_top/export/mb_usb_hdmi_top/mb_usb_hdmi_top.xpfm
15:04:50 INFO  : Checking for BSP changes to sync application flags for project 'fp_usb'...
15:04:52 INFO  : The hardware specification used by project 'fp_usb' is out of sync with the platform. Resource files extracted from the hardware specification will be updated.
15:04:52 INFO  : The file 'C:\385_Vivado_Projects\Final_Project\ECE-385-Final-Project\final_project_vitis\fp_usb\_ide\bitstream\mb_usb_hdmi_top.bit' stored in project is removed.
15:04:52 INFO  : The file 'C:\385_Vivado_Projects\Final_Project\ECE-385-Final-Project\final_project_vitis\fp_usb\_ide\bitstream\mb_usb_hdmi_top.mmi' stored in project is removed.
15:04:52 INFO  : The updated bitstream files are copied from platform to folder 'C:\385_Vivado_Projects\Final_Project\ECE-385-Final-Project\final_project_vitis\fp_usb\_ide\bitstream' in project 'fp_usb'.
15:04:58 INFO  : Connected to target on host '127.0.0.1' and port '3121'.
15:04:58 INFO  : Jtag cable 'RealDigital Boo 8874292301F6A' is selected.
15:04:58 INFO  : 'jtag frequency' command is executed.
15:04:58 INFO  : 'targets -set -filter {jtag_cable_name =~ "RealDigital Boo 8874292301F6A" && level==0 && jtag_device_ctx=="jsn1-0362f093-0"}' command is executed.
15:05:00 INFO  : Device configured successfully with "C:/385_Vivado_Projects/Final_Project/ECE-385-Final-Project/final_project_vitis/fp_usb/_ide/bitstream/mb_usb_hdmi_top.bit"
15:05:00 INFO  : Context for processor 'microblaze_0' is selected.
15:05:00 INFO  : Hardware design and registers information is loaded from 'C:/385_Vivado_Projects/Final_Project/ECE-385-Final-Project/final_project_vitis/mb_usb_hdmi_top/export/mb_usb_hdmi_top/hw/mb_usb_hdmi_top.xsa'.
15:05:00 INFO  : 'configparams mdm-detect-bscan-mask 2' command is executed.
15:05:00 INFO  : Context for processor 'microblaze_0' is selected.
15:05:00 INFO  : System reset is completed.
15:05:03 INFO  : 'after 3000' command is executed.
15:05:03 INFO  : Context for processor 'microblaze_0' is selected.
15:05:03 INFO  : The application 'C:/385_Vivado_Projects/Final_Project/ECE-385-Final-Project/final_project_vitis/fp_usb/Debug/fp_usb.elf' is downloaded to processor 'microblaze_0'.
15:05:03 INFO  : ----------------XSDB Script----------------
connect -url tcp:127.0.0.1:3121
targets -set -filter {jtag_cable_name =~ "RealDigital Boo 8874292301F6A" && level==0 && jtag_device_ctx=="jsn1-0362f093-0"}
fpga -file C:/385_Vivado_Projects/Final_Project/ECE-385-Final-Project/final_project_vitis/fp_usb/_ide/bitstream/mb_usb_hdmi_top.bit
targets -set -nocase -filter {name =~ "*microblaze*#0" && bscan=="USER2" }
loadhw -hw C:/385_Vivado_Projects/Final_Project/ECE-385-Final-Project/final_project_vitis/mb_usb_hdmi_top/export/mb_usb_hdmi_top/hw/mb_usb_hdmi_top.xsa -regs
configparams mdm-detect-bscan-mask 2
targets -set -nocase -filter {name =~ "*microblaze*#0" && bscan=="USER2" }
rst -system
after 3000
targets -set -nocase -filter {name =~ "*microblaze*#0" && bscan=="USER2" }
dow C:/385_Vivado_Projects/Final_Project/ECE-385-Final-Project/final_project_vitis/fp_usb/Debug/fp_usb.elf
----------------End of Script----------------

15:05:03 INFO  : Context for processor 'microblaze_0' is selected.
15:05:03 INFO  : 'con' command is executed.
15:05:03 INFO  : ----------------XSDB Script (After Launch)----------------
targets -set -nocase -filter {name =~ "*microblaze*#0" && bscan=="USER2" }
con
----------------End of Script----------------

15:05:03 INFO  : Disconnected from the channel tcfchan#2.
15:23:25 INFO  : Hardware specification for platform project 'mb_usb_hdmi_top' is updated.
15:23:34 INFO  : Result from executing command 'getProjects': mb_usb_hdmi_top
15:23:34 INFO  : Result from executing command 'getPlatforms': mb_usb_hdmi_top|C:/385_Vivado_Projects/Final_Project/ECE-385-Final-Project/final_project_vitis/mb_usb_hdmi_top/export/mb_usb_hdmi_top/mb_usb_hdmi_top.xpfm
15:23:35 INFO  : Checking for BSP changes to sync application flags for project 'fp_usb'...
15:23:37 INFO  : The hardware specification used by project 'fp_usb' is out of sync with the platform. Resource files extracted from the hardware specification will be updated.
15:23:37 INFO  : The file 'C:\385_Vivado_Projects\Final_Project\ECE-385-Final-Project\final_project_vitis\fp_usb\_ide\bitstream\mb_usb_hdmi_top.bit' stored in project is removed.
15:23:37 INFO  : The file 'C:\385_Vivado_Projects\Final_Project\ECE-385-Final-Project\final_project_vitis\fp_usb\_ide\bitstream\mb_usb_hdmi_top.mmi' stored in project is removed.
15:23:37 INFO  : The updated bitstream files are copied from platform to folder 'C:\385_Vivado_Projects\Final_Project\ECE-385-Final-Project\final_project_vitis\fp_usb\_ide\bitstream' in project 'fp_usb'.
15:23:41 INFO  : Connected to target on host '127.0.0.1' and port '3121'.
15:23:41 INFO  : Jtag cable 'RealDigital Boo 8874292301F6A' is selected.
15:23:41 INFO  : 'jtag frequency' command is executed.
15:23:41 INFO  : 'targets -set -filter {jtag_cable_name =~ "RealDigital Boo 8874292301F6A" && level==0 && jtag_device_ctx=="jsn1-0362f093-0"}' command is executed.
15:23:42 INFO  : Device configured successfully with "C:/385_Vivado_Projects/Final_Project/ECE-385-Final-Project/final_project_vitis/fp_usb/_ide/bitstream/mb_usb_hdmi_top.bit"
15:23:42 INFO  : Context for processor 'microblaze_0' is selected.
15:23:42 INFO  : Hardware design and registers information is loaded from 'C:/385_Vivado_Projects/Final_Project/ECE-385-Final-Project/final_project_vitis/mb_usb_hdmi_top/export/mb_usb_hdmi_top/hw/mb_usb_hdmi_top.xsa'.
15:23:42 INFO  : 'configparams mdm-detect-bscan-mask 2' command is executed.
15:23:42 INFO  : Context for processor 'microblaze_0' is selected.
15:23:42 INFO  : System reset is completed.
15:23:45 INFO  : 'after 3000' command is executed.
15:23:45 INFO  : Context for processor 'microblaze_0' is selected.
15:23:45 INFO  : The application 'C:/385_Vivado_Projects/Final_Project/ECE-385-Final-Project/final_project_vitis/fp_usb/Debug/fp_usb.elf' is downloaded to processor 'microblaze_0'.
15:23:45 INFO  : ----------------XSDB Script----------------
connect -url tcp:127.0.0.1:3121
targets -set -filter {jtag_cable_name =~ "RealDigital Boo 8874292301F6A" && level==0 && jtag_device_ctx=="jsn1-0362f093-0"}
fpga -file C:/385_Vivado_Projects/Final_Project/ECE-385-Final-Project/final_project_vitis/fp_usb/_ide/bitstream/mb_usb_hdmi_top.bit
targets -set -nocase -filter {name =~ "*microblaze*#0" && bscan=="USER2" }
loadhw -hw C:/385_Vivado_Projects/Final_Project/ECE-385-Final-Project/final_project_vitis/mb_usb_hdmi_top/export/mb_usb_hdmi_top/hw/mb_usb_hdmi_top.xsa -regs
configparams mdm-detect-bscan-mask 2
targets -set -nocase -filter {name =~ "*microblaze*#0" && bscan=="USER2" }
rst -system
after 3000
targets -set -nocase -filter {name =~ "*microblaze*#0" && bscan=="USER2" }
dow C:/385_Vivado_Projects/Final_Project/ECE-385-Final-Project/final_project_vitis/fp_usb/Debug/fp_usb.elf
----------------End of Script----------------

15:23:46 INFO  : Context for processor 'microblaze_0' is selected.
15:23:46 INFO  : 'con' command is executed.
15:23:46 INFO  : ----------------XSDB Script (After Launch)----------------
targets -set -nocase -filter {name =~ "*microblaze*#0" && bscan=="USER2" }
con
----------------End of Script----------------

15:23:46 INFO  : Disconnected from the channel tcfchan#4.
16:09:07 INFO  : Hardware specification for platform project 'mb_usb_hdmi_top' is updated.
16:09:20 INFO  : Result from executing command 'getProjects': mb_usb_hdmi_top
16:09:20 INFO  : Result from executing command 'getPlatforms': mb_usb_hdmi_top|C:/385_Vivado_Projects/Final_Project/ECE-385-Final-Project/final_project_vitis/mb_usb_hdmi_top/export/mb_usb_hdmi_top/mb_usb_hdmi_top.xpfm
16:09:21 INFO  : Checking for BSP changes to sync application flags for project 'fp_usb'...
16:09:22 INFO  : The hardware specification used by project 'fp_usb' is out of sync with the platform. Resource files extracted from the hardware specification will be updated.
16:09:22 INFO  : The file 'C:\385_Vivado_Projects\Final_Project\ECE-385-Final-Project\final_project_vitis\fp_usb\_ide\bitstream\mb_usb_hdmi_top.bit' stored in project is removed.
16:09:22 INFO  : The file 'C:\385_Vivado_Projects\Final_Project\ECE-385-Final-Project\final_project_vitis\fp_usb\_ide\bitstream\mb_usb_hdmi_top.mmi' stored in project is removed.
16:09:23 INFO  : The updated bitstream files are copied from platform to folder 'C:\385_Vivado_Projects\Final_Project\ECE-385-Final-Project\final_project_vitis\fp_usb\_ide\bitstream' in project 'fp_usb'.
16:09:28 INFO  : Connected to target on host '127.0.0.1' and port '3121'.
16:09:28 INFO  : Jtag cable 'RealDigital Boo 8874292301F6A' is selected.
16:09:28 INFO  : 'jtag frequency' command is executed.
16:09:28 INFO  : 'targets -set -filter {jtag_cable_name =~ "RealDigital Boo 8874292301F6A" && level==0 && jtag_device_ctx=="jsn1-0362f093-0"}' command is executed.
16:09:29 INFO  : Device configured successfully with "C:/385_Vivado_Projects/Final_Project/ECE-385-Final-Project/final_project_vitis/fp_usb/_ide/bitstream/mb_usb_hdmi_top.bit"
16:09:30 INFO  : Context for processor 'microblaze_0' is selected.
16:09:30 INFO  : Hardware design and registers information is loaded from 'C:/385_Vivado_Projects/Final_Project/ECE-385-Final-Project/final_project_vitis/mb_usb_hdmi_top/export/mb_usb_hdmi_top/hw/mb_usb_hdmi_top.xsa'.
16:09:30 INFO  : 'configparams mdm-detect-bscan-mask 2' command is executed.
16:09:30 INFO  : Context for processor 'microblaze_0' is selected.
16:09:30 INFO  : System reset is completed.
16:09:33 INFO  : 'after 3000' command is executed.
16:09:33 INFO  : Context for processor 'microblaze_0' is selected.
16:09:33 INFO  : The application 'C:/385_Vivado_Projects/Final_Project/ECE-385-Final-Project/final_project_vitis/fp_usb/Debug/fp_usb.elf' is downloaded to processor 'microblaze_0'.
16:09:33 INFO  : ----------------XSDB Script----------------
connect -url tcp:127.0.0.1:3121
targets -set -filter {jtag_cable_name =~ "RealDigital Boo 8874292301F6A" && level==0 && jtag_device_ctx=="jsn1-0362f093-0"}
fpga -file C:/385_Vivado_Projects/Final_Project/ECE-385-Final-Project/final_project_vitis/fp_usb/_ide/bitstream/mb_usb_hdmi_top.bit
targets -set -nocase -filter {name =~ "*microblaze*#0" && bscan=="USER2" }
loadhw -hw C:/385_Vivado_Projects/Final_Project/ECE-385-Final-Project/final_project_vitis/mb_usb_hdmi_top/export/mb_usb_hdmi_top/hw/mb_usb_hdmi_top.xsa -regs
configparams mdm-detect-bscan-mask 2
targets -set -nocase -filter {name =~ "*microblaze*#0" && bscan=="USER2" }
rst -system
after 3000
targets -set -nocase -filter {name =~ "*microblaze*#0" && bscan=="USER2" }
dow C:/385_Vivado_Projects/Final_Project/ECE-385-Final-Project/final_project_vitis/fp_usb/Debug/fp_usb.elf
----------------End of Script----------------

16:09:33 INFO  : Context for processor 'microblaze_0' is selected.
16:09:33 INFO  : 'con' command is executed.
16:09:33 INFO  : ----------------XSDB Script (After Launch)----------------
targets -set -nocase -filter {name =~ "*microblaze*#0" && bscan=="USER2" }
con
----------------End of Script----------------

16:09:33 INFO  : Disconnected from the channel tcfchan#6.
16:18:46 INFO  : Hardware specification for platform project 'mb_usb_hdmi_top' is updated.
16:19:23 INFO  : Result from executing command 'getProjects': mb_usb_hdmi_top
16:19:23 INFO  : Result from executing command 'getPlatforms': mb_usb_hdmi_top|C:/385_Vivado_Projects/Final_Project/ECE-385-Final-Project/final_project_vitis/mb_usb_hdmi_top/export/mb_usb_hdmi_top/mb_usb_hdmi_top.xpfm
16:19:24 INFO  : Checking for BSP changes to sync application flags for project 'fp_usb'...
16:19:25 INFO  : The hardware specification used by project 'fp_usb' is out of sync with the platform. Resource files extracted from the hardware specification will be updated.
16:19:25 INFO  : The file 'C:\385_Vivado_Projects\Final_Project\ECE-385-Final-Project\final_project_vitis\fp_usb\_ide\bitstream\mb_usb_hdmi_top.bit' stored in project is removed.
16:19:25 INFO  : The file 'C:\385_Vivado_Projects\Final_Project\ECE-385-Final-Project\final_project_vitis\fp_usb\_ide\bitstream\mb_usb_hdmi_top.mmi' stored in project is removed.
16:19:25 INFO  : The updated bitstream files are copied from platform to folder 'C:\385_Vivado_Projects\Final_Project\ECE-385-Final-Project\final_project_vitis\fp_usb\_ide\bitstream' in project 'fp_usb'.
16:19:58 INFO  : Connected to target on host '127.0.0.1' and port '3121'.
16:19:59 INFO  : Jtag cable 'RealDigital Boo 8874292301F6A' is selected.
16:19:59 INFO  : 'jtag frequency' command is executed.
16:19:59 INFO  : 'targets -set -filter {jtag_cable_name =~ "RealDigital Boo 8874292301F6A" && level==0 && jtag_device_ctx=="jsn1-0362f093-0"}' command is executed.
16:20:00 INFO  : Device configured successfully with "C:/385_Vivado_Projects/Final_Project/ECE-385-Final-Project/final_project_vitis/fp_usb/_ide/bitstream/mb_usb_hdmi_top.bit"
16:20:00 INFO  : Context for processor 'microblaze_0' is selected.
16:20:00 INFO  : Hardware design and registers information is loaded from 'C:/385_Vivado_Projects/Final_Project/ECE-385-Final-Project/final_project_vitis/mb_usb_hdmi_top/export/mb_usb_hdmi_top/hw/mb_usb_hdmi_top.xsa'.
16:20:00 INFO  : 'configparams mdm-detect-bscan-mask 2' command is executed.
16:20:00 INFO  : Context for processor 'microblaze_0' is selected.
16:20:00 INFO  : System reset is completed.
16:20:03 INFO  : 'after 3000' command is executed.
16:20:03 INFO  : Context for processor 'microblaze_0' is selected.
16:20:03 INFO  : The application 'C:/385_Vivado_Projects/Final_Project/ECE-385-Final-Project/final_project_vitis/fp_usb/Debug/fp_usb.elf' is downloaded to processor 'microblaze_0'.
16:20:03 INFO  : ----------------XSDB Script----------------
connect -url tcp:127.0.0.1:3121
targets -set -filter {jtag_cable_name =~ "RealDigital Boo 8874292301F6A" && level==0 && jtag_device_ctx=="jsn1-0362f093-0"}
fpga -file C:/385_Vivado_Projects/Final_Project/ECE-385-Final-Project/final_project_vitis/fp_usb/_ide/bitstream/mb_usb_hdmi_top.bit
targets -set -nocase -filter {name =~ "*microblaze*#0" && bscan=="USER2" }
loadhw -hw C:/385_Vivado_Projects/Final_Project/ECE-385-Final-Project/final_project_vitis/mb_usb_hdmi_top/export/mb_usb_hdmi_top/hw/mb_usb_hdmi_top.xsa -regs
configparams mdm-detect-bscan-mask 2
targets -set -nocase -filter {name =~ "*microblaze*#0" && bscan=="USER2" }
rst -system
after 3000
targets -set -nocase -filter {name =~ "*microblaze*#0" && bscan=="USER2" }
dow C:/385_Vivado_Projects/Final_Project/ECE-385-Final-Project/final_project_vitis/fp_usb/Debug/fp_usb.elf
----------------End of Script----------------

16:20:03 INFO  : Context for processor 'microblaze_0' is selected.
16:20:03 INFO  : 'con' command is executed.
16:20:03 INFO  : ----------------XSDB Script (After Launch)----------------
targets -set -nocase -filter {name =~ "*microblaze*#0" && bscan=="USER2" }
con
----------------End of Script----------------

16:20:03 INFO  : Disconnected from the channel tcfchan#8.
17:01:51 INFO  : Hardware specification for platform project 'mb_usb_hdmi_top' is updated.
17:02:03 INFO  : Result from executing command 'getProjects': mb_usb_hdmi_top
17:02:03 INFO  : Result from executing command 'getPlatforms': mb_usb_hdmi_top|C:/385_Vivado_Projects/Final_Project/ECE-385-Final-Project/final_project_vitis/mb_usb_hdmi_top/export/mb_usb_hdmi_top/mb_usb_hdmi_top.xpfm
17:02:03 INFO  : Checking for BSP changes to sync application flags for project 'fp_usb'...
17:02:05 INFO  : The hardware specification used by project 'fp_usb' is out of sync with the platform. Resource files extracted from the hardware specification will be updated.
17:02:05 INFO  : The file 'C:\385_Vivado_Projects\Final_Project\ECE-385-Final-Project\final_project_vitis\fp_usb\_ide\bitstream\mb_usb_hdmi_top.bit' stored in project is removed.
17:02:05 INFO  : The file 'C:\385_Vivado_Projects\Final_Project\ECE-385-Final-Project\final_project_vitis\fp_usb\_ide\bitstream\mb_usb_hdmi_top.mmi' stored in project is removed.
17:02:05 INFO  : The updated bitstream files are copied from platform to folder 'C:\385_Vivado_Projects\Final_Project\ECE-385-Final-Project\final_project_vitis\fp_usb\_ide\bitstream' in project 'fp_usb'.
17:02:55 INFO  : Connected to target on host '127.0.0.1' and port '3121'.
17:02:55 INFO  : Jtag cable 'RealDigital Boo 8874292301F6A' is selected.
17:02:55 INFO  : 'jtag frequency' command is executed.
17:02:55 INFO  : 'targets -set -filter {jtag_cable_name =~ "RealDigital Boo 8874292301F6A" && level==0 && jtag_device_ctx=="jsn1-0362f093-0"}' command is executed.
17:02:57 INFO  : Device configured successfully with "C:/385_Vivado_Projects/Final_Project/ECE-385-Final-Project/final_project_vitis/fp_usb/_ide/bitstream/mb_usb_hdmi_top.bit"
17:02:57 INFO  : Context for processor 'microblaze_0' is selected.
17:02:57 INFO  : Hardware design and registers information is loaded from 'C:/385_Vivado_Projects/Final_Project/ECE-385-Final-Project/final_project_vitis/mb_usb_hdmi_top/export/mb_usb_hdmi_top/hw/mb_usb_hdmi_top.xsa'.
17:02:57 INFO  : 'configparams mdm-detect-bscan-mask 2' command is executed.
17:02:57 INFO  : Context for processor 'microblaze_0' is selected.
17:02:57 INFO  : System reset is completed.
17:03:00 INFO  : 'after 3000' command is executed.
17:03:00 INFO  : Context for processor 'microblaze_0' is selected.
17:03:00 INFO  : The application 'C:/385_Vivado_Projects/Final_Project/ECE-385-Final-Project/final_project_vitis/fp_usb/Debug/fp_usb.elf' is downloaded to processor 'microblaze_0'.
17:03:00 INFO  : ----------------XSDB Script----------------
connect -url tcp:127.0.0.1:3121
targets -set -filter {jtag_cable_name =~ "RealDigital Boo 8874292301F6A" && level==0 && jtag_device_ctx=="jsn1-0362f093-0"}
fpga -file C:/385_Vivado_Projects/Final_Project/ECE-385-Final-Project/final_project_vitis/fp_usb/_ide/bitstream/mb_usb_hdmi_top.bit
targets -set -nocase -filter {name =~ "*microblaze*#0" && bscan=="USER2" }
loadhw -hw C:/385_Vivado_Projects/Final_Project/ECE-385-Final-Project/final_project_vitis/mb_usb_hdmi_top/export/mb_usb_hdmi_top/hw/mb_usb_hdmi_top.xsa -regs
configparams mdm-detect-bscan-mask 2
targets -set -nocase -filter {name =~ "*microblaze*#0" && bscan=="USER2" }
rst -system
after 3000
targets -set -nocase -filter {name =~ "*microblaze*#0" && bscan=="USER2" }
dow C:/385_Vivado_Projects/Final_Project/ECE-385-Final-Project/final_project_vitis/fp_usb/Debug/fp_usb.elf
----------------End of Script----------------

17:03:00 INFO  : Context for processor 'microblaze_0' is selected.
17:03:00 INFO  : 'con' command is executed.
17:03:00 INFO  : ----------------XSDB Script (After Launch)----------------
targets -set -nocase -filter {name =~ "*microblaze*#0" && bscan=="USER2" }
con
----------------End of Script----------------

17:03:00 INFO  : Disconnected from the channel tcfchan#10.
17:16:09 INFO  : Hardware specification for platform project 'mb_usb_hdmi_top' is updated.
17:16:21 INFO  : Result from executing command 'getProjects': mb_usb_hdmi_top
17:16:21 INFO  : Result from executing command 'getPlatforms': mb_usb_hdmi_top|C:/385_Vivado_Projects/Final_Project/ECE-385-Final-Project/final_project_vitis/mb_usb_hdmi_top/export/mb_usb_hdmi_top/mb_usb_hdmi_top.xpfm
17:16:21 INFO  : Checking for BSP changes to sync application flags for project 'fp_usb'...
17:16:23 INFO  : The hardware specification used by project 'fp_usb' is out of sync with the platform. Resource files extracted from the hardware specification will be updated.
17:16:23 INFO  : The file 'C:\385_Vivado_Projects\Final_Project\ECE-385-Final-Project\final_project_vitis\fp_usb\_ide\bitstream\mb_usb_hdmi_top.bit' stored in project is removed.
17:16:23 INFO  : The file 'C:\385_Vivado_Projects\Final_Project\ECE-385-Final-Project\final_project_vitis\fp_usb\_ide\bitstream\mb_usb_hdmi_top.mmi' stored in project is removed.
17:16:23 INFO  : The updated bitstream files are copied from platform to folder 'C:\385_Vivado_Projects\Final_Project\ECE-385-Final-Project\final_project_vitis\fp_usb\_ide\bitstream' in project 'fp_usb'.
17:16:28 INFO  : Connected to target on host '127.0.0.1' and port '3121'.
17:16:35 INFO  : Jtag cable 'RealDigital Boo 8874292301F6A' is selected.
17:16:35 INFO  : 'jtag frequency' command is executed.
17:16:35 INFO  : 'targets -set -filter {jtag_cable_name =~ "RealDigital Boo 8874292301F6A" && level==0 && jtag_device_ctx=="jsn1-0362f093-0"}' command is executed.
17:16:36 INFO  : Device configured successfully with "C:/385_Vivado_Projects/Final_Project/ECE-385-Final-Project/final_project_vitis/fp_usb/_ide/bitstream/mb_usb_hdmi_top.bit"
17:16:36 INFO  : Context for processor 'microblaze_0' is selected.
17:16:36 INFO  : Hardware design and registers information is loaded from 'C:/385_Vivado_Projects/Final_Project/ECE-385-Final-Project/final_project_vitis/mb_usb_hdmi_top/export/mb_usb_hdmi_top/hw/mb_usb_hdmi_top.xsa'.
17:16:36 INFO  : 'configparams mdm-detect-bscan-mask 2' command is executed.
17:16:36 INFO  : Context for processor 'microblaze_0' is selected.
17:16:36 INFO  : System reset is completed.
17:16:39 INFO  : 'after 3000' command is executed.
17:16:39 INFO  : Context for processor 'microblaze_0' is selected.
17:16:39 INFO  : The application 'C:/385_Vivado_Projects/Final_Project/ECE-385-Final-Project/final_project_vitis/fp_usb/Debug/fp_usb.elf' is downloaded to processor 'microblaze_0'.
17:16:39 INFO  : ----------------XSDB Script----------------
connect -url tcp:127.0.0.1:3121
targets -set -filter {jtag_cable_name =~ "RealDigital Boo 8874292301F6A" && level==0 && jtag_device_ctx=="jsn1-0362f093-0"}
fpga -file C:/385_Vivado_Projects/Final_Project/ECE-385-Final-Project/final_project_vitis/fp_usb/_ide/bitstream/mb_usb_hdmi_top.bit
targets -set -nocase -filter {name =~ "*microblaze*#0" && bscan=="USER2" }
loadhw -hw C:/385_Vivado_Projects/Final_Project/ECE-385-Final-Project/final_project_vitis/mb_usb_hdmi_top/export/mb_usb_hdmi_top/hw/mb_usb_hdmi_top.xsa -regs
configparams mdm-detect-bscan-mask 2
targets -set -nocase -filter {name =~ "*microblaze*#0" && bscan=="USER2" }
rst -system
after 3000
targets -set -nocase -filter {name =~ "*microblaze*#0" && bscan=="USER2" }
dow C:/385_Vivado_Projects/Final_Project/ECE-385-Final-Project/final_project_vitis/fp_usb/Debug/fp_usb.elf
----------------End of Script----------------

17:16:39 INFO  : Context for processor 'microblaze_0' is selected.
17:16:39 INFO  : 'con' command is executed.
17:16:39 INFO  : ----------------XSDB Script (After Launch)----------------
targets -set -nocase -filter {name =~ "*microblaze*#0" && bscan=="USER2" }
con
----------------End of Script----------------

17:16:39 INFO  : Disconnected from the channel tcfchan#12.
17:35:35 INFO  : Hardware specification for platform project 'mb_usb_hdmi_top' is updated.
17:35:49 INFO  : Result from executing command 'getProjects': mb_usb_hdmi_top
17:35:49 INFO  : Result from executing command 'getPlatforms': mb_usb_hdmi_top|C:/385_Vivado_Projects/Final_Project/ECE-385-Final-Project/final_project_vitis/mb_usb_hdmi_top/export/mb_usb_hdmi_top/mb_usb_hdmi_top.xpfm
17:35:50 INFO  : Checking for BSP changes to sync application flags for project 'fp_usb'...
17:35:52 INFO  : The hardware specification used by project 'fp_usb' is out of sync with the platform. Resource files extracted from the hardware specification will be updated.
17:35:53 INFO  : The file 'C:\385_Vivado_Projects\Final_Project\ECE-385-Final-Project\final_project_vitis\fp_usb\_ide\bitstream\mb_usb_hdmi_top.bit' stored in project is removed.
17:35:53 INFO  : The file 'C:\385_Vivado_Projects\Final_Project\ECE-385-Final-Project\final_project_vitis\fp_usb\_ide\bitstream\mb_usb_hdmi_top.mmi' stored in project is removed.
17:35:53 INFO  : The updated bitstream files are copied from platform to folder 'C:\385_Vivado_Projects\Final_Project\ECE-385-Final-Project\final_project_vitis\fp_usb\_ide\bitstream' in project 'fp_usb'.
17:35:59 INFO  : Connected to target on host '127.0.0.1' and port '3121'.
17:35:59 INFO  : Jtag cable 'RealDigital Boo 8874292301F6A' is selected.
17:35:59 INFO  : 'jtag frequency' command is executed.
17:35:59 INFO  : 'targets -set -filter {jtag_cable_name =~ "RealDigital Boo 8874292301F6A" && level==0 && jtag_device_ctx=="jsn1-0362f093-0"}' command is executed.
17:36:01 INFO  : Device configured successfully with "C:/385_Vivado_Projects/Final_Project/ECE-385-Final-Project/final_project_vitis/fp_usb/_ide/bitstream/mb_usb_hdmi_top.bit"
17:36:01 INFO  : Context for processor 'microblaze_0' is selected.
17:36:01 INFO  : Hardware design and registers information is loaded from 'C:/385_Vivado_Projects/Final_Project/ECE-385-Final-Project/final_project_vitis/mb_usb_hdmi_top/export/mb_usb_hdmi_top/hw/mb_usb_hdmi_top.xsa'.
17:36:01 INFO  : 'configparams mdm-detect-bscan-mask 2' command is executed.
17:36:01 INFO  : Context for processor 'microblaze_0' is selected.
17:36:01 INFO  : System reset is completed.
17:36:04 INFO  : 'after 3000' command is executed.
17:36:04 INFO  : Context for processor 'microblaze_0' is selected.
17:36:04 INFO  : The application 'C:/385_Vivado_Projects/Final_Project/ECE-385-Final-Project/final_project_vitis/fp_usb/Debug/fp_usb.elf' is downloaded to processor 'microblaze_0'.
17:36:04 INFO  : ----------------XSDB Script----------------
connect -url tcp:127.0.0.1:3121
targets -set -filter {jtag_cable_name =~ "RealDigital Boo 8874292301F6A" && level==0 && jtag_device_ctx=="jsn1-0362f093-0"}
fpga -file C:/385_Vivado_Projects/Final_Project/ECE-385-Final-Project/final_project_vitis/fp_usb/_ide/bitstream/mb_usb_hdmi_top.bit
targets -set -nocase -filter {name =~ "*microblaze*#0" && bscan=="USER2" }
loadhw -hw C:/385_Vivado_Projects/Final_Project/ECE-385-Final-Project/final_project_vitis/mb_usb_hdmi_top/export/mb_usb_hdmi_top/hw/mb_usb_hdmi_top.xsa -regs
configparams mdm-detect-bscan-mask 2
targets -set -nocase -filter {name =~ "*microblaze*#0" && bscan=="USER2" }
rst -system
after 3000
targets -set -nocase -filter {name =~ "*microblaze*#0" && bscan=="USER2" }
dow C:/385_Vivado_Projects/Final_Project/ECE-385-Final-Project/final_project_vitis/fp_usb/Debug/fp_usb.elf
----------------End of Script----------------

17:36:04 INFO  : Context for processor 'microblaze_0' is selected.
17:36:04 INFO  : 'con' command is executed.
17:36:04 INFO  : ----------------XSDB Script (After Launch)----------------
targets -set -nocase -filter {name =~ "*microblaze*#0" && bscan=="USER2" }
con
----------------End of Script----------------

17:36:05 INFO  : Disconnected from the channel tcfchan#14.
17:50:45 INFO  : Hardware specification for platform project 'mb_usb_hdmi_top' is updated.
17:51:01 INFO  : Result from executing command 'getProjects': mb_usb_hdmi_top
17:51:01 INFO  : Result from executing command 'getPlatforms': mb_usb_hdmi_top|C:/385_Vivado_Projects/Final_Project/ECE-385-Final-Project/final_project_vitis/mb_usb_hdmi_top/export/mb_usb_hdmi_top/mb_usb_hdmi_top.xpfm
17:51:01 INFO  : Checking for BSP changes to sync application flags for project 'fp_usb'...
17:51:04 INFO  : The hardware specification used by project 'fp_usb' is out of sync with the platform. Resource files extracted from the hardware specification will be updated.
17:51:04 INFO  : The file 'C:\385_Vivado_Projects\Final_Project\ECE-385-Final-Project\final_project_vitis\fp_usb\_ide\bitstream\mb_usb_hdmi_top.bit' stored in project is removed.
17:51:04 INFO  : The file 'C:\385_Vivado_Projects\Final_Project\ECE-385-Final-Project\final_project_vitis\fp_usb\_ide\bitstream\mb_usb_hdmi_top.mmi' stored in project is removed.
17:51:04 INFO  : The updated bitstream files are copied from platform to folder 'C:\385_Vivado_Projects\Final_Project\ECE-385-Final-Project\final_project_vitis\fp_usb\_ide\bitstream' in project 'fp_usb'.
17:51:09 INFO  : Connected to target on host '127.0.0.1' and port '3121'.
17:51:09 INFO  : Jtag cable 'RealDigital Boo 8874292301F6A' is selected.
17:51:09 INFO  : 'jtag frequency' command is executed.
17:51:10 INFO  : 'targets -set -filter {jtag_cable_name =~ "RealDigital Boo 8874292301F6A" && level==0 && jtag_device_ctx=="jsn1-0362f093-0"}' command is executed.
17:51:11 INFO  : Device configured successfully with "C:/385_Vivado_Projects/Final_Project/ECE-385-Final-Project/final_project_vitis/fp_usb/_ide/bitstream/mb_usb_hdmi_top.bit"
17:51:11 INFO  : Context for processor 'microblaze_0' is selected.
17:51:11 INFO  : Hardware design and registers information is loaded from 'C:/385_Vivado_Projects/Final_Project/ECE-385-Final-Project/final_project_vitis/mb_usb_hdmi_top/export/mb_usb_hdmi_top/hw/mb_usb_hdmi_top.xsa'.
17:51:11 INFO  : 'configparams mdm-detect-bscan-mask 2' command is executed.
17:51:11 INFO  : Context for processor 'microblaze_0' is selected.
17:51:11 INFO  : System reset is completed.
17:51:14 INFO  : 'after 3000' command is executed.
17:51:14 INFO  : Context for processor 'microblaze_0' is selected.
17:51:14 INFO  : The application 'C:/385_Vivado_Projects/Final_Project/ECE-385-Final-Project/final_project_vitis/fp_usb/Debug/fp_usb.elf' is downloaded to processor 'microblaze_0'.
17:51:14 INFO  : ----------------XSDB Script----------------
connect -url tcp:127.0.0.1:3121
targets -set -filter {jtag_cable_name =~ "RealDigital Boo 8874292301F6A" && level==0 && jtag_device_ctx=="jsn1-0362f093-0"}
fpga -file C:/385_Vivado_Projects/Final_Project/ECE-385-Final-Project/final_project_vitis/fp_usb/_ide/bitstream/mb_usb_hdmi_top.bit
targets -set -nocase -filter {name =~ "*microblaze*#0" && bscan=="USER2" }
loadhw -hw C:/385_Vivado_Projects/Final_Project/ECE-385-Final-Project/final_project_vitis/mb_usb_hdmi_top/export/mb_usb_hdmi_top/hw/mb_usb_hdmi_top.xsa -regs
configparams mdm-detect-bscan-mask 2
targets -set -nocase -filter {name =~ "*microblaze*#0" && bscan=="USER2" }
rst -system
after 3000
targets -set -nocase -filter {name =~ "*microblaze*#0" && bscan=="USER2" }
dow C:/385_Vivado_Projects/Final_Project/ECE-385-Final-Project/final_project_vitis/fp_usb/Debug/fp_usb.elf
----------------End of Script----------------

17:51:15 INFO  : Context for processor 'microblaze_0' is selected.
17:51:15 INFO  : 'con' command is executed.
17:51:15 INFO  : ----------------XSDB Script (After Launch)----------------
targets -set -nocase -filter {name =~ "*microblaze*#0" && bscan=="USER2" }
con
----------------End of Script----------------

17:51:15 INFO  : Disconnected from the channel tcfchan#16.
18:03:09 INFO  : Hardware specification for platform project 'mb_usb_hdmi_top' is updated.
18:03:34 INFO  : Result from executing command 'getProjects': mb_usb_hdmi_top
18:03:34 INFO  : Result from executing command 'getPlatforms': mb_usb_hdmi_top|C:/385_Vivado_Projects/Final_Project/ECE-385-Final-Project/final_project_vitis/mb_usb_hdmi_top/export/mb_usb_hdmi_top/mb_usb_hdmi_top.xpfm
18:03:34 INFO  : Checking for BSP changes to sync application flags for project 'fp_usb'...
18:03:37 INFO  : The hardware specification used by project 'fp_usb' is out of sync with the platform. Resource files extracted from the hardware specification will be updated.
18:03:37 INFO  : The file 'C:\385_Vivado_Projects\Final_Project\ECE-385-Final-Project\final_project_vitis\fp_usb\_ide\bitstream\mb_usb_hdmi_top.bit' stored in project is removed.
18:03:37 INFO  : The file 'C:\385_Vivado_Projects\Final_Project\ECE-385-Final-Project\final_project_vitis\fp_usb\_ide\bitstream\mb_usb_hdmi_top.mmi' stored in project is removed.
18:03:37 INFO  : The updated bitstream files are copied from platform to folder 'C:\385_Vivado_Projects\Final_Project\ECE-385-Final-Project\final_project_vitis\fp_usb\_ide\bitstream' in project 'fp_usb'.
18:03:45 INFO  : Connected to target on host '127.0.0.1' and port '3121'.
18:03:46 INFO  : Jtag cable 'RealDigital Boo 8874292301F6A' is selected.
18:03:46 INFO  : 'jtag frequency' command is executed.
18:03:46 INFO  : 'targets -set -filter {jtag_cable_name =~ "RealDigital Boo 8874292301F6A" && level==0 && jtag_device_ctx=="jsn1-0362f093-0"}' command is executed.
18:03:47 INFO  : Device configured successfully with "C:/385_Vivado_Projects/Final_Project/ECE-385-Final-Project/final_project_vitis/fp_usb/_ide/bitstream/mb_usb_hdmi_top.bit"
18:03:48 INFO  : Context for processor 'microblaze_0' is selected.
18:03:48 INFO  : Hardware design and registers information is loaded from 'C:/385_Vivado_Projects/Final_Project/ECE-385-Final-Project/final_project_vitis/mb_usb_hdmi_top/export/mb_usb_hdmi_top/hw/mb_usb_hdmi_top.xsa'.
18:03:48 INFO  : 'configparams mdm-detect-bscan-mask 2' command is executed.
18:03:48 INFO  : Context for processor 'microblaze_0' is selected.
18:03:48 INFO  : System reset is completed.
18:03:51 INFO  : 'after 3000' command is executed.
18:03:51 INFO  : Context for processor 'microblaze_0' is selected.
18:03:51 INFO  : The application 'C:/385_Vivado_Projects/Final_Project/ECE-385-Final-Project/final_project_vitis/fp_usb/Debug/fp_usb.elf' is downloaded to processor 'microblaze_0'.
18:03:51 INFO  : ----------------XSDB Script----------------
connect -url tcp:127.0.0.1:3121
targets -set -filter {jtag_cable_name =~ "RealDigital Boo 8874292301F6A" && level==0 && jtag_device_ctx=="jsn1-0362f093-0"}
fpga -file C:/385_Vivado_Projects/Final_Project/ECE-385-Final-Project/final_project_vitis/fp_usb/_ide/bitstream/mb_usb_hdmi_top.bit
targets -set -nocase -filter {name =~ "*microblaze*#0" && bscan=="USER2" }
loadhw -hw C:/385_Vivado_Projects/Final_Project/ECE-385-Final-Project/final_project_vitis/mb_usb_hdmi_top/export/mb_usb_hdmi_top/hw/mb_usb_hdmi_top.xsa -regs
configparams mdm-detect-bscan-mask 2
targets -set -nocase -filter {name =~ "*microblaze*#0" && bscan=="USER2" }
rst -system
after 3000
targets -set -nocase -filter {name =~ "*microblaze*#0" && bscan=="USER2" }
dow C:/385_Vivado_Projects/Final_Project/ECE-385-Final-Project/final_project_vitis/fp_usb/Debug/fp_usb.elf
----------------End of Script----------------

18:03:51 INFO  : Context for processor 'microblaze_0' is selected.
18:03:51 INFO  : 'con' command is executed.
18:03:51 INFO  : ----------------XSDB Script (After Launch)----------------
targets -set -nocase -filter {name =~ "*microblaze*#0" && bscan=="USER2" }
con
----------------End of Script----------------

18:03:51 INFO  : Disconnected from the channel tcfchan#18.
18:19:21 INFO  : Hardware specification for platform project 'mb_usb_hdmi_top' is updated.
18:19:35 INFO  : Result from executing command 'getProjects': mb_usb_hdmi_top
18:19:35 INFO  : Result from executing command 'getPlatforms': mb_usb_hdmi_top|C:/385_Vivado_Projects/Final_Project/ECE-385-Final-Project/final_project_vitis/mb_usb_hdmi_top/export/mb_usb_hdmi_top/mb_usb_hdmi_top.xpfm
18:19:35 INFO  : Checking for BSP changes to sync application flags for project 'fp_usb'...
18:19:38 INFO  : The hardware specification used by project 'fp_usb' is out of sync with the platform. Resource files extracted from the hardware specification will be updated.
18:19:38 INFO  : The file 'C:\385_Vivado_Projects\Final_Project\ECE-385-Final-Project\final_project_vitis\fp_usb\_ide\bitstream\mb_usb_hdmi_top.bit' stored in project is removed.
18:19:38 INFO  : The file 'C:\385_Vivado_Projects\Final_Project\ECE-385-Final-Project\final_project_vitis\fp_usb\_ide\bitstream\mb_usb_hdmi_top.mmi' stored in project is removed.
18:19:38 INFO  : The updated bitstream files are copied from platform to folder 'C:\385_Vivado_Projects\Final_Project\ECE-385-Final-Project\final_project_vitis\fp_usb\_ide\bitstream' in project 'fp_usb'.
18:19:43 INFO  : Connected to target on host '127.0.0.1' and port '3121'.
18:19:44 INFO  : Jtag cable 'RealDigital Boo 8874292301F6A' is selected.
18:19:44 INFO  : 'jtag frequency' command is executed.
18:19:44 INFO  : 'targets -set -filter {jtag_cable_name =~ "RealDigital Boo 8874292301F6A" && level==0 && jtag_device_ctx=="jsn1-0362f093-0"}' command is executed.
18:19:45 INFO  : Device configured successfully with "C:/385_Vivado_Projects/Final_Project/ECE-385-Final-Project/final_project_vitis/fp_usb/_ide/bitstream/mb_usb_hdmi_top.bit"
18:19:45 INFO  : Context for processor 'microblaze_0' is selected.
18:19:46 INFO  : Hardware design and registers information is loaded from 'C:/385_Vivado_Projects/Final_Project/ECE-385-Final-Project/final_project_vitis/mb_usb_hdmi_top/export/mb_usb_hdmi_top/hw/mb_usb_hdmi_top.xsa'.
18:19:46 INFO  : 'configparams mdm-detect-bscan-mask 2' command is executed.
18:19:46 INFO  : Context for processor 'microblaze_0' is selected.
18:19:46 INFO  : System reset is completed.
18:19:49 INFO  : 'after 3000' command is executed.
18:19:49 INFO  : Context for processor 'microblaze_0' is selected.
18:19:49 INFO  : The application 'C:/385_Vivado_Projects/Final_Project/ECE-385-Final-Project/final_project_vitis/fp_usb/Debug/fp_usb.elf' is downloaded to processor 'microblaze_0'.
18:19:49 INFO  : ----------------XSDB Script----------------
connect -url tcp:127.0.0.1:3121
targets -set -filter {jtag_cable_name =~ "RealDigital Boo 8874292301F6A" && level==0 && jtag_device_ctx=="jsn1-0362f093-0"}
fpga -file C:/385_Vivado_Projects/Final_Project/ECE-385-Final-Project/final_project_vitis/fp_usb/_ide/bitstream/mb_usb_hdmi_top.bit
targets -set -nocase -filter {name =~ "*microblaze*#0" && bscan=="USER2" }
loadhw -hw C:/385_Vivado_Projects/Final_Project/ECE-385-Final-Project/final_project_vitis/mb_usb_hdmi_top/export/mb_usb_hdmi_top/hw/mb_usb_hdmi_top.xsa -regs
configparams mdm-detect-bscan-mask 2
targets -set -nocase -filter {name =~ "*microblaze*#0" && bscan=="USER2" }
rst -system
after 3000
targets -set -nocase -filter {name =~ "*microblaze*#0" && bscan=="USER2" }
dow C:/385_Vivado_Projects/Final_Project/ECE-385-Final-Project/final_project_vitis/fp_usb/Debug/fp_usb.elf
----------------End of Script----------------

18:19:49 INFO  : Context for processor 'microblaze_0' is selected.
18:19:49 INFO  : 'con' command is executed.
18:19:49 INFO  : ----------------XSDB Script (After Launch)----------------
targets -set -nocase -filter {name =~ "*microblaze*#0" && bscan=="USER2" }
con
----------------End of Script----------------

18:19:49 INFO  : Disconnected from the channel tcfchan#20.
18:31:57 INFO  : Hardware specification for platform project 'mb_usb_hdmi_top' is updated.
18:32:42 INFO  : Result from executing command 'getProjects': mb_usb_hdmi_top
18:32:42 INFO  : Result from executing command 'getPlatforms': mb_usb_hdmi_top|C:/385_Vivado_Projects/Final_Project/ECE-385-Final-Project/final_project_vitis/mb_usb_hdmi_top/export/mb_usb_hdmi_top/mb_usb_hdmi_top.xpfm
18:32:42 INFO  : Checking for BSP changes to sync application flags for project 'fp_usb'...
18:32:45 INFO  : The hardware specification used by project 'fp_usb' is out of sync with the platform. Resource files extracted from the hardware specification will be updated.
18:32:45 INFO  : The file 'C:\385_Vivado_Projects\Final_Project\ECE-385-Final-Project\final_project_vitis\fp_usb\_ide\bitstream\mb_usb_hdmi_top.bit' stored in project is removed.
18:32:45 INFO  : The file 'C:\385_Vivado_Projects\Final_Project\ECE-385-Final-Project\final_project_vitis\fp_usb\_ide\bitstream\mb_usb_hdmi_top.mmi' stored in project is removed.
18:32:45 INFO  : The updated bitstream files are copied from platform to folder 'C:\385_Vivado_Projects\Final_Project\ECE-385-Final-Project\final_project_vitis\fp_usb\_ide\bitstream' in project 'fp_usb'.
18:33:47 INFO  : Connected to target on host '127.0.0.1' and port '3121'.
18:33:47 INFO  : Jtag cable 'RealDigital Boo 8874292301F6A' is selected.
18:33:47 INFO  : 'jtag frequency' command is executed.
18:33:47 INFO  : 'targets -set -filter {jtag_cable_name =~ "RealDigital Boo 8874292301F6A" && level==0 && jtag_device_ctx=="jsn1-0362f093-0"}' command is executed.
18:33:49 INFO  : Device configured successfully with "C:/385_Vivado_Projects/Final_Project/ECE-385-Final-Project/final_project_vitis/fp_usb/_ide/bitstream/mb_usb_hdmi_top.bit"
18:33:49 INFO  : Context for processor 'microblaze_0' is selected.
18:33:49 INFO  : Hardware design and registers information is loaded from 'C:/385_Vivado_Projects/Final_Project/ECE-385-Final-Project/final_project_vitis/mb_usb_hdmi_top/export/mb_usb_hdmi_top/hw/mb_usb_hdmi_top.xsa'.
18:33:49 INFO  : 'configparams mdm-detect-bscan-mask 2' command is executed.
18:33:49 INFO  : Context for processor 'microblaze_0' is selected.
18:33:49 INFO  : System reset is completed.
18:33:52 INFO  : 'after 3000' command is executed.
18:33:52 INFO  : Context for processor 'microblaze_0' is selected.
18:33:52 INFO  : The application 'C:/385_Vivado_Projects/Final_Project/ECE-385-Final-Project/final_project_vitis/fp_usb/Debug/fp_usb.elf' is downloaded to processor 'microblaze_0'.
18:33:52 INFO  : ----------------XSDB Script----------------
connect -url tcp:127.0.0.1:3121
targets -set -filter {jtag_cable_name =~ "RealDigital Boo 8874292301F6A" && level==0 && jtag_device_ctx=="jsn1-0362f093-0"}
fpga -file C:/385_Vivado_Projects/Final_Project/ECE-385-Final-Project/final_project_vitis/fp_usb/_ide/bitstream/mb_usb_hdmi_top.bit
targets -set -nocase -filter {name =~ "*microblaze*#0" && bscan=="USER2" }
loadhw -hw C:/385_Vivado_Projects/Final_Project/ECE-385-Final-Project/final_project_vitis/mb_usb_hdmi_top/export/mb_usb_hdmi_top/hw/mb_usb_hdmi_top.xsa -regs
configparams mdm-detect-bscan-mask 2
targets -set -nocase -filter {name =~ "*microblaze*#0" && bscan=="USER2" }
rst -system
after 3000
targets -set -nocase -filter {name =~ "*microblaze*#0" && bscan=="USER2" }
dow C:/385_Vivado_Projects/Final_Project/ECE-385-Final-Project/final_project_vitis/fp_usb/Debug/fp_usb.elf
----------------End of Script----------------

18:33:52 INFO  : Context for processor 'microblaze_0' is selected.
18:33:52 INFO  : 'con' command is executed.
18:33:52 INFO  : ----------------XSDB Script (After Launch)----------------
targets -set -nocase -filter {name =~ "*microblaze*#0" && bscan=="USER2" }
con
----------------End of Script----------------

18:33:53 INFO  : Disconnected from the channel tcfchan#22.
18:44:36 INFO  : Hardware specification for platform project 'mb_usb_hdmi_top' is updated.
18:44:51 INFO  : Result from executing command 'getProjects': mb_usb_hdmi_top
18:44:51 INFO  : Result from executing command 'getPlatforms': mb_usb_hdmi_top|C:/385_Vivado_Projects/Final_Project/ECE-385-Final-Project/final_project_vitis/mb_usb_hdmi_top/export/mb_usb_hdmi_top/mb_usb_hdmi_top.xpfm
18:44:51 INFO  : Checking for BSP changes to sync application flags for project 'fp_usb'...
18:44:54 INFO  : The hardware specification used by project 'fp_usb' is out of sync with the platform. Resource files extracted from the hardware specification will be updated.
18:44:54 INFO  : The file 'C:\385_Vivado_Projects\Final_Project\ECE-385-Final-Project\final_project_vitis\fp_usb\_ide\bitstream\mb_usb_hdmi_top.bit' stored in project is removed.
18:44:54 INFO  : The file 'C:\385_Vivado_Projects\Final_Project\ECE-385-Final-Project\final_project_vitis\fp_usb\_ide\bitstream\mb_usb_hdmi_top.mmi' stored in project is removed.
18:44:54 INFO  : The updated bitstream files are copied from platform to folder 'C:\385_Vivado_Projects\Final_Project\ECE-385-Final-Project\final_project_vitis\fp_usb\_ide\bitstream' in project 'fp_usb'.
18:44:59 INFO  : Connected to target on host '127.0.0.1' and port '3121'.
18:45:00 INFO  : Jtag cable 'RealDigital Boo 8874292301F6A' is selected.
18:45:00 INFO  : 'jtag frequency' command is executed.
18:45:00 INFO  : 'targets -set -filter {jtag_cable_name =~ "RealDigital Boo 8874292301F6A" && level==0 && jtag_device_ctx=="jsn1-0362f093-0"}' command is executed.
18:45:01 INFO  : Device configured successfully with "C:/385_Vivado_Projects/Final_Project/ECE-385-Final-Project/final_project_vitis/fp_usb/_ide/bitstream/mb_usb_hdmi_top.bit"
18:45:01 INFO  : Context for processor 'microblaze_0' is selected.
18:45:01 INFO  : Hardware design and registers information is loaded from 'C:/385_Vivado_Projects/Final_Project/ECE-385-Final-Project/final_project_vitis/mb_usb_hdmi_top/export/mb_usb_hdmi_top/hw/mb_usb_hdmi_top.xsa'.
18:45:01 INFO  : 'configparams mdm-detect-bscan-mask 2' command is executed.
18:45:02 INFO  : Context for processor 'microblaze_0' is selected.
18:45:02 INFO  : System reset is completed.
18:45:05 INFO  : 'after 3000' command is executed.
18:45:05 INFO  : Context for processor 'microblaze_0' is selected.
18:45:05 INFO  : The application 'C:/385_Vivado_Projects/Final_Project/ECE-385-Final-Project/final_project_vitis/fp_usb/Debug/fp_usb.elf' is downloaded to processor 'microblaze_0'.
18:45:05 INFO  : ----------------XSDB Script----------------
connect -url tcp:127.0.0.1:3121
targets -set -filter {jtag_cable_name =~ "RealDigital Boo 8874292301F6A" && level==0 && jtag_device_ctx=="jsn1-0362f093-0"}
fpga -file C:/385_Vivado_Projects/Final_Project/ECE-385-Final-Project/final_project_vitis/fp_usb/_ide/bitstream/mb_usb_hdmi_top.bit
targets -set -nocase -filter {name =~ "*microblaze*#0" && bscan=="USER2" }
loadhw -hw C:/385_Vivado_Projects/Final_Project/ECE-385-Final-Project/final_project_vitis/mb_usb_hdmi_top/export/mb_usb_hdmi_top/hw/mb_usb_hdmi_top.xsa -regs
configparams mdm-detect-bscan-mask 2
targets -set -nocase -filter {name =~ "*microblaze*#0" && bscan=="USER2" }
rst -system
after 3000
targets -set -nocase -filter {name =~ "*microblaze*#0" && bscan=="USER2" }
dow C:/385_Vivado_Projects/Final_Project/ECE-385-Final-Project/final_project_vitis/fp_usb/Debug/fp_usb.elf
----------------End of Script----------------

18:45:05 INFO  : Context for processor 'microblaze_0' is selected.
18:45:05 INFO  : 'con' command is executed.
18:45:05 INFO  : ----------------XSDB Script (After Launch)----------------
targets -set -nocase -filter {name =~ "*microblaze*#0" && bscan=="USER2" }
con
----------------End of Script----------------

18:45:05 INFO  : Disconnected from the channel tcfchan#24.
19:10:43 INFO  : Hardware specification for platform project 'mb_usb_hdmi_top' is updated.
19:11:01 INFO  : Result from executing command 'getProjects': mb_usb_hdmi_top
19:11:01 INFO  : Result from executing command 'getPlatforms': mb_usb_hdmi_top|C:/385_Vivado_Projects/Final_Project/ECE-385-Final-Project/final_project_vitis/mb_usb_hdmi_top/export/mb_usb_hdmi_top/mb_usb_hdmi_top.xpfm
19:11:01 INFO  : Checking for BSP changes to sync application flags for project 'fp_usb'...
19:11:04 INFO  : The hardware specification used by project 'fp_usb' is out of sync with the platform. Resource files extracted from the hardware specification will be updated.
19:11:04 INFO  : The file 'C:\385_Vivado_Projects\Final_Project\ECE-385-Final-Project\final_project_vitis\fp_usb\_ide\bitstream\mb_usb_hdmi_top.bit' stored in project is removed.
19:11:04 INFO  : The file 'C:\385_Vivado_Projects\Final_Project\ECE-385-Final-Project\final_project_vitis\fp_usb\_ide\bitstream\mb_usb_hdmi_top.mmi' stored in project is removed.
19:11:04 INFO  : The updated bitstream files are copied from platform to folder 'C:\385_Vivado_Projects\Final_Project\ECE-385-Final-Project\final_project_vitis\fp_usb\_ide\bitstream' in project 'fp_usb'.
19:11:29 INFO  : Connected to target on host '127.0.0.1' and port '3121'.
19:11:30 INFO  : Jtag cable 'RealDigital Boo 8874292301F6A' is selected.
19:11:30 INFO  : 'jtag frequency' command is executed.
19:11:30 INFO  : 'targets -set -filter {jtag_cable_name =~ "RealDigital Boo 8874292301F6A" && level==0 && jtag_device_ctx=="jsn1-0362f093-0"}' command is executed.
19:11:31 INFO  : Device configured successfully with "C:/385_Vivado_Projects/Final_Project/ECE-385-Final-Project/final_project_vitis/fp_usb/_ide/bitstream/mb_usb_hdmi_top.bit"
19:11:31 INFO  : Context for processor 'microblaze_0' is selected.
19:11:32 INFO  : Hardware design and registers information is loaded from 'C:/385_Vivado_Projects/Final_Project/ECE-385-Final-Project/final_project_vitis/mb_usb_hdmi_top/export/mb_usb_hdmi_top/hw/mb_usb_hdmi_top.xsa'.
19:11:32 INFO  : 'configparams mdm-detect-bscan-mask 2' command is executed.
19:11:32 INFO  : Context for processor 'microblaze_0' is selected.
19:11:32 INFO  : System reset is completed.
19:11:35 INFO  : 'after 3000' command is executed.
19:11:35 INFO  : Context for processor 'microblaze_0' is selected.
19:11:35 INFO  : The application 'C:/385_Vivado_Projects/Final_Project/ECE-385-Final-Project/final_project_vitis/fp_usb/Debug/fp_usb.elf' is downloaded to processor 'microblaze_0'.
19:11:35 INFO  : ----------------XSDB Script----------------
connect -url tcp:127.0.0.1:3121
targets -set -filter {jtag_cable_name =~ "RealDigital Boo 8874292301F6A" && level==0 && jtag_device_ctx=="jsn1-0362f093-0"}
fpga -file C:/385_Vivado_Projects/Final_Project/ECE-385-Final-Project/final_project_vitis/fp_usb/_ide/bitstream/mb_usb_hdmi_top.bit
targets -set -nocase -filter {name =~ "*microblaze*#0" && bscan=="USER2" }
loadhw -hw C:/385_Vivado_Projects/Final_Project/ECE-385-Final-Project/final_project_vitis/mb_usb_hdmi_top/export/mb_usb_hdmi_top/hw/mb_usb_hdmi_top.xsa -regs
configparams mdm-detect-bscan-mask 2
targets -set -nocase -filter {name =~ "*microblaze*#0" && bscan=="USER2" }
rst -system
after 3000
targets -set -nocase -filter {name =~ "*microblaze*#0" && bscan=="USER2" }
dow C:/385_Vivado_Projects/Final_Project/ECE-385-Final-Project/final_project_vitis/fp_usb/Debug/fp_usb.elf
----------------End of Script----------------

19:11:35 INFO  : Context for processor 'microblaze_0' is selected.
19:11:35 INFO  : 'con' command is executed.
19:11:35 INFO  : ----------------XSDB Script (After Launch)----------------
targets -set -nocase -filter {name =~ "*microblaze*#0" && bscan=="USER2" }
con
----------------End of Script----------------

19:11:35 INFO  : Disconnected from the channel tcfchan#26.
19:26:49 INFO  : Hardware specification for platform project 'mb_usb_hdmi_top' is updated.
19:27:00 INFO  : Result from executing command 'getProjects': mb_usb_hdmi_top
19:27:00 INFO  : Result from executing command 'getPlatforms': mb_usb_hdmi_top|C:/385_Vivado_Projects/Final_Project/ECE-385-Final-Project/final_project_vitis/mb_usb_hdmi_top/export/mb_usb_hdmi_top/mb_usb_hdmi_top.xpfm
19:27:00 INFO  : Checking for BSP changes to sync application flags for project 'fp_usb'...
19:27:02 INFO  : The hardware specification used by project 'fp_usb' is out of sync with the platform. Resource files extracted from the hardware specification will be updated.
19:27:02 INFO  : The file 'C:\385_Vivado_Projects\Final_Project\ECE-385-Final-Project\final_project_vitis\fp_usb\_ide\bitstream\mb_usb_hdmi_top.bit' stored in project is removed.
19:27:02 INFO  : The file 'C:\385_Vivado_Projects\Final_Project\ECE-385-Final-Project\final_project_vitis\fp_usb\_ide\bitstream\mb_usb_hdmi_top.mmi' stored in project is removed.
19:27:02 INFO  : The updated bitstream files are copied from platform to folder 'C:\385_Vivado_Projects\Final_Project\ECE-385-Final-Project\final_project_vitis\fp_usb\_ide\bitstream' in project 'fp_usb'.
19:27:06 INFO  : Connected to target on host '127.0.0.1' and port '3121'.
19:27:06 INFO  : Jtag cable 'RealDigital Boo 8874292301F6A' is selected.
19:27:06 INFO  : 'jtag frequency' command is executed.
19:27:06 INFO  : 'targets -set -filter {jtag_cable_name =~ "RealDigital Boo 8874292301F6A" && level==0 && jtag_device_ctx=="jsn1-0362f093-0"}' command is executed.
19:27:07 INFO  : Device configured successfully with "C:/385_Vivado_Projects/Final_Project/ECE-385-Final-Project/final_project_vitis/fp_usb/_ide/bitstream/mb_usb_hdmi_top.bit"
19:27:07 INFO  : Context for processor 'microblaze_0' is selected.
19:27:07 INFO  : Hardware design and registers information is loaded from 'C:/385_Vivado_Projects/Final_Project/ECE-385-Final-Project/final_project_vitis/mb_usb_hdmi_top/export/mb_usb_hdmi_top/hw/mb_usb_hdmi_top.xsa'.
19:27:07 INFO  : 'configparams mdm-detect-bscan-mask 2' command is executed.
19:27:07 INFO  : Context for processor 'microblaze_0' is selected.
19:27:07 INFO  : System reset is completed.
19:27:10 INFO  : 'after 3000' command is executed.
19:27:10 INFO  : Context for processor 'microblaze_0' is selected.
19:27:10 INFO  : The application 'C:/385_Vivado_Projects/Final_Project/ECE-385-Final-Project/final_project_vitis/fp_usb/Debug/fp_usb.elf' is downloaded to processor 'microblaze_0'.
19:27:10 INFO  : ----------------XSDB Script----------------
connect -url tcp:127.0.0.1:3121
targets -set -filter {jtag_cable_name =~ "RealDigital Boo 8874292301F6A" && level==0 && jtag_device_ctx=="jsn1-0362f093-0"}
fpga -file C:/385_Vivado_Projects/Final_Project/ECE-385-Final-Project/final_project_vitis/fp_usb/_ide/bitstream/mb_usb_hdmi_top.bit
targets -set -nocase -filter {name =~ "*microblaze*#0" && bscan=="USER2" }
loadhw -hw C:/385_Vivado_Projects/Final_Project/ECE-385-Final-Project/final_project_vitis/mb_usb_hdmi_top/export/mb_usb_hdmi_top/hw/mb_usb_hdmi_top.xsa -regs
configparams mdm-detect-bscan-mask 2
targets -set -nocase -filter {name =~ "*microblaze*#0" && bscan=="USER2" }
rst -system
after 3000
targets -set -nocase -filter {name =~ "*microblaze*#0" && bscan=="USER2" }
dow C:/385_Vivado_Projects/Final_Project/ECE-385-Final-Project/final_project_vitis/fp_usb/Debug/fp_usb.elf
----------------End of Script----------------

19:27:11 INFO  : Context for processor 'microblaze_0' is selected.
19:27:11 INFO  : 'con' command is executed.
19:27:11 INFO  : ----------------XSDB Script (After Launch)----------------
targets -set -nocase -filter {name =~ "*microblaze*#0" && bscan=="USER2" }
con
----------------End of Script----------------

19:27:11 INFO  : Disconnected from the channel tcfchan#28.
19:35:09 INFO  : Hardware specification for platform project 'mb_usb_hdmi_top' is updated.
19:35:26 INFO  : Result from executing command 'getProjects': mb_usb_hdmi_top
19:35:26 INFO  : Result from executing command 'getPlatforms': mb_usb_hdmi_top|C:/385_Vivado_Projects/Final_Project/ECE-385-Final-Project/final_project_vitis/mb_usb_hdmi_top/export/mb_usb_hdmi_top/mb_usb_hdmi_top.xpfm
19:35:26 INFO  : Checking for BSP changes to sync application flags for project 'fp_usb'...
19:35:28 INFO  : The hardware specification used by project 'fp_usb' is out of sync with the platform. Resource files extracted from the hardware specification will be updated.
19:35:28 INFO  : The file 'C:\385_Vivado_Projects\Final_Project\ECE-385-Final-Project\final_project_vitis\fp_usb\_ide\bitstream\mb_usb_hdmi_top.bit' stored in project is removed.
19:35:28 INFO  : The file 'C:\385_Vivado_Projects\Final_Project\ECE-385-Final-Project\final_project_vitis\fp_usb\_ide\bitstream\mb_usb_hdmi_top.mmi' stored in project is removed.
19:35:28 INFO  : The updated bitstream files are copied from platform to folder 'C:\385_Vivado_Projects\Final_Project\ECE-385-Final-Project\final_project_vitis\fp_usb\_ide\bitstream' in project 'fp_usb'.
19:35:32 INFO  : Connected to target on host '127.0.0.1' and port '3121'.
19:35:32 INFO  : Jtag cable 'RealDigital Boo 8874292301F6A' is selected.
19:35:32 INFO  : 'jtag frequency' command is executed.
19:35:32 INFO  : 'targets -set -filter {jtag_cable_name =~ "RealDigital Boo 8874292301F6A" && level==0 && jtag_device_ctx=="jsn1-0362f093-0"}' command is executed.
19:35:33 INFO  : Device configured successfully with "C:/385_Vivado_Projects/Final_Project/ECE-385-Final-Project/final_project_vitis/fp_usb/_ide/bitstream/mb_usb_hdmi_top.bit"
19:35:34 INFO  : Context for processor 'microblaze_0' is selected.
19:35:34 INFO  : Hardware design and registers information is loaded from 'C:/385_Vivado_Projects/Final_Project/ECE-385-Final-Project/final_project_vitis/mb_usb_hdmi_top/export/mb_usb_hdmi_top/hw/mb_usb_hdmi_top.xsa'.
19:35:34 INFO  : 'configparams mdm-detect-bscan-mask 2' command is executed.
19:35:34 INFO  : Context for processor 'microblaze_0' is selected.
19:35:34 INFO  : System reset is completed.
19:35:37 INFO  : 'after 3000' command is executed.
19:35:37 INFO  : Context for processor 'microblaze_0' is selected.
19:35:37 INFO  : The application 'C:/385_Vivado_Projects/Final_Project/ECE-385-Final-Project/final_project_vitis/fp_usb/Debug/fp_usb.elf' is downloaded to processor 'microblaze_0'.
19:35:37 INFO  : ----------------XSDB Script----------------
connect -url tcp:127.0.0.1:3121
targets -set -filter {jtag_cable_name =~ "RealDigital Boo 8874292301F6A" && level==0 && jtag_device_ctx=="jsn1-0362f093-0"}
fpga -file C:/385_Vivado_Projects/Final_Project/ECE-385-Final-Project/final_project_vitis/fp_usb/_ide/bitstream/mb_usb_hdmi_top.bit
targets -set -nocase -filter {name =~ "*microblaze*#0" && bscan=="USER2" }
loadhw -hw C:/385_Vivado_Projects/Final_Project/ECE-385-Final-Project/final_project_vitis/mb_usb_hdmi_top/export/mb_usb_hdmi_top/hw/mb_usb_hdmi_top.xsa -regs
configparams mdm-detect-bscan-mask 2
targets -set -nocase -filter {name =~ "*microblaze*#0" && bscan=="USER2" }
rst -system
after 3000
targets -set -nocase -filter {name =~ "*microblaze*#0" && bscan=="USER2" }
dow C:/385_Vivado_Projects/Final_Project/ECE-385-Final-Project/final_project_vitis/fp_usb/Debug/fp_usb.elf
----------------End of Script----------------

19:35:37 INFO  : Context for processor 'microblaze_0' is selected.
19:35:37 INFO  : 'con' command is executed.
19:35:37 INFO  : ----------------XSDB Script (After Launch)----------------
targets -set -nocase -filter {name =~ "*microblaze*#0" && bscan=="USER2" }
con
----------------End of Script----------------

19:35:37 INFO  : Disconnected from the channel tcfchan#30.
19:47:00 INFO  : Hardware specification for platform project 'mb_usb_hdmi_top' is updated.
19:47:14 INFO  : Result from executing command 'getProjects': mb_usb_hdmi_top
19:47:14 INFO  : Result from executing command 'getPlatforms': mb_usb_hdmi_top|C:/385_Vivado_Projects/Final_Project/ECE-385-Final-Project/final_project_vitis/mb_usb_hdmi_top/export/mb_usb_hdmi_top/mb_usb_hdmi_top.xpfm
19:47:14 INFO  : Checking for BSP changes to sync application flags for project 'fp_usb'...
19:47:16 INFO  : The hardware specification used by project 'fp_usb' is out of sync with the platform. Resource files extracted from the hardware specification will be updated.
19:47:16 INFO  : The file 'C:\385_Vivado_Projects\Final_Project\ECE-385-Final-Project\final_project_vitis\fp_usb\_ide\bitstream\mb_usb_hdmi_top.bit' stored in project is removed.
19:47:16 INFO  : The file 'C:\385_Vivado_Projects\Final_Project\ECE-385-Final-Project\final_project_vitis\fp_usb\_ide\bitstream\mb_usb_hdmi_top.mmi' stored in project is removed.
19:47:16 INFO  : The updated bitstream files are copied from platform to folder 'C:\385_Vivado_Projects\Final_Project\ECE-385-Final-Project\final_project_vitis\fp_usb\_ide\bitstream' in project 'fp_usb'.
19:47:21 INFO  : Connected to target on host '127.0.0.1' and port '3121'.
19:47:21 INFO  : Jtag cable 'RealDigital Boo 8874292301F6A' is selected.
19:47:21 INFO  : 'jtag frequency' command is executed.
19:47:22 INFO  : 'targets -set -filter {jtag_cable_name =~ "RealDigital Boo 8874292301F6A" && level==0 && jtag_device_ctx=="jsn1-0362f093-0"}' command is executed.
19:47:23 INFO  : Device configured successfully with "C:/385_Vivado_Projects/Final_Project/ECE-385-Final-Project/final_project_vitis/fp_usb/_ide/bitstream/mb_usb_hdmi_top.bit"
19:47:23 INFO  : Context for processor 'microblaze_0' is selected.
19:47:23 INFO  : Hardware design and registers information is loaded from 'C:/385_Vivado_Projects/Final_Project/ECE-385-Final-Project/final_project_vitis/mb_usb_hdmi_top/export/mb_usb_hdmi_top/hw/mb_usb_hdmi_top.xsa'.
19:47:23 INFO  : 'configparams mdm-detect-bscan-mask 2' command is executed.
19:47:23 INFO  : Context for processor 'microblaze_0' is selected.
19:47:23 INFO  : System reset is completed.
19:47:26 INFO  : 'after 3000' command is executed.
19:47:26 INFO  : Context for processor 'microblaze_0' is selected.
19:47:26 INFO  : The application 'C:/385_Vivado_Projects/Final_Project/ECE-385-Final-Project/final_project_vitis/fp_usb/Debug/fp_usb.elf' is downloaded to processor 'microblaze_0'.
19:47:26 INFO  : ----------------XSDB Script----------------
connect -url tcp:127.0.0.1:3121
targets -set -filter {jtag_cable_name =~ "RealDigital Boo 8874292301F6A" && level==0 && jtag_device_ctx=="jsn1-0362f093-0"}
fpga -file C:/385_Vivado_Projects/Final_Project/ECE-385-Final-Project/final_project_vitis/fp_usb/_ide/bitstream/mb_usb_hdmi_top.bit
targets -set -nocase -filter {name =~ "*microblaze*#0" && bscan=="USER2" }
loadhw -hw C:/385_Vivado_Projects/Final_Project/ECE-385-Final-Project/final_project_vitis/mb_usb_hdmi_top/export/mb_usb_hdmi_top/hw/mb_usb_hdmi_top.xsa -regs
configparams mdm-detect-bscan-mask 2
targets -set -nocase -filter {name =~ "*microblaze*#0" && bscan=="USER2" }
rst -system
after 3000
targets -set -nocase -filter {name =~ "*microblaze*#0" && bscan=="USER2" }
dow C:/385_Vivado_Projects/Final_Project/ECE-385-Final-Project/final_project_vitis/fp_usb/Debug/fp_usb.elf
----------------End of Script----------------

19:47:26 INFO  : Context for processor 'microblaze_0' is selected.
19:47:26 INFO  : 'con' command is executed.
19:47:26 INFO  : ----------------XSDB Script (After Launch)----------------
targets -set -nocase -filter {name =~ "*microblaze*#0" && bscan=="USER2" }
con
----------------End of Script----------------

19:47:26 INFO  : Disconnected from the channel tcfchan#32.
19:58:21 INFO  : Hardware specification for platform project 'mb_usb_hdmi_top' is updated.
19:58:44 INFO  : Result from executing command 'getProjects': mb_usb_hdmi_top
19:58:44 INFO  : Result from executing command 'getPlatforms': mb_usb_hdmi_top|C:/385_Vivado_Projects/Final_Project/ECE-385-Final-Project/final_project_vitis/mb_usb_hdmi_top/export/mb_usb_hdmi_top/mb_usb_hdmi_top.xpfm
19:58:44 INFO  : Checking for BSP changes to sync application flags for project 'fp_usb'...
19:58:46 INFO  : The hardware specification used by project 'fp_usb' is out of sync with the platform. Resource files extracted from the hardware specification will be updated.
19:58:46 INFO  : The file 'C:\385_Vivado_Projects\Final_Project\ECE-385-Final-Project\final_project_vitis\fp_usb\_ide\bitstream\mb_usb_hdmi_top.bit' stored in project is removed.
19:58:46 INFO  : The file 'C:\385_Vivado_Projects\Final_Project\ECE-385-Final-Project\final_project_vitis\fp_usb\_ide\bitstream\mb_usb_hdmi_top.mmi' stored in project is removed.
19:58:46 INFO  : The updated bitstream files are copied from platform to folder 'C:\385_Vivado_Projects\Final_Project\ECE-385-Final-Project\final_project_vitis\fp_usb\_ide\bitstream' in project 'fp_usb'.
19:58:55 INFO  : Connected to target on host '127.0.0.1' and port '3121'.
19:58:56 INFO  : Jtag cable 'RealDigital Boo 8874292301F6A' is selected.
19:58:56 INFO  : 'jtag frequency' command is executed.
19:58:56 INFO  : 'targets -set -filter {jtag_cable_name =~ "RealDigital Boo 8874292301F6A" && level==0 && jtag_device_ctx=="jsn1-0362f093-0"}' command is executed.
19:58:57 INFO  : Device configured successfully with "C:/385_Vivado_Projects/Final_Project/ECE-385-Final-Project/final_project_vitis/fp_usb/_ide/bitstream/mb_usb_hdmi_top.bit"
19:58:57 INFO  : Context for processor 'microblaze_0' is selected.
19:58:57 INFO  : Hardware design and registers information is loaded from 'C:/385_Vivado_Projects/Final_Project/ECE-385-Final-Project/final_project_vitis/mb_usb_hdmi_top/export/mb_usb_hdmi_top/hw/mb_usb_hdmi_top.xsa'.
19:58:57 INFO  : 'configparams mdm-detect-bscan-mask 2' command is executed.
19:58:57 INFO  : Context for processor 'microblaze_0' is selected.
19:58:57 INFO  : System reset is completed.
19:59:00 INFO  : 'after 3000' command is executed.
19:59:00 INFO  : Context for processor 'microblaze_0' is selected.
19:59:00 INFO  : The application 'C:/385_Vivado_Projects/Final_Project/ECE-385-Final-Project/final_project_vitis/fp_usb/Debug/fp_usb.elf' is downloaded to processor 'microblaze_0'.
19:59:00 INFO  : ----------------XSDB Script----------------
connect -url tcp:127.0.0.1:3121
targets -set -filter {jtag_cable_name =~ "RealDigital Boo 8874292301F6A" && level==0 && jtag_device_ctx=="jsn1-0362f093-0"}
fpga -file C:/385_Vivado_Projects/Final_Project/ECE-385-Final-Project/final_project_vitis/fp_usb/_ide/bitstream/mb_usb_hdmi_top.bit
targets -set -nocase -filter {name =~ "*microblaze*#0" && bscan=="USER2" }
loadhw -hw C:/385_Vivado_Projects/Final_Project/ECE-385-Final-Project/final_project_vitis/mb_usb_hdmi_top/export/mb_usb_hdmi_top/hw/mb_usb_hdmi_top.xsa -regs
configparams mdm-detect-bscan-mask 2
targets -set -nocase -filter {name =~ "*microblaze*#0" && bscan=="USER2" }
rst -system
after 3000
targets -set -nocase -filter {name =~ "*microblaze*#0" && bscan=="USER2" }
dow C:/385_Vivado_Projects/Final_Project/ECE-385-Final-Project/final_project_vitis/fp_usb/Debug/fp_usb.elf
----------------End of Script----------------

19:59:00 INFO  : Context for processor 'microblaze_0' is selected.
19:59:00 INFO  : 'con' command is executed.
19:59:00 INFO  : ----------------XSDB Script (After Launch)----------------
targets -set -nocase -filter {name =~ "*microblaze*#0" && bscan=="USER2" }
con
----------------End of Script----------------

19:59:00 INFO  : Disconnected from the channel tcfchan#34.
20:13:19 INFO  : Hardware specification for platform project 'mb_usb_hdmi_top' is updated.
20:13:36 INFO  : Result from executing command 'getProjects': mb_usb_hdmi_top
20:13:36 INFO  : Result from executing command 'getPlatforms': mb_usb_hdmi_top|C:/385_Vivado_Projects/Final_Project/ECE-385-Final-Project/final_project_vitis/mb_usb_hdmi_top/export/mb_usb_hdmi_top/mb_usb_hdmi_top.xpfm
20:13:36 INFO  : Checking for BSP changes to sync application flags for project 'fp_usb'...
20:13:38 INFO  : The hardware specification used by project 'fp_usb' is out of sync with the platform. Resource files extracted from the hardware specification will be updated.
20:13:38 INFO  : The file 'C:\385_Vivado_Projects\Final_Project\ECE-385-Final-Project\final_project_vitis\fp_usb\_ide\bitstream\mb_usb_hdmi_top.bit' stored in project is removed.
20:13:38 INFO  : The file 'C:\385_Vivado_Projects\Final_Project\ECE-385-Final-Project\final_project_vitis\fp_usb\_ide\bitstream\mb_usb_hdmi_top.mmi' stored in project is removed.
20:13:38 INFO  : The updated bitstream files are copied from platform to folder 'C:\385_Vivado_Projects\Final_Project\ECE-385-Final-Project\final_project_vitis\fp_usb\_ide\bitstream' in project 'fp_usb'.
20:14:01 INFO  : Connected to target on host '127.0.0.1' and port '3121'.
20:14:01 INFO  : Jtag cable 'RealDigital Boo 8874292301F6A' is selected.
20:14:01 INFO  : 'jtag frequency' command is executed.
20:14:01 INFO  : 'targets -set -filter {jtag_cable_name =~ "RealDigital Boo 8874292301F6A" && level==0 && jtag_device_ctx=="jsn1-0362f093-0"}' command is executed.
20:14:02 INFO  : Device configured successfully with "C:/385_Vivado_Projects/Final_Project/ECE-385-Final-Project/final_project_vitis/fp_usb/_ide/bitstream/mb_usb_hdmi_top.bit"
20:14:03 INFO  : Context for processor 'microblaze_0' is selected.
20:14:03 INFO  : Hardware design and registers information is loaded from 'C:/385_Vivado_Projects/Final_Project/ECE-385-Final-Project/final_project_vitis/mb_usb_hdmi_top/export/mb_usb_hdmi_top/hw/mb_usb_hdmi_top.xsa'.
20:14:03 INFO  : 'configparams mdm-detect-bscan-mask 2' command is executed.
20:14:03 INFO  : Context for processor 'microblaze_0' is selected.
20:14:03 INFO  : System reset is completed.
20:14:06 INFO  : 'after 3000' command is executed.
20:14:06 INFO  : Context for processor 'microblaze_0' is selected.
20:14:06 INFO  : The application 'C:/385_Vivado_Projects/Final_Project/ECE-385-Final-Project/final_project_vitis/fp_usb/Debug/fp_usb.elf' is downloaded to processor 'microblaze_0'.
20:14:06 INFO  : ----------------XSDB Script----------------
connect -url tcp:127.0.0.1:3121
targets -set -filter {jtag_cable_name =~ "RealDigital Boo 8874292301F6A" && level==0 && jtag_device_ctx=="jsn1-0362f093-0"}
fpga -file C:/385_Vivado_Projects/Final_Project/ECE-385-Final-Project/final_project_vitis/fp_usb/_ide/bitstream/mb_usb_hdmi_top.bit
targets -set -nocase -filter {name =~ "*microblaze*#0" && bscan=="USER2" }
loadhw -hw C:/385_Vivado_Projects/Final_Project/ECE-385-Final-Project/final_project_vitis/mb_usb_hdmi_top/export/mb_usb_hdmi_top/hw/mb_usb_hdmi_top.xsa -regs
configparams mdm-detect-bscan-mask 2
targets -set -nocase -filter {name =~ "*microblaze*#0" && bscan=="USER2" }
rst -system
after 3000
targets -set -nocase -filter {name =~ "*microblaze*#0" && bscan=="USER2" }
dow C:/385_Vivado_Projects/Final_Project/ECE-385-Final-Project/final_project_vitis/fp_usb/Debug/fp_usb.elf
----------------End of Script----------------

20:14:06 INFO  : Context for processor 'microblaze_0' is selected.
20:14:06 INFO  : 'con' command is executed.
20:14:06 INFO  : ----------------XSDB Script (After Launch)----------------
targets -set -nocase -filter {name =~ "*microblaze*#0" && bscan=="USER2" }
con
----------------End of Script----------------

20:14:06 INFO  : Disconnected from the channel tcfchan#36.
20:21:53 INFO  : Hardware specification for platform project 'mb_usb_hdmi_top' is updated.
20:22:17 INFO  : Result from executing command 'getProjects': mb_usb_hdmi_top
20:22:17 INFO  : Result from executing command 'getPlatforms': mb_usb_hdmi_top|C:/385_Vivado_Projects/Final_Project/ECE-385-Final-Project/final_project_vitis/mb_usb_hdmi_top/export/mb_usb_hdmi_top/mb_usb_hdmi_top.xpfm
20:22:17 INFO  : Checking for BSP changes to sync application flags for project 'fp_usb'...
20:22:19 INFO  : The hardware specification used by project 'fp_usb' is out of sync with the platform. Resource files extracted from the hardware specification will be updated.
20:22:19 INFO  : The file 'C:\385_Vivado_Projects\Final_Project\ECE-385-Final-Project\final_project_vitis\fp_usb\_ide\bitstream\mb_usb_hdmi_top.bit' stored in project is removed.
20:22:19 INFO  : The file 'C:\385_Vivado_Projects\Final_Project\ECE-385-Final-Project\final_project_vitis\fp_usb\_ide\bitstream\mb_usb_hdmi_top.mmi' stored in project is removed.
20:22:19 INFO  : The updated bitstream files are copied from platform to folder 'C:\385_Vivado_Projects\Final_Project\ECE-385-Final-Project\final_project_vitis\fp_usb\_ide\bitstream' in project 'fp_usb'.
20:22:28 INFO  : Connected to target on host '127.0.0.1' and port '3121'.
20:22:29 INFO  : Jtag cable 'RealDigital Boo 8874292301F6A' is selected.
20:22:29 INFO  : 'jtag frequency' command is executed.
20:22:29 INFO  : 'targets -set -filter {jtag_cable_name =~ "RealDigital Boo 8874292301F6A" && level==0 && jtag_device_ctx=="jsn1-0362f093-0"}' command is executed.
20:22:30 INFO  : Device configured successfully with "C:/385_Vivado_Projects/Final_Project/ECE-385-Final-Project/final_project_vitis/fp_usb/_ide/bitstream/mb_usb_hdmi_top.bit"
20:22:30 INFO  : Context for processor 'microblaze_0' is selected.
20:22:30 INFO  : Hardware design and registers information is loaded from 'C:/385_Vivado_Projects/Final_Project/ECE-385-Final-Project/final_project_vitis/mb_usb_hdmi_top/export/mb_usb_hdmi_top/hw/mb_usb_hdmi_top.xsa'.
20:22:30 INFO  : 'configparams mdm-detect-bscan-mask 2' command is executed.
20:22:30 INFO  : Context for processor 'microblaze_0' is selected.
20:22:30 INFO  : System reset is completed.
20:22:33 INFO  : 'after 3000' command is executed.
20:22:33 INFO  : Context for processor 'microblaze_0' is selected.
20:22:33 INFO  : The application 'C:/385_Vivado_Projects/Final_Project/ECE-385-Final-Project/final_project_vitis/fp_usb/Debug/fp_usb.elf' is downloaded to processor 'microblaze_0'.
20:22:33 INFO  : ----------------XSDB Script----------------
connect -url tcp:127.0.0.1:3121
targets -set -filter {jtag_cable_name =~ "RealDigital Boo 8874292301F6A" && level==0 && jtag_device_ctx=="jsn1-0362f093-0"}
fpga -file C:/385_Vivado_Projects/Final_Project/ECE-385-Final-Project/final_project_vitis/fp_usb/_ide/bitstream/mb_usb_hdmi_top.bit
targets -set -nocase -filter {name =~ "*microblaze*#0" && bscan=="USER2" }
loadhw -hw C:/385_Vivado_Projects/Final_Project/ECE-385-Final-Project/final_project_vitis/mb_usb_hdmi_top/export/mb_usb_hdmi_top/hw/mb_usb_hdmi_top.xsa -regs
configparams mdm-detect-bscan-mask 2
targets -set -nocase -filter {name =~ "*microblaze*#0" && bscan=="USER2" }
rst -system
after 3000
targets -set -nocase -filter {name =~ "*microblaze*#0" && bscan=="USER2" }
dow C:/385_Vivado_Projects/Final_Project/ECE-385-Final-Project/final_project_vitis/fp_usb/Debug/fp_usb.elf
----------------End of Script----------------

20:22:33 INFO  : Context for processor 'microblaze_0' is selected.
20:22:33 INFO  : 'con' command is executed.
20:22:33 INFO  : ----------------XSDB Script (After Launch)----------------
targets -set -nocase -filter {name =~ "*microblaze*#0" && bscan=="USER2" }
con
----------------End of Script----------------

20:22:33 INFO  : Disconnected from the channel tcfchan#38.
20:34:48 INFO  : Hardware specification for platform project 'mb_usb_hdmi_top' is updated.
20:34:58 INFO  : Result from executing command 'getProjects': mb_usb_hdmi_top
20:34:58 INFO  : Result from executing command 'getPlatforms': mb_usb_hdmi_top|C:/385_Vivado_Projects/Final_Project/ECE-385-Final-Project/final_project_vitis/mb_usb_hdmi_top/export/mb_usb_hdmi_top/mb_usb_hdmi_top.xpfm
20:34:58 INFO  : Checking for BSP changes to sync application flags for project 'fp_usb'...
20:35:00 INFO  : The hardware specification used by project 'fp_usb' is out of sync with the platform. Resource files extracted from the hardware specification will be updated.
20:35:00 INFO  : The file 'C:\385_Vivado_Projects\Final_Project\ECE-385-Final-Project\final_project_vitis\fp_usb\_ide\bitstream\mb_usb_hdmi_top.bit' stored in project is removed.
20:35:00 INFO  : The file 'C:\385_Vivado_Projects\Final_Project\ECE-385-Final-Project\final_project_vitis\fp_usb\_ide\bitstream\mb_usb_hdmi_top.mmi' stored in project is removed.
20:35:00 INFO  : The updated bitstream files are copied from platform to folder 'C:\385_Vivado_Projects\Final_Project\ECE-385-Final-Project\final_project_vitis\fp_usb\_ide\bitstream' in project 'fp_usb'.
20:35:05 INFO  : Connected to target on host '127.0.0.1' and port '3121'.
20:35:05 INFO  : Jtag cable 'RealDigital Boo 8874292301F6A' is selected.
20:35:05 INFO  : 'jtag frequency' command is executed.
20:35:05 INFO  : 'targets -set -filter {jtag_cable_name =~ "RealDigital Boo 8874292301F6A" && level==0 && jtag_device_ctx=="jsn1-0362f093-0"}' command is executed.
20:35:06 INFO  : Device configured successfully with "C:/385_Vivado_Projects/Final_Project/ECE-385-Final-Project/final_project_vitis/fp_usb/_ide/bitstream/mb_usb_hdmi_top.bit"
20:35:06 INFO  : Context for processor 'microblaze_0' is selected.
20:35:06 INFO  : Hardware design and registers information is loaded from 'C:/385_Vivado_Projects/Final_Project/ECE-385-Final-Project/final_project_vitis/mb_usb_hdmi_top/export/mb_usb_hdmi_top/hw/mb_usb_hdmi_top.xsa'.
20:35:06 INFO  : 'configparams mdm-detect-bscan-mask 2' command is executed.
20:35:06 INFO  : Context for processor 'microblaze_0' is selected.
20:35:06 INFO  : System reset is completed.
20:35:09 INFO  : 'after 3000' command is executed.
20:35:09 INFO  : Context for processor 'microblaze_0' is selected.
20:35:10 INFO  : The application 'C:/385_Vivado_Projects/Final_Project/ECE-385-Final-Project/final_project_vitis/fp_usb/Debug/fp_usb.elf' is downloaded to processor 'microblaze_0'.
20:35:10 INFO  : ----------------XSDB Script----------------
connect -url tcp:127.0.0.1:3121
targets -set -filter {jtag_cable_name =~ "RealDigital Boo 8874292301F6A" && level==0 && jtag_device_ctx=="jsn1-0362f093-0"}
fpga -file C:/385_Vivado_Projects/Final_Project/ECE-385-Final-Project/final_project_vitis/fp_usb/_ide/bitstream/mb_usb_hdmi_top.bit
targets -set -nocase -filter {name =~ "*microblaze*#0" && bscan=="USER2" }
loadhw -hw C:/385_Vivado_Projects/Final_Project/ECE-385-Final-Project/final_project_vitis/mb_usb_hdmi_top/export/mb_usb_hdmi_top/hw/mb_usb_hdmi_top.xsa -regs
configparams mdm-detect-bscan-mask 2
targets -set -nocase -filter {name =~ "*microblaze*#0" && bscan=="USER2" }
rst -system
after 3000
targets -set -nocase -filter {name =~ "*microblaze*#0" && bscan=="USER2" }
dow C:/385_Vivado_Projects/Final_Project/ECE-385-Final-Project/final_project_vitis/fp_usb/Debug/fp_usb.elf
----------------End of Script----------------

20:35:10 INFO  : Context for processor 'microblaze_0' is selected.
20:35:10 INFO  : 'con' command is executed.
20:35:10 INFO  : ----------------XSDB Script (After Launch)----------------
targets -set -nocase -filter {name =~ "*microblaze*#0" && bscan=="USER2" }
con
----------------End of Script----------------

20:35:10 INFO  : Disconnected from the channel tcfchan#40.
09:21:26 DEBUG : Logs will be stored at 'C:/385_Vivado_Projects/Final_Project/ECE-385-Final-Project/final_project_vitis/IDE.log'.
09:21:27 INFO  : Launching XSCT server: xsct.bat -n  -interactive C:\385_Vivado_Projects\Final_Project\ECE-385-Final-Project\final_project_vitis\temp_xsdb_launch_script.tcl
09:21:30 INFO  : Platform repository initialization has completed.
09:21:33 INFO  : Registering command handlers for Vitis TCF services
09:21:34 INFO  : XSCT server has started successfully.
09:21:34 INFO  : plnx-install-location is set to ''
09:21:34 INFO  : Successfully done setting XSCT server connection channel  
09:21:40 INFO  : Successfully done setting workspace for the tool. 
09:21:40 INFO  : Successfully done query RDI_DATADIR 
09:26:02 INFO  : Hardware specification for platform project 'mb_usb_hdmi_top' is updated.
09:26:22 INFO  : Result from executing command 'getProjects': mb_usb_hdmi_top
09:26:22 INFO  : Result from executing command 'getPlatforms': mb_usb_hdmi_top|C:/385_Vivado_Projects/Final_Project/ECE-385-Final-Project/final_project_vitis/mb_usb_hdmi_top/export/mb_usb_hdmi_top/mb_usb_hdmi_top.xpfm
09:26:23 INFO  : Checking for BSP changes to sync application flags for project 'fp_usb'...
09:26:27 INFO  : The hardware specification used by project 'fp_usb' is out of sync with the platform. Resource files extracted from the hardware specification will be updated.
09:26:27 INFO  : The file 'C:\385_Vivado_Projects\Final_Project\ECE-385-Final-Project\final_project_vitis\fp_usb\_ide\bitstream\mb_usb_hdmi_top.bit' stored in project is removed.
09:26:27 INFO  : The file 'C:\385_Vivado_Projects\Final_Project\ECE-385-Final-Project\final_project_vitis\fp_usb\_ide\bitstream\mb_usb_hdmi_top.mmi' stored in project is removed.
09:26:27 INFO  : The updated bitstream files are copied from platform to folder 'C:\385_Vivado_Projects\Final_Project\ECE-385-Final-Project\final_project_vitis\fp_usb\_ide\bitstream' in project 'fp_usb'.
09:28:01 INFO  : Connected to target on host '127.0.0.1' and port '3121'.
09:28:02 INFO  : Jtag cable 'RealDigital Boo 8874292301F6A' is selected.
09:28:02 INFO  : 'jtag frequency' command is executed.
09:28:02 INFO  : 'targets -set -filter {jtag_cable_name =~ "RealDigital Boo 8874292301F6A" && level==0 && jtag_device_ctx=="jsn1-0362f093-0"}' command is executed.
09:28:04 INFO  : Device configured successfully with "C:/385_Vivado_Projects/Final_Project/ECE-385-Final-Project/final_project_vitis/fp_usb/_ide/bitstream/mb_usb_hdmi_top.bit"
09:28:04 INFO  : Context for processor 'microblaze_0' is selected.
09:28:04 INFO  : Hardware design and registers information is loaded from 'C:/385_Vivado_Projects/Final_Project/ECE-385-Final-Project/final_project_vitis/mb_usb_hdmi_top/export/mb_usb_hdmi_top/hw/mb_usb_hdmi_top.xsa'.
09:28:04 INFO  : 'configparams mdm-detect-bscan-mask 2' command is executed.
09:28:04 INFO  : Context for processor 'microblaze_0' is selected.
09:28:04 INFO  : System reset is completed.
09:28:07 INFO  : 'after 3000' command is executed.
09:28:07 INFO  : Context for processor 'microblaze_0' is selected.
09:28:07 INFO  : The application 'C:/385_Vivado_Projects/Final_Project/ECE-385-Final-Project/final_project_vitis/fp_usb/Debug/fp_usb.elf' is downloaded to processor 'microblaze_0'.
09:28:07 INFO  : ----------------XSDB Script----------------
connect -url tcp:127.0.0.1:3121
targets -set -filter {jtag_cable_name =~ "RealDigital Boo 8874292301F6A" && level==0 && jtag_device_ctx=="jsn1-0362f093-0"}
fpga -file C:/385_Vivado_Projects/Final_Project/ECE-385-Final-Project/final_project_vitis/fp_usb/_ide/bitstream/mb_usb_hdmi_top.bit
targets -set -nocase -filter {name =~ "*microblaze*#0" && bscan=="USER2" }
loadhw -hw C:/385_Vivado_Projects/Final_Project/ECE-385-Final-Project/final_project_vitis/mb_usb_hdmi_top/export/mb_usb_hdmi_top/hw/mb_usb_hdmi_top.xsa -regs
configparams mdm-detect-bscan-mask 2
targets -set -nocase -filter {name =~ "*microblaze*#0" && bscan=="USER2" }
rst -system
after 3000
targets -set -nocase -filter {name =~ "*microblaze*#0" && bscan=="USER2" }
dow C:/385_Vivado_Projects/Final_Project/ECE-385-Final-Project/final_project_vitis/fp_usb/Debug/fp_usb.elf
----------------End of Script----------------

09:28:07 INFO  : Context for processor 'microblaze_0' is selected.
09:28:07 INFO  : 'con' command is executed.
09:28:07 INFO  : ----------------XSDB Script (After Launch)----------------
targets -set -nocase -filter {name =~ "*microblaze*#0" && bscan=="USER2" }
con
----------------End of Script----------------

09:28:07 INFO  : Disconnected from the channel tcfchan#2.
09:44:40 INFO  : Hardware specification for platform project 'mb_usb_hdmi_top' is updated.
09:44:50 INFO  : Result from executing command 'getProjects': mb_usb_hdmi_top
09:44:50 INFO  : Result from executing command 'getPlatforms': mb_usb_hdmi_top|C:/385_Vivado_Projects/Final_Project/ECE-385-Final-Project/final_project_vitis/mb_usb_hdmi_top/export/mb_usb_hdmi_top/mb_usb_hdmi_top.xpfm
09:44:50 INFO  : Checking for BSP changes to sync application flags for project 'fp_usb'...
09:44:52 INFO  : The hardware specification used by project 'fp_usb' is out of sync with the platform. Resource files extracted from the hardware specification will be updated.
09:44:52 INFO  : The file 'C:\385_Vivado_Projects\Final_Project\ECE-385-Final-Project\final_project_vitis\fp_usb\_ide\bitstream\mb_usb_hdmi_top.bit' stored in project is removed.
09:44:52 INFO  : The file 'C:\385_Vivado_Projects\Final_Project\ECE-385-Final-Project\final_project_vitis\fp_usb\_ide\bitstream\mb_usb_hdmi_top.mmi' stored in project is removed.
09:44:52 INFO  : The updated bitstream files are copied from platform to folder 'C:\385_Vivado_Projects\Final_Project\ECE-385-Final-Project\final_project_vitis\fp_usb\_ide\bitstream' in project 'fp_usb'.
09:44:57 INFO  : Connected to target on host '127.0.0.1' and port '3121'.
09:44:58 INFO  : Jtag cable 'RealDigital Boo 8874292301F6A' is selected.
09:44:58 INFO  : 'jtag frequency' command is executed.
09:44:58 INFO  : 'targets -set -filter {jtag_cable_name =~ "RealDigital Boo 8874292301F6A" && level==0 && jtag_device_ctx=="jsn1-0362f093-0"}' command is executed.
09:44:59 INFO  : Device configured successfully with "C:/385_Vivado_Projects/Final_Project/ECE-385-Final-Project/final_project_vitis/fp_usb/_ide/bitstream/mb_usb_hdmi_top.bit"
09:44:59 INFO  : Context for processor 'microblaze_0' is selected.
09:44:59 INFO  : Hardware design and registers information is loaded from 'C:/385_Vivado_Projects/Final_Project/ECE-385-Final-Project/final_project_vitis/mb_usb_hdmi_top/export/mb_usb_hdmi_top/hw/mb_usb_hdmi_top.xsa'.
09:44:59 INFO  : 'configparams mdm-detect-bscan-mask 2' command is executed.
09:44:59 INFO  : Context for processor 'microblaze_0' is selected.
09:44:59 INFO  : System reset is completed.
09:45:02 INFO  : 'after 3000' command is executed.
09:45:02 INFO  : Context for processor 'microblaze_0' is selected.
09:45:03 INFO  : The application 'C:/385_Vivado_Projects/Final_Project/ECE-385-Final-Project/final_project_vitis/fp_usb/Debug/fp_usb.elf' is downloaded to processor 'microblaze_0'.
09:45:03 INFO  : ----------------XSDB Script----------------
connect -url tcp:127.0.0.1:3121
targets -set -filter {jtag_cable_name =~ "RealDigital Boo 8874292301F6A" && level==0 && jtag_device_ctx=="jsn1-0362f093-0"}
fpga -file C:/385_Vivado_Projects/Final_Project/ECE-385-Final-Project/final_project_vitis/fp_usb/_ide/bitstream/mb_usb_hdmi_top.bit
targets -set -nocase -filter {name =~ "*microblaze*#0" && bscan=="USER2" }
loadhw -hw C:/385_Vivado_Projects/Final_Project/ECE-385-Final-Project/final_project_vitis/mb_usb_hdmi_top/export/mb_usb_hdmi_top/hw/mb_usb_hdmi_top.xsa -regs
configparams mdm-detect-bscan-mask 2
targets -set -nocase -filter {name =~ "*microblaze*#0" && bscan=="USER2" }
rst -system
after 3000
targets -set -nocase -filter {name =~ "*microblaze*#0" && bscan=="USER2" }
dow C:/385_Vivado_Projects/Final_Project/ECE-385-Final-Project/final_project_vitis/fp_usb/Debug/fp_usb.elf
----------------End of Script----------------

09:45:03 INFO  : Context for processor 'microblaze_0' is selected.
09:45:03 INFO  : 'con' command is executed.
09:45:03 INFO  : ----------------XSDB Script (After Launch)----------------
targets -set -nocase -filter {name =~ "*microblaze*#0" && bscan=="USER2" }
con
----------------End of Script----------------

09:45:03 INFO  : Disconnected from the channel tcfchan#4.
09:58:25 INFO  : Hardware specification for platform project 'mb_usb_hdmi_top' is updated.
09:58:48 INFO  : Result from executing command 'getProjects': mb_usb_hdmi_top
09:58:48 INFO  : Result from executing command 'getPlatforms': mb_usb_hdmi_top|C:/385_Vivado_Projects/Final_Project/ECE-385-Final-Project/final_project_vitis/mb_usb_hdmi_top/export/mb_usb_hdmi_top/mb_usb_hdmi_top.xpfm
09:58:48 INFO  : Checking for BSP changes to sync application flags for project 'fp_usb'...
09:58:51 INFO  : The hardware specification used by project 'fp_usb' is out of sync with the platform. Resource files extracted from the hardware specification will be updated.
09:58:51 INFO  : The file 'C:\385_Vivado_Projects\Final_Project\ECE-385-Final-Project\final_project_vitis\fp_usb\_ide\bitstream\mb_usb_hdmi_top.bit' stored in project is removed.
09:58:51 INFO  : The file 'C:\385_Vivado_Projects\Final_Project\ECE-385-Final-Project\final_project_vitis\fp_usb\_ide\bitstream\mb_usb_hdmi_top.mmi' stored in project is removed.
09:58:51 INFO  : The updated bitstream files are copied from platform to folder 'C:\385_Vivado_Projects\Final_Project\ECE-385-Final-Project\final_project_vitis\fp_usb\_ide\bitstream' in project 'fp_usb'.
09:59:03 INFO  : Connected to target on host '127.0.0.1' and port '3121'.
09:59:12 INFO  : Jtag cable 'RealDigital Boo 8874292301F6A' is selected.
09:59:12 INFO  : 'jtag frequency' command is executed.
09:59:12 INFO  : 'targets -set -filter {jtag_cable_name =~ "RealDigital Boo 8874292301F6A" && level==0 && jtag_device_ctx=="jsn1-0362f093-0"}' command is executed.
09:59:13 INFO  : Device configured successfully with "C:/385_Vivado_Projects/Final_Project/ECE-385-Final-Project/final_project_vitis/fp_usb/_ide/bitstream/mb_usb_hdmi_top.bit"
09:59:13 INFO  : Context for processor 'microblaze_0' is selected.
09:59:13 INFO  : Hardware design and registers information is loaded from 'C:/385_Vivado_Projects/Final_Project/ECE-385-Final-Project/final_project_vitis/mb_usb_hdmi_top/export/mb_usb_hdmi_top/hw/mb_usb_hdmi_top.xsa'.
09:59:13 INFO  : 'configparams mdm-detect-bscan-mask 2' command is executed.
09:59:13 INFO  : Context for processor 'microblaze_0' is selected.
09:59:13 INFO  : System reset is completed.
09:59:16 INFO  : 'after 3000' command is executed.
09:59:16 INFO  : Context for processor 'microblaze_0' is selected.
09:59:16 INFO  : The application 'C:/385_Vivado_Projects/Final_Project/ECE-385-Final-Project/final_project_vitis/fp_usb/Debug/fp_usb.elf' is downloaded to processor 'microblaze_0'.
09:59:16 INFO  : ----------------XSDB Script----------------
connect -url tcp:127.0.0.1:3121
targets -set -filter {jtag_cable_name =~ "RealDigital Boo 8874292301F6A" && level==0 && jtag_device_ctx=="jsn1-0362f093-0"}
fpga -file C:/385_Vivado_Projects/Final_Project/ECE-385-Final-Project/final_project_vitis/fp_usb/_ide/bitstream/mb_usb_hdmi_top.bit
targets -set -nocase -filter {name =~ "*microblaze*#0" && bscan=="USER2" }
loadhw -hw C:/385_Vivado_Projects/Final_Project/ECE-385-Final-Project/final_project_vitis/mb_usb_hdmi_top/export/mb_usb_hdmi_top/hw/mb_usb_hdmi_top.xsa -regs
configparams mdm-detect-bscan-mask 2
targets -set -nocase -filter {name =~ "*microblaze*#0" && bscan=="USER2" }
rst -system
after 3000
targets -set -nocase -filter {name =~ "*microblaze*#0" && bscan=="USER2" }
dow C:/385_Vivado_Projects/Final_Project/ECE-385-Final-Project/final_project_vitis/fp_usb/Debug/fp_usb.elf
----------------End of Script----------------

09:59:16 INFO  : Context for processor 'microblaze_0' is selected.
09:59:16 INFO  : 'con' command is executed.
09:59:16 INFO  : ----------------XSDB Script (After Launch)----------------
targets -set -nocase -filter {name =~ "*microblaze*#0" && bscan=="USER2" }
con
----------------End of Script----------------

09:59:16 INFO  : Disconnected from the channel tcfchan#6.
10:13:17 INFO  : Hardware specification for platform project 'mb_usb_hdmi_top' is updated.
10:13:33 INFO  : Result from executing command 'getProjects': mb_usb_hdmi_top
10:13:33 INFO  : Result from executing command 'getPlatforms': mb_usb_hdmi_top|C:/385_Vivado_Projects/Final_Project/ECE-385-Final-Project/final_project_vitis/mb_usb_hdmi_top/export/mb_usb_hdmi_top/mb_usb_hdmi_top.xpfm
10:13:33 INFO  : Checking for BSP changes to sync application flags for project 'fp_usb'...
10:13:36 INFO  : The hardware specification used by project 'fp_usb' is out of sync with the platform. Resource files extracted from the hardware specification will be updated.
10:13:36 INFO  : The file 'C:\385_Vivado_Projects\Final_Project\ECE-385-Final-Project\final_project_vitis\fp_usb\_ide\bitstream\mb_usb_hdmi_top.bit' stored in project is removed.
10:13:36 INFO  : The file 'C:\385_Vivado_Projects\Final_Project\ECE-385-Final-Project\final_project_vitis\fp_usb\_ide\bitstream\mb_usb_hdmi_top.mmi' stored in project is removed.
10:13:36 INFO  : The updated bitstream files are copied from platform to folder 'C:\385_Vivado_Projects\Final_Project\ECE-385-Final-Project\final_project_vitis\fp_usb\_ide\bitstream' in project 'fp_usb'.
10:13:40 INFO  : Connected to target on host '127.0.0.1' and port '3121'.
10:13:41 INFO  : Jtag cable 'RealDigital Boo 8874292301F6A' is selected.
10:13:41 INFO  : 'jtag frequency' command is executed.
10:13:41 INFO  : 'targets -set -filter {jtag_cable_name =~ "RealDigital Boo 8874292301F6A" && level==0 && jtag_device_ctx=="jsn1-0362f093-0"}' command is executed.
10:13:42 INFO  : Device configured successfully with "C:/385_Vivado_Projects/Final_Project/ECE-385-Final-Project/final_project_vitis/fp_usb/_ide/bitstream/mb_usb_hdmi_top.bit"
10:13:42 INFO  : Context for processor 'microblaze_0' is selected.
10:13:42 INFO  : Hardware design and registers information is loaded from 'C:/385_Vivado_Projects/Final_Project/ECE-385-Final-Project/final_project_vitis/mb_usb_hdmi_top/export/mb_usb_hdmi_top/hw/mb_usb_hdmi_top.xsa'.
10:13:42 INFO  : 'configparams mdm-detect-bscan-mask 2' command is executed.
10:13:42 INFO  : Context for processor 'microblaze_0' is selected.
10:13:42 INFO  : System reset is completed.
10:13:45 INFO  : 'after 3000' command is executed.
10:13:45 INFO  : Context for processor 'microblaze_0' is selected.
10:13:46 INFO  : The application 'C:/385_Vivado_Projects/Final_Project/ECE-385-Final-Project/final_project_vitis/fp_usb/Debug/fp_usb.elf' is downloaded to processor 'microblaze_0'.
10:13:46 INFO  : ----------------XSDB Script----------------
connect -url tcp:127.0.0.1:3121
targets -set -filter {jtag_cable_name =~ "RealDigital Boo 8874292301F6A" && level==0 && jtag_device_ctx=="jsn1-0362f093-0"}
fpga -file C:/385_Vivado_Projects/Final_Project/ECE-385-Final-Project/final_project_vitis/fp_usb/_ide/bitstream/mb_usb_hdmi_top.bit
targets -set -nocase -filter {name =~ "*microblaze*#0" && bscan=="USER2" }
loadhw -hw C:/385_Vivado_Projects/Final_Project/ECE-385-Final-Project/final_project_vitis/mb_usb_hdmi_top/export/mb_usb_hdmi_top/hw/mb_usb_hdmi_top.xsa -regs
configparams mdm-detect-bscan-mask 2
targets -set -nocase -filter {name =~ "*microblaze*#0" && bscan=="USER2" }
rst -system
after 3000
targets -set -nocase -filter {name =~ "*microblaze*#0" && bscan=="USER2" }
dow C:/385_Vivado_Projects/Final_Project/ECE-385-Final-Project/final_project_vitis/fp_usb/Debug/fp_usb.elf
----------------End of Script----------------

10:13:46 INFO  : Context for processor 'microblaze_0' is selected.
10:13:46 INFO  : 'con' command is executed.
10:13:46 INFO  : ----------------XSDB Script (After Launch)----------------
targets -set -nocase -filter {name =~ "*microblaze*#0" && bscan=="USER2" }
con
----------------End of Script----------------

10:13:46 INFO  : Disconnected from the channel tcfchan#8.
16:57:06 INFO  : Hardware specification for platform project 'mb_usb_hdmi_top' is updated.
16:57:22 INFO  : Result from executing command 'getProjects': mb_usb_hdmi_top
16:57:22 INFO  : Result from executing command 'getPlatforms': mb_usb_hdmi_top|C:/385_Vivado_Projects/Final_Project/ECE-385-Final-Project/final_project_vitis/mb_usb_hdmi_top/export/mb_usb_hdmi_top/mb_usb_hdmi_top.xpfm
16:57:23 INFO  : Checking for BSP changes to sync application flags for project 'fp_usb'...
16:57:26 INFO  : The hardware specification used by project 'fp_usb' is out of sync with the platform. Resource files extracted from the hardware specification will be updated.
16:57:26 INFO  : The file 'C:\385_Vivado_Projects\Final_Project\ECE-385-Final-Project\final_project_vitis\fp_usb\_ide\bitstream\mb_usb_hdmi_top.bit' stored in project is removed.
16:57:26 INFO  : The file 'C:\385_Vivado_Projects\Final_Project\ECE-385-Final-Project\final_project_vitis\fp_usb\_ide\bitstream\mb_usb_hdmi_top.mmi' stored in project is removed.
16:57:26 INFO  : The updated bitstream files are copied from platform to folder 'C:\385_Vivado_Projects\Final_Project\ECE-385-Final-Project\final_project_vitis\fp_usb\_ide\bitstream' in project 'fp_usb'.
16:59:40 INFO  : Connected to target on host '127.0.0.1' and port '3121'.
16:59:41 INFO  : Jtag cable 'RealDigital Boo 8874292301F6A' is selected.
16:59:41 INFO  : 'jtag frequency' command is executed.
16:59:41 INFO  : 'targets -set -filter {jtag_cable_name =~ "RealDigital Boo 8874292301F6A" && level==0 && jtag_device_ctx=="jsn1-0362f093-0"}' command is executed.
16:59:42 INFO  : Device configured successfully with "C:/385_Vivado_Projects/Final_Project/ECE-385-Final-Project/final_project_vitis/fp_usb/_ide/bitstream/mb_usb_hdmi_top.bit"
16:59:42 INFO  : Context for processor 'microblaze_0' is selected.
16:59:43 INFO  : Hardware design and registers information is loaded from 'C:/385_Vivado_Projects/Final_Project/ECE-385-Final-Project/final_project_vitis/mb_usb_hdmi_top/export/mb_usb_hdmi_top/hw/mb_usb_hdmi_top.xsa'.
16:59:43 INFO  : 'configparams mdm-detect-bscan-mask 2' command is executed.
16:59:43 INFO  : Context for processor 'microblaze_0' is selected.
16:59:43 INFO  : System reset is completed.
16:59:46 INFO  : 'after 3000' command is executed.
16:59:46 INFO  : Context for processor 'microblaze_0' is selected.
16:59:46 INFO  : The application 'C:/385_Vivado_Projects/Final_Project/ECE-385-Final-Project/final_project_vitis/fp_usb/Debug/fp_usb.elf' is downloaded to processor 'microblaze_0'.
16:59:46 INFO  : ----------------XSDB Script----------------
connect -url tcp:127.0.0.1:3121
targets -set -filter {jtag_cable_name =~ "RealDigital Boo 8874292301F6A" && level==0 && jtag_device_ctx=="jsn1-0362f093-0"}
fpga -file C:/385_Vivado_Projects/Final_Project/ECE-385-Final-Project/final_project_vitis/fp_usb/_ide/bitstream/mb_usb_hdmi_top.bit
targets -set -nocase -filter {name =~ "*microblaze*#0" && bscan=="USER2" }
loadhw -hw C:/385_Vivado_Projects/Final_Project/ECE-385-Final-Project/final_project_vitis/mb_usb_hdmi_top/export/mb_usb_hdmi_top/hw/mb_usb_hdmi_top.xsa -regs
configparams mdm-detect-bscan-mask 2
targets -set -nocase -filter {name =~ "*microblaze*#0" && bscan=="USER2" }
rst -system
after 3000
targets -set -nocase -filter {name =~ "*microblaze*#0" && bscan=="USER2" }
dow C:/385_Vivado_Projects/Final_Project/ECE-385-Final-Project/final_project_vitis/fp_usb/Debug/fp_usb.elf
----------------End of Script----------------

16:59:46 INFO  : Context for processor 'microblaze_0' is selected.
16:59:46 INFO  : 'con' command is executed.
16:59:46 INFO  : ----------------XSDB Script (After Launch)----------------
targets -set -nocase -filter {name =~ "*microblaze*#0" && bscan=="USER2" }
con
----------------End of Script----------------

16:59:46 INFO  : Disconnected from the channel tcfchan#10.
17:00:42 INFO  : Connected to target on host '127.0.0.1' and port '3121'.
17:00:43 INFO  : Jtag cable 'RealDigital Boo 8874292301F6A' is selected.
17:00:43 INFO  : 'jtag frequency' command is executed.
17:00:43 INFO  : 'targets -set -filter {jtag_cable_name =~ "RealDigital Boo 8874292301F6A" && level==0 && jtag_device_ctx=="jsn1-0362f093-0"}' command is executed.
17:00:44 INFO  : Device configured successfully with "C:/385_Vivado_Projects/Final_Project/ECE-385-Final-Project/final_project_vitis/fp_usb/_ide/bitstream/mb_usb_hdmi_top.bit"
17:00:44 INFO  : Context for processor 'microblaze_0' is selected.
17:00:44 INFO  : Hardware design and registers information is loaded from 'C:/385_Vivado_Projects/Final_Project/ECE-385-Final-Project/final_project_vitis/mb_usb_hdmi_top/export/mb_usb_hdmi_top/hw/mb_usb_hdmi_top.xsa'.
17:00:44 INFO  : 'configparams mdm-detect-bscan-mask 2' command is executed.
17:00:44 INFO  : Context for processor 'microblaze_0' is selected.
17:00:44 INFO  : System reset is completed.
17:00:47 INFO  : 'after 3000' command is executed.
17:00:47 INFO  : Context for processor 'microblaze_0' is selected.
17:00:48 INFO  : The application 'C:/385_Vivado_Projects/Final_Project/ECE-385-Final-Project/final_project_vitis/fp_usb/Debug/fp_usb.elf' is downloaded to processor 'microblaze_0'.
17:00:48 INFO  : ----------------XSDB Script----------------
connect -url tcp:127.0.0.1:3121
targets -set -filter {jtag_cable_name =~ "RealDigital Boo 8874292301F6A" && level==0 && jtag_device_ctx=="jsn1-0362f093-0"}
fpga -file C:/385_Vivado_Projects/Final_Project/ECE-385-Final-Project/final_project_vitis/fp_usb/_ide/bitstream/mb_usb_hdmi_top.bit
targets -set -nocase -filter {name =~ "*microblaze*#0" && bscan=="USER2" }
loadhw -hw C:/385_Vivado_Projects/Final_Project/ECE-385-Final-Project/final_project_vitis/mb_usb_hdmi_top/export/mb_usb_hdmi_top/hw/mb_usb_hdmi_top.xsa -regs
configparams mdm-detect-bscan-mask 2
targets -set -nocase -filter {name =~ "*microblaze*#0" && bscan=="USER2" }
rst -system
after 3000
targets -set -nocase -filter {name =~ "*microblaze*#0" && bscan=="USER2" }
dow C:/385_Vivado_Projects/Final_Project/ECE-385-Final-Project/final_project_vitis/fp_usb/Debug/fp_usb.elf
----------------End of Script----------------

17:00:48 INFO  : Context for processor 'microblaze_0' is selected.
17:00:48 INFO  : 'con' command is executed.
17:00:48 INFO  : ----------------XSDB Script (After Launch)----------------
targets -set -nocase -filter {name =~ "*microblaze*#0" && bscan=="USER2" }
con
----------------End of Script----------------

17:00:48 INFO  : Disconnected from the channel tcfchan#11.
17:01:11 INFO  : Connected to target on host '127.0.0.1' and port '3121'.
17:01:12 INFO  : Jtag cable 'RealDigital Boo 8874292301F6A' is selected.
17:01:12 INFO  : 'jtag frequency' command is executed.
17:01:12 INFO  : 'targets -set -filter {jtag_cable_name =~ "RealDigital Boo 8874292301F6A" && level==0 && jtag_device_ctx=="jsn1-0362f093-0"}' command is executed.
17:01:13 INFO  : Device configured successfully with "C:/385_Vivado_Projects/Final_Project/ECE-385-Final-Project/final_project_vitis/fp_usb/_ide/bitstream/mb_usb_hdmi_top.bit"
17:01:13 INFO  : Context for processor 'microblaze_0' is selected.
17:01:13 INFO  : Hardware design and registers information is loaded from 'C:/385_Vivado_Projects/Final_Project/ECE-385-Final-Project/final_project_vitis/mb_usb_hdmi_top/export/mb_usb_hdmi_top/hw/mb_usb_hdmi_top.xsa'.
17:01:13 INFO  : 'configparams mdm-detect-bscan-mask 2' command is executed.
17:01:14 INFO  : Context for processor 'microblaze_0' is selected.
17:01:14 INFO  : System reset is completed.
17:01:17 INFO  : 'after 3000' command is executed.
17:01:17 INFO  : Context for processor 'microblaze_0' is selected.
17:01:17 INFO  : The application 'C:/385_Vivado_Projects/Final_Project/ECE-385-Final-Project/final_project_vitis/fp_usb/Debug/fp_usb.elf' is downloaded to processor 'microblaze_0'.
17:01:17 INFO  : ----------------XSDB Script----------------
connect -url tcp:127.0.0.1:3121
targets -set -filter {jtag_cable_name =~ "RealDigital Boo 8874292301F6A" && level==0 && jtag_device_ctx=="jsn1-0362f093-0"}
fpga -file C:/385_Vivado_Projects/Final_Project/ECE-385-Final-Project/final_project_vitis/fp_usb/_ide/bitstream/mb_usb_hdmi_top.bit
targets -set -nocase -filter {name =~ "*microblaze*#0" && bscan=="USER2" }
loadhw -hw C:/385_Vivado_Projects/Final_Project/ECE-385-Final-Project/final_project_vitis/mb_usb_hdmi_top/export/mb_usb_hdmi_top/hw/mb_usb_hdmi_top.xsa -regs
configparams mdm-detect-bscan-mask 2
targets -set -nocase -filter {name =~ "*microblaze*#0" && bscan=="USER2" }
rst -system
after 3000
targets -set -nocase -filter {name =~ "*microblaze*#0" && bscan=="USER2" }
dow C:/385_Vivado_Projects/Final_Project/ECE-385-Final-Project/final_project_vitis/fp_usb/Debug/fp_usb.elf
----------------End of Script----------------

17:01:17 INFO  : Context for processor 'microblaze_0' is selected.
17:01:17 INFO  : 'con' command is executed.
17:01:17 INFO  : ----------------XSDB Script (After Launch)----------------
targets -set -nocase -filter {name =~ "*microblaze*#0" && bscan=="USER2" }
con
----------------End of Script----------------

17:01:17 INFO  : Disconnected from the channel tcfchan#12.
17:05:49 INFO  : Connected to target on host '127.0.0.1' and port '3121'.
17:05:49 INFO  : Jtag cable 'RealDigital Boo 8874292301F6A' is selected.
17:05:49 INFO  : 'jtag frequency' command is executed.
17:05:49 INFO  : 'targets -set -filter {jtag_cable_name =~ "RealDigital Boo 8874292301F6A" && level==0 && jtag_device_ctx=="jsn1-0362f093-0"}' command is executed.
17:05:50 INFO  : Device configured successfully with "C:/385_Vivado_Projects/Final_Project/ECE-385-Final-Project/final_project_vitis/fp_usb/_ide/bitstream/mb_usb_hdmi_top.bit"
17:05:50 INFO  : Context for processor 'microblaze_0' is selected.
17:05:50 INFO  : Hardware design and registers information is loaded from 'C:/385_Vivado_Projects/Final_Project/ECE-385-Final-Project/final_project_vitis/mb_usb_hdmi_top/export/mb_usb_hdmi_top/hw/mb_usb_hdmi_top.xsa'.
17:05:50 INFO  : 'configparams mdm-detect-bscan-mask 2' command is executed.
17:05:50 INFO  : Context for processor 'microblaze_0' is selected.
17:05:50 INFO  : System reset is completed.
17:05:53 INFO  : 'after 3000' command is executed.
17:05:53 INFO  : Context for processor 'microblaze_0' is selected.
17:05:53 INFO  : The application 'C:/385_Vivado_Projects/Final_Project/ECE-385-Final-Project/final_project_vitis/fp_usb/Debug/fp_usb.elf' is downloaded to processor 'microblaze_0'.
17:05:53 INFO  : ----------------XSDB Script----------------
connect -url tcp:127.0.0.1:3121
targets -set -filter {jtag_cable_name =~ "RealDigital Boo 8874292301F6A" && level==0 && jtag_device_ctx=="jsn1-0362f093-0"}
fpga -file C:/385_Vivado_Projects/Final_Project/ECE-385-Final-Project/final_project_vitis/fp_usb/_ide/bitstream/mb_usb_hdmi_top.bit
targets -set -nocase -filter {name =~ "*microblaze*#0" && bscan=="USER2" }
loadhw -hw C:/385_Vivado_Projects/Final_Project/ECE-385-Final-Project/final_project_vitis/mb_usb_hdmi_top/export/mb_usb_hdmi_top/hw/mb_usb_hdmi_top.xsa -regs
configparams mdm-detect-bscan-mask 2
targets -set -nocase -filter {name =~ "*microblaze*#0" && bscan=="USER2" }
rst -system
after 3000
targets -set -nocase -filter {name =~ "*microblaze*#0" && bscan=="USER2" }
dow C:/385_Vivado_Projects/Final_Project/ECE-385-Final-Project/final_project_vitis/fp_usb/Debug/fp_usb.elf
----------------End of Script----------------

17:05:53 INFO  : Context for processor 'microblaze_0' is selected.
17:05:53 INFO  : 'con' command is executed.
17:05:53 INFO  : ----------------XSDB Script (After Launch)----------------
targets -set -nocase -filter {name =~ "*microblaze*#0" && bscan=="USER2" }
con
----------------End of Script----------------

17:05:53 INFO  : Disconnected from the channel tcfchan#13.
17:18:28 INFO  : Hardware specification for platform project 'mb_usb_hdmi_top' is updated.
17:18:38 INFO  : Result from executing command 'getProjects': mb_usb_hdmi_top
17:18:38 INFO  : Result from executing command 'getPlatforms': mb_usb_hdmi_top|C:/385_Vivado_Projects/Final_Project/ECE-385-Final-Project/final_project_vitis/mb_usb_hdmi_top/export/mb_usb_hdmi_top/mb_usb_hdmi_top.xpfm
17:18:38 INFO  : Checking for BSP changes to sync application flags for project 'fp_usb'...
17:18:40 INFO  : The hardware specification used by project 'fp_usb' is out of sync with the platform. Resource files extracted from the hardware specification will be updated.
17:18:40 INFO  : The file 'C:\385_Vivado_Projects\Final_Project\ECE-385-Final-Project\final_project_vitis\fp_usb\_ide\bitstream\mb_usb_hdmi_top.bit' stored in project is removed.
17:18:40 INFO  : The file 'C:\385_Vivado_Projects\Final_Project\ECE-385-Final-Project\final_project_vitis\fp_usb\_ide\bitstream\mb_usb_hdmi_top.mmi' stored in project is removed.
17:18:40 INFO  : The updated bitstream files are copied from platform to folder 'C:\385_Vivado_Projects\Final_Project\ECE-385-Final-Project\final_project_vitis\fp_usb\_ide\bitstream' in project 'fp_usb'.
17:18:45 INFO  : Connected to target on host '127.0.0.1' and port '3121'.
17:18:45 INFO  : Jtag cable 'RealDigital Boo 8874292301F6A' is selected.
17:18:45 INFO  : 'jtag frequency' command is executed.
17:18:45 INFO  : 'targets -set -filter {jtag_cable_name =~ "RealDigital Boo 8874292301F6A" && level==0 && jtag_device_ctx=="jsn1-0362f093-0"}' command is executed.
17:18:46 INFO  : Device configured successfully with "C:/385_Vivado_Projects/Final_Project/ECE-385-Final-Project/final_project_vitis/fp_usb/_ide/bitstream/mb_usb_hdmi_top.bit"
17:18:47 INFO  : Context for processor 'microblaze_0' is selected.
17:18:47 INFO  : Hardware design and registers information is loaded from 'C:/385_Vivado_Projects/Final_Project/ECE-385-Final-Project/final_project_vitis/mb_usb_hdmi_top/export/mb_usb_hdmi_top/hw/mb_usb_hdmi_top.xsa'.
17:18:47 INFO  : 'configparams mdm-detect-bscan-mask 2' command is executed.
17:18:47 INFO  : Context for processor 'microblaze_0' is selected.
17:18:47 INFO  : System reset is completed.
17:18:50 INFO  : 'after 3000' command is executed.
17:18:50 INFO  : Context for processor 'microblaze_0' is selected.
17:18:50 INFO  : The application 'C:/385_Vivado_Projects/Final_Project/ECE-385-Final-Project/final_project_vitis/fp_usb/Debug/fp_usb.elf' is downloaded to processor 'microblaze_0'.
17:18:50 INFO  : ----------------XSDB Script----------------
connect -url tcp:127.0.0.1:3121
targets -set -filter {jtag_cable_name =~ "RealDigital Boo 8874292301F6A" && level==0 && jtag_device_ctx=="jsn1-0362f093-0"}
fpga -file C:/385_Vivado_Projects/Final_Project/ECE-385-Final-Project/final_project_vitis/fp_usb/_ide/bitstream/mb_usb_hdmi_top.bit
targets -set -nocase -filter {name =~ "*microblaze*#0" && bscan=="USER2" }
loadhw -hw C:/385_Vivado_Projects/Final_Project/ECE-385-Final-Project/final_project_vitis/mb_usb_hdmi_top/export/mb_usb_hdmi_top/hw/mb_usb_hdmi_top.xsa -regs
configparams mdm-detect-bscan-mask 2
targets -set -nocase -filter {name =~ "*microblaze*#0" && bscan=="USER2" }
rst -system
after 3000
targets -set -nocase -filter {name =~ "*microblaze*#0" && bscan=="USER2" }
dow C:/385_Vivado_Projects/Final_Project/ECE-385-Final-Project/final_project_vitis/fp_usb/Debug/fp_usb.elf
----------------End of Script----------------

17:18:50 INFO  : Context for processor 'microblaze_0' is selected.
17:18:50 INFO  : 'con' command is executed.
17:18:50 INFO  : ----------------XSDB Script (After Launch)----------------
targets -set -nocase -filter {name =~ "*microblaze*#0" && bscan=="USER2" }
con
----------------End of Script----------------

17:18:50 INFO  : Disconnected from the channel tcfchan#15.
17:19:28 INFO  : Connected to target on host '127.0.0.1' and port '3121'.
17:19:28 INFO  : Jtag cable 'RealDigital Boo 8874292301F6A' is selected.
17:19:28 INFO  : 'jtag frequency' command is executed.
17:19:28 INFO  : 'targets -set -filter {jtag_cable_name =~ "RealDigital Boo 8874292301F6A" && level==0 && jtag_device_ctx=="jsn1-0362f093-0"}' command is executed.
17:19:29 INFO  : Device configured successfully with "C:/385_Vivado_Projects/Final_Project/ECE-385-Final-Project/final_project_vitis/fp_usb/_ide/bitstream/mb_usb_hdmi_top.bit"
17:19:30 INFO  : Context for processor 'microblaze_0' is selected.
17:19:30 INFO  : Hardware design and registers information is loaded from 'C:/385_Vivado_Projects/Final_Project/ECE-385-Final-Project/final_project_vitis/mb_usb_hdmi_top/export/mb_usb_hdmi_top/hw/mb_usb_hdmi_top.xsa'.
17:19:30 INFO  : 'configparams mdm-detect-bscan-mask 2' command is executed.
17:19:30 INFO  : Context for processor 'microblaze_0' is selected.
17:19:30 INFO  : System reset is completed.
17:19:33 INFO  : 'after 3000' command is executed.
17:19:33 INFO  : Context for processor 'microblaze_0' is selected.
17:19:33 INFO  : The application 'C:/385_Vivado_Projects/Final_Project/ECE-385-Final-Project/final_project_vitis/fp_usb/Debug/fp_usb.elf' is downloaded to processor 'microblaze_0'.
17:19:33 INFO  : ----------------XSDB Script----------------
connect -url tcp:127.0.0.1:3121
targets -set -filter {jtag_cable_name =~ "RealDigital Boo 8874292301F6A" && level==0 && jtag_device_ctx=="jsn1-0362f093-0"}
fpga -file C:/385_Vivado_Projects/Final_Project/ECE-385-Final-Project/final_project_vitis/fp_usb/_ide/bitstream/mb_usb_hdmi_top.bit
targets -set -nocase -filter {name =~ "*microblaze*#0" && bscan=="USER2" }
loadhw -hw C:/385_Vivado_Projects/Final_Project/ECE-385-Final-Project/final_project_vitis/mb_usb_hdmi_top/export/mb_usb_hdmi_top/hw/mb_usb_hdmi_top.xsa -regs
configparams mdm-detect-bscan-mask 2
targets -set -nocase -filter {name =~ "*microblaze*#0" && bscan=="USER2" }
rst -system
after 3000
targets -set -nocase -filter {name =~ "*microblaze*#0" && bscan=="USER2" }
dow C:/385_Vivado_Projects/Final_Project/ECE-385-Final-Project/final_project_vitis/fp_usb/Debug/fp_usb.elf
----------------End of Script----------------

17:19:33 INFO  : Context for processor 'microblaze_0' is selected.
17:19:33 INFO  : 'con' command is executed.
17:19:33 INFO  : ----------------XSDB Script (After Launch)----------------
targets -set -nocase -filter {name =~ "*microblaze*#0" && bscan=="USER2" }
con
----------------End of Script----------------

17:19:33 INFO  : Disconnected from the channel tcfchan#16.
17:33:37 INFO  : Hardware specification for platform project 'mb_usb_hdmi_top' is updated.
17:33:47 INFO  : Result from executing command 'getProjects': mb_usb_hdmi_top
17:33:47 INFO  : Result from executing command 'getPlatforms': mb_usb_hdmi_top|C:/385_Vivado_Projects/Final_Project/ECE-385-Final-Project/final_project_vitis/mb_usb_hdmi_top/export/mb_usb_hdmi_top/mb_usb_hdmi_top.xpfm
17:33:47 INFO  : Checking for BSP changes to sync application flags for project 'fp_usb'...
17:33:49 INFO  : The hardware specification used by project 'fp_usb' is out of sync with the platform. Resource files extracted from the hardware specification will be updated.
17:33:49 INFO  : The file 'C:\385_Vivado_Projects\Final_Project\ECE-385-Final-Project\final_project_vitis\fp_usb\_ide\bitstream\mb_usb_hdmi_top.bit' stored in project is removed.
17:33:49 INFO  : The file 'C:\385_Vivado_Projects\Final_Project\ECE-385-Final-Project\final_project_vitis\fp_usb\_ide\bitstream\mb_usb_hdmi_top.mmi' stored in project is removed.
17:33:49 INFO  : The updated bitstream files are copied from platform to folder 'C:\385_Vivado_Projects\Final_Project\ECE-385-Final-Project\final_project_vitis\fp_usb\_ide\bitstream' in project 'fp_usb'.
17:34:00 INFO  : Connected to target on host '127.0.0.1' and port '3121'.
17:34:01 INFO  : Jtag cable 'RealDigital Boo 8874292301F6A' is selected.
17:34:01 INFO  : 'jtag frequency' command is executed.
17:34:01 INFO  : 'targets -set -filter {jtag_cable_name =~ "RealDigital Boo 8874292301F6A" && level==0 && jtag_device_ctx=="jsn1-0362f093-0"}' command is executed.
17:34:02 INFO  : Device configured successfully with "C:/385_Vivado_Projects/Final_Project/ECE-385-Final-Project/final_project_vitis/fp_usb/_ide/bitstream/mb_usb_hdmi_top.bit"
17:34:02 INFO  : Context for processor 'microblaze_0' is selected.
17:34:02 INFO  : Hardware design and registers information is loaded from 'C:/385_Vivado_Projects/Final_Project/ECE-385-Final-Project/final_project_vitis/mb_usb_hdmi_top/export/mb_usb_hdmi_top/hw/mb_usb_hdmi_top.xsa'.
17:34:02 INFO  : 'configparams mdm-detect-bscan-mask 2' command is executed.
17:34:02 INFO  : Context for processor 'microblaze_0' is selected.
17:34:02 INFO  : System reset is completed.
17:34:05 INFO  : 'after 3000' command is executed.
17:34:05 INFO  : Context for processor 'microblaze_0' is selected.
17:34:05 INFO  : The application 'C:/385_Vivado_Projects/Final_Project/ECE-385-Final-Project/final_project_vitis/fp_usb/Debug/fp_usb.elf' is downloaded to processor 'microblaze_0'.
17:34:05 INFO  : ----------------XSDB Script----------------
connect -url tcp:127.0.0.1:3121
targets -set -filter {jtag_cable_name =~ "RealDigital Boo 8874292301F6A" && level==0 && jtag_device_ctx=="jsn1-0362f093-0"}
fpga -file C:/385_Vivado_Projects/Final_Project/ECE-385-Final-Project/final_project_vitis/fp_usb/_ide/bitstream/mb_usb_hdmi_top.bit
targets -set -nocase -filter {name =~ "*microblaze*#0" && bscan=="USER2" }
loadhw -hw C:/385_Vivado_Projects/Final_Project/ECE-385-Final-Project/final_project_vitis/mb_usb_hdmi_top/export/mb_usb_hdmi_top/hw/mb_usb_hdmi_top.xsa -regs
configparams mdm-detect-bscan-mask 2
targets -set -nocase -filter {name =~ "*microblaze*#0" && bscan=="USER2" }
rst -system
after 3000
targets -set -nocase -filter {name =~ "*microblaze*#0" && bscan=="USER2" }
dow C:/385_Vivado_Projects/Final_Project/ECE-385-Final-Project/final_project_vitis/fp_usb/Debug/fp_usb.elf
----------------End of Script----------------

17:34:05 INFO  : Context for processor 'microblaze_0' is selected.
17:34:05 INFO  : 'con' command is executed.
17:34:05 INFO  : ----------------XSDB Script (After Launch)----------------
targets -set -nocase -filter {name =~ "*microblaze*#0" && bscan=="USER2" }
con
----------------End of Script----------------

17:34:05 INFO  : Disconnected from the channel tcfchan#18.
17:42:58 INFO  : Hardware specification for platform project 'mb_usb_hdmi_top' is updated.
17:43:07 INFO  : Result from executing command 'getProjects': mb_usb_hdmi_top
17:43:07 INFO  : Result from executing command 'getPlatforms': mb_usb_hdmi_top|C:/385_Vivado_Projects/Final_Project/ECE-385-Final-Project/final_project_vitis/mb_usb_hdmi_top/export/mb_usb_hdmi_top/mb_usb_hdmi_top.xpfm
17:43:07 INFO  : Checking for BSP changes to sync application flags for project 'fp_usb'...
17:43:09 INFO  : The hardware specification used by project 'fp_usb' is out of sync with the platform. Resource files extracted from the hardware specification will be updated.
17:43:09 INFO  : The file 'C:\385_Vivado_Projects\Final_Project\ECE-385-Final-Project\final_project_vitis\fp_usb\_ide\bitstream\mb_usb_hdmi_top.bit' stored in project is removed.
17:43:09 INFO  : The file 'C:\385_Vivado_Projects\Final_Project\ECE-385-Final-Project\final_project_vitis\fp_usb\_ide\bitstream\mb_usb_hdmi_top.mmi' stored in project is removed.
17:43:09 INFO  : The updated bitstream files are copied from platform to folder 'C:\385_Vivado_Projects\Final_Project\ECE-385-Final-Project\final_project_vitis\fp_usb\_ide\bitstream' in project 'fp_usb'.
17:43:14 INFO  : Connected to target on host '127.0.0.1' and port '3121'.
17:43:14 INFO  : Jtag cable 'RealDigital Boo 8874292301F6A' is selected.
17:43:14 INFO  : 'jtag frequency' command is executed.
17:43:14 INFO  : 'targets -set -filter {jtag_cable_name =~ "RealDigital Boo 8874292301F6A" && level==0 && jtag_device_ctx=="jsn1-0362f093-0"}' command is executed.
17:43:15 INFO  : Device configured successfully with "C:/385_Vivado_Projects/Final_Project/ECE-385-Final-Project/final_project_vitis/fp_usb/_ide/bitstream/mb_usb_hdmi_top.bit"
17:43:15 INFO  : Context for processor 'microblaze_0' is selected.
17:43:16 INFO  : Hardware design and registers information is loaded from 'C:/385_Vivado_Projects/Final_Project/ECE-385-Final-Project/final_project_vitis/mb_usb_hdmi_top/export/mb_usb_hdmi_top/hw/mb_usb_hdmi_top.xsa'.
17:43:16 INFO  : 'configparams mdm-detect-bscan-mask 2' command is executed.
17:43:16 INFO  : Context for processor 'microblaze_0' is selected.
17:43:16 INFO  : System reset is completed.
17:43:19 INFO  : 'after 3000' command is executed.
17:43:19 INFO  : Context for processor 'microblaze_0' is selected.
17:43:19 INFO  : The application 'C:/385_Vivado_Projects/Final_Project/ECE-385-Final-Project/final_project_vitis/fp_usb/Debug/fp_usb.elf' is downloaded to processor 'microblaze_0'.
17:43:19 INFO  : ----------------XSDB Script----------------
connect -url tcp:127.0.0.1:3121
targets -set -filter {jtag_cable_name =~ "RealDigital Boo 8874292301F6A" && level==0 && jtag_device_ctx=="jsn1-0362f093-0"}
fpga -file C:/385_Vivado_Projects/Final_Project/ECE-385-Final-Project/final_project_vitis/fp_usb/_ide/bitstream/mb_usb_hdmi_top.bit
targets -set -nocase -filter {name =~ "*microblaze*#0" && bscan=="USER2" }
loadhw -hw C:/385_Vivado_Projects/Final_Project/ECE-385-Final-Project/final_project_vitis/mb_usb_hdmi_top/export/mb_usb_hdmi_top/hw/mb_usb_hdmi_top.xsa -regs
configparams mdm-detect-bscan-mask 2
targets -set -nocase -filter {name =~ "*microblaze*#0" && bscan=="USER2" }
rst -system
after 3000
targets -set -nocase -filter {name =~ "*microblaze*#0" && bscan=="USER2" }
dow C:/385_Vivado_Projects/Final_Project/ECE-385-Final-Project/final_project_vitis/fp_usb/Debug/fp_usb.elf
----------------End of Script----------------

17:43:19 INFO  : Context for processor 'microblaze_0' is selected.
17:43:19 INFO  : 'con' command is executed.
17:43:19 INFO  : ----------------XSDB Script (After Launch)----------------
targets -set -nocase -filter {name =~ "*microblaze*#0" && bscan=="USER2" }
con
----------------End of Script----------------

17:43:19 INFO  : Disconnected from the channel tcfchan#20.
17:55:32 INFO  : Hardware specification for platform project 'mb_usb_hdmi_top' is updated.
17:55:48 INFO  : Result from executing command 'getProjects': mb_usb_hdmi_top
17:55:48 INFO  : Result from executing command 'getPlatforms': mb_usb_hdmi_top|C:/385_Vivado_Projects/Final_Project/ECE-385-Final-Project/final_project_vitis/mb_usb_hdmi_top/export/mb_usb_hdmi_top/mb_usb_hdmi_top.xpfm
17:55:48 INFO  : Checking for BSP changes to sync application flags for project 'fp_usb'...
17:55:50 INFO  : The hardware specification used by project 'fp_usb' is out of sync with the platform. Resource files extracted from the hardware specification will be updated.
17:55:50 INFO  : The file 'C:\385_Vivado_Projects\Final_Project\ECE-385-Final-Project\final_project_vitis\fp_usb\_ide\bitstream\mb_usb_hdmi_top.bit' stored in project is removed.
17:55:50 INFO  : The file 'C:\385_Vivado_Projects\Final_Project\ECE-385-Final-Project\final_project_vitis\fp_usb\_ide\bitstream\mb_usb_hdmi_top.mmi' stored in project is removed.
17:55:50 INFO  : The updated bitstream files are copied from platform to folder 'C:\385_Vivado_Projects\Final_Project\ECE-385-Final-Project\final_project_vitis\fp_usb\_ide\bitstream' in project 'fp_usb'.
17:56:01 INFO  : Connected to target on host '127.0.0.1' and port '3121'.
17:56:01 INFO  : Jtag cable 'RealDigital Boo 8874292301F6A' is selected.
17:56:01 INFO  : 'jtag frequency' command is executed.
17:56:02 INFO  : 'targets -set -filter {jtag_cable_name =~ "RealDigital Boo 8874292301F6A" && level==0 && jtag_device_ctx=="jsn1-0362f093-0"}' command is executed.
17:56:03 INFO  : Device configured successfully with "C:/385_Vivado_Projects/Final_Project/ECE-385-Final-Project/final_project_vitis/fp_usb/_ide/bitstream/mb_usb_hdmi_top.bit"
17:56:03 INFO  : Context for processor 'microblaze_0' is selected.
17:56:03 INFO  : Hardware design and registers information is loaded from 'C:/385_Vivado_Projects/Final_Project/ECE-385-Final-Project/final_project_vitis/mb_usb_hdmi_top/export/mb_usb_hdmi_top/hw/mb_usb_hdmi_top.xsa'.
17:56:03 INFO  : 'configparams mdm-detect-bscan-mask 2' command is executed.
17:56:03 INFO  : Context for processor 'microblaze_0' is selected.
17:56:03 INFO  : System reset is completed.
17:56:06 INFO  : 'after 3000' command is executed.
17:56:06 INFO  : Context for processor 'microblaze_0' is selected.
17:56:06 INFO  : The application 'C:/385_Vivado_Projects/Final_Project/ECE-385-Final-Project/final_project_vitis/fp_usb/Debug/fp_usb.elf' is downloaded to processor 'microblaze_0'.
17:56:06 INFO  : ----------------XSDB Script----------------
connect -url tcp:127.0.0.1:3121
targets -set -filter {jtag_cable_name =~ "RealDigital Boo 8874292301F6A" && level==0 && jtag_device_ctx=="jsn1-0362f093-0"}
fpga -file C:/385_Vivado_Projects/Final_Project/ECE-385-Final-Project/final_project_vitis/fp_usb/_ide/bitstream/mb_usb_hdmi_top.bit
targets -set -nocase -filter {name =~ "*microblaze*#0" && bscan=="USER2" }
loadhw -hw C:/385_Vivado_Projects/Final_Project/ECE-385-Final-Project/final_project_vitis/mb_usb_hdmi_top/export/mb_usb_hdmi_top/hw/mb_usb_hdmi_top.xsa -regs
configparams mdm-detect-bscan-mask 2
targets -set -nocase -filter {name =~ "*microblaze*#0" && bscan=="USER2" }
rst -system
after 3000
targets -set -nocase -filter {name =~ "*microblaze*#0" && bscan=="USER2" }
dow C:/385_Vivado_Projects/Final_Project/ECE-385-Final-Project/final_project_vitis/fp_usb/Debug/fp_usb.elf
----------------End of Script----------------

17:56:06 INFO  : Context for processor 'microblaze_0' is selected.
17:56:06 INFO  : 'con' command is executed.
17:56:06 INFO  : ----------------XSDB Script (After Launch)----------------
targets -set -nocase -filter {name =~ "*microblaze*#0" && bscan=="USER2" }
con
----------------End of Script----------------

17:56:06 INFO  : Disconnected from the channel tcfchan#22.
18:08:33 INFO  : Hardware specification for platform project 'mb_usb_hdmi_top' is updated.
18:08:47 INFO  : Result from executing command 'getProjects': mb_usb_hdmi_top
18:08:47 INFO  : Result from executing command 'getPlatforms': mb_usb_hdmi_top|C:/385_Vivado_Projects/Final_Project/ECE-385-Final-Project/final_project_vitis/mb_usb_hdmi_top/export/mb_usb_hdmi_top/mb_usb_hdmi_top.xpfm
18:08:47 INFO  : Checking for BSP changes to sync application flags for project 'fp_usb'...
18:08:49 INFO  : The hardware specification used by project 'fp_usb' is out of sync with the platform. Resource files extracted from the hardware specification will be updated.
18:08:49 INFO  : The file 'C:\385_Vivado_Projects\Final_Project\ECE-385-Final-Project\final_project_vitis\fp_usb\_ide\bitstream\mb_usb_hdmi_top.bit' stored in project is removed.
18:08:49 INFO  : The file 'C:\385_Vivado_Projects\Final_Project\ECE-385-Final-Project\final_project_vitis\fp_usb\_ide\bitstream\mb_usb_hdmi_top.mmi' stored in project is removed.
18:08:49 INFO  : The updated bitstream files are copied from platform to folder 'C:\385_Vivado_Projects\Final_Project\ECE-385-Final-Project\final_project_vitis\fp_usb\_ide\bitstream' in project 'fp_usb'.
18:08:53 INFO  : Connected to target on host '127.0.0.1' and port '3121'.
18:08:53 INFO  : Jtag cable 'RealDigital Boo 8874292301F6A' is selected.
18:08:53 INFO  : 'jtag frequency' command is executed.
18:08:53 INFO  : 'targets -set -filter {jtag_cable_name =~ "RealDigital Boo 8874292301F6A" && level==0 && jtag_device_ctx=="jsn1-0362f093-0"}' command is executed.
18:08:54 INFO  : Device configured successfully with "C:/385_Vivado_Projects/Final_Project/ECE-385-Final-Project/final_project_vitis/fp_usb/_ide/bitstream/mb_usb_hdmi_top.bit"
18:08:54 INFO  : Context for processor 'microblaze_0' is selected.
18:08:54 INFO  : Hardware design and registers information is loaded from 'C:/385_Vivado_Projects/Final_Project/ECE-385-Final-Project/final_project_vitis/mb_usb_hdmi_top/export/mb_usb_hdmi_top/hw/mb_usb_hdmi_top.xsa'.
18:08:54 INFO  : 'configparams mdm-detect-bscan-mask 2' command is executed.
18:08:54 INFO  : Context for processor 'microblaze_0' is selected.
18:08:54 INFO  : System reset is completed.
18:08:57 INFO  : 'after 3000' command is executed.
18:08:57 INFO  : Context for processor 'microblaze_0' is selected.
18:08:57 INFO  : The application 'C:/385_Vivado_Projects/Final_Project/ECE-385-Final-Project/final_project_vitis/fp_usb/Debug/fp_usb.elf' is downloaded to processor 'microblaze_0'.
18:08:57 INFO  : ----------------XSDB Script----------------
connect -url tcp:127.0.0.1:3121
targets -set -filter {jtag_cable_name =~ "RealDigital Boo 8874292301F6A" && level==0 && jtag_device_ctx=="jsn1-0362f093-0"}
fpga -file C:/385_Vivado_Projects/Final_Project/ECE-385-Final-Project/final_project_vitis/fp_usb/_ide/bitstream/mb_usb_hdmi_top.bit
targets -set -nocase -filter {name =~ "*microblaze*#0" && bscan=="USER2" }
loadhw -hw C:/385_Vivado_Projects/Final_Project/ECE-385-Final-Project/final_project_vitis/mb_usb_hdmi_top/export/mb_usb_hdmi_top/hw/mb_usb_hdmi_top.xsa -regs
configparams mdm-detect-bscan-mask 2
targets -set -nocase -filter {name =~ "*microblaze*#0" && bscan=="USER2" }
rst -system
after 3000
targets -set -nocase -filter {name =~ "*microblaze*#0" && bscan=="USER2" }
dow C:/385_Vivado_Projects/Final_Project/ECE-385-Final-Project/final_project_vitis/fp_usb/Debug/fp_usb.elf
----------------End of Script----------------

18:08:58 INFO  : Context for processor 'microblaze_0' is selected.
18:08:58 INFO  : 'con' command is executed.
18:08:58 INFO  : ----------------XSDB Script (After Launch)----------------
targets -set -nocase -filter {name =~ "*microblaze*#0" && bscan=="USER2" }
con
----------------End of Script----------------

18:08:58 INFO  : Disconnected from the channel tcfchan#24.
18:11:27 INFO  : Connected to target on host '127.0.0.1' and port '3121'.
18:11:27 INFO  : Jtag cable 'RealDigital Boo 8874292301F6A' is selected.
18:11:27 INFO  : 'jtag frequency' command is executed.
18:11:27 INFO  : 'targets -set -filter {jtag_cable_name =~ "RealDigital Boo 8874292301F6A" && level==0 && jtag_device_ctx=="jsn1-0362f093-0"}' command is executed.
18:11:28 INFO  : Device configured successfully with "C:/385_Vivado_Projects/Final_Project/ECE-385-Final-Project/final_project_vitis/fp_usb/_ide/bitstream/mb_usb_hdmi_top.bit"
18:11:28 INFO  : Context for processor 'microblaze_0' is selected.
18:11:28 INFO  : Hardware design and registers information is loaded from 'C:/385_Vivado_Projects/Final_Project/ECE-385-Final-Project/final_project_vitis/mb_usb_hdmi_top/export/mb_usb_hdmi_top/hw/mb_usb_hdmi_top.xsa'.
18:11:28 INFO  : 'configparams mdm-detect-bscan-mask 2' command is executed.
18:11:28 INFO  : Context for processor 'microblaze_0' is selected.
18:11:28 INFO  : System reset is completed.
18:11:31 INFO  : 'after 3000' command is executed.
18:11:31 INFO  : Context for processor 'microblaze_0' is selected.
18:11:32 INFO  : The application 'C:/385_Vivado_Projects/Final_Project/ECE-385-Final-Project/final_project_vitis/fp_usb/Debug/fp_usb.elf' is downloaded to processor 'microblaze_0'.
18:11:32 INFO  : ----------------XSDB Script----------------
connect -url tcp:127.0.0.1:3121
targets -set -filter {jtag_cable_name =~ "RealDigital Boo 8874292301F6A" && level==0 && jtag_device_ctx=="jsn1-0362f093-0"}
fpga -file C:/385_Vivado_Projects/Final_Project/ECE-385-Final-Project/final_project_vitis/fp_usb/_ide/bitstream/mb_usb_hdmi_top.bit
targets -set -nocase -filter {name =~ "*microblaze*#0" && bscan=="USER2" }
loadhw -hw C:/385_Vivado_Projects/Final_Project/ECE-385-Final-Project/final_project_vitis/mb_usb_hdmi_top/export/mb_usb_hdmi_top/hw/mb_usb_hdmi_top.xsa -regs
configparams mdm-detect-bscan-mask 2
targets -set -nocase -filter {name =~ "*microblaze*#0" && bscan=="USER2" }
rst -system
after 3000
targets -set -nocase -filter {name =~ "*microblaze*#0" && bscan=="USER2" }
dow C:/385_Vivado_Projects/Final_Project/ECE-385-Final-Project/final_project_vitis/fp_usb/Debug/fp_usb.elf
----------------End of Script----------------

18:11:32 INFO  : Context for processor 'microblaze_0' is selected.
18:11:32 INFO  : 'con' command is executed.
18:11:32 INFO  : ----------------XSDB Script (After Launch)----------------
targets -set -nocase -filter {name =~ "*microblaze*#0" && bscan=="USER2" }
con
----------------End of Script----------------

18:11:32 INFO  : Disconnected from the channel tcfchan#25.
18:27:50 INFO  : Hardware specification for platform project 'mb_usb_hdmi_top' is updated.
18:28:10 INFO  : Result from executing command 'getProjects': mb_usb_hdmi_top
18:28:10 INFO  : Result from executing command 'getPlatforms': mb_usb_hdmi_top|C:/385_Vivado_Projects/Final_Project/ECE-385-Final-Project/final_project_vitis/mb_usb_hdmi_top/export/mb_usb_hdmi_top/mb_usb_hdmi_top.xpfm
18:28:10 INFO  : Checking for BSP changes to sync application flags for project 'fp_usb'...
18:28:12 INFO  : The hardware specification used by project 'fp_usb' is out of sync with the platform. Resource files extracted from the hardware specification will be updated.
18:28:12 INFO  : The file 'C:\385_Vivado_Projects\Final_Project\ECE-385-Final-Project\final_project_vitis\fp_usb\_ide\bitstream\mb_usb_hdmi_top.bit' stored in project is removed.
18:28:12 INFO  : The file 'C:\385_Vivado_Projects\Final_Project\ECE-385-Final-Project\final_project_vitis\fp_usb\_ide\bitstream\mb_usb_hdmi_top.mmi' stored in project is removed.
18:28:12 INFO  : The updated bitstream files are copied from platform to folder 'C:\385_Vivado_Projects\Final_Project\ECE-385-Final-Project\final_project_vitis\fp_usb\_ide\bitstream' in project 'fp_usb'.
18:28:35 INFO  : Connected to target on host '127.0.0.1' and port '3121'.
18:28:35 INFO  : Jtag cable 'RealDigital Boo 8874292301F6A' is selected.
18:28:35 INFO  : 'jtag frequency' command is executed.
18:28:35 INFO  : 'targets -set -filter {jtag_cable_name =~ "RealDigital Boo 8874292301F6A" && level==0 && jtag_device_ctx=="jsn1-0362f093-0"}' command is executed.
18:28:36 INFO  : Device configured successfully with "C:/385_Vivado_Projects/Final_Project/ECE-385-Final-Project/final_project_vitis/fp_usb/_ide/bitstream/mb_usb_hdmi_top.bit"
18:28:36 INFO  : Context for processor 'microblaze_0' is selected.
18:28:36 INFO  : Hardware design and registers information is loaded from 'C:/385_Vivado_Projects/Final_Project/ECE-385-Final-Project/final_project_vitis/mb_usb_hdmi_top/export/mb_usb_hdmi_top/hw/mb_usb_hdmi_top.xsa'.
18:28:36 INFO  : 'configparams mdm-detect-bscan-mask 2' command is executed.
18:28:37 INFO  : Context for processor 'microblaze_0' is selected.
18:28:37 INFO  : System reset is completed.
18:28:40 INFO  : 'after 3000' command is executed.
18:28:40 INFO  : Context for processor 'microblaze_0' is selected.
18:28:40 INFO  : The application 'C:/385_Vivado_Projects/Final_Project/ECE-385-Final-Project/final_project_vitis/fp_usb/Debug/fp_usb.elf' is downloaded to processor 'microblaze_0'.
18:28:40 INFO  : ----------------XSDB Script----------------
connect -url tcp:127.0.0.1:3121
targets -set -filter {jtag_cable_name =~ "RealDigital Boo 8874292301F6A" && level==0 && jtag_device_ctx=="jsn1-0362f093-0"}
fpga -file C:/385_Vivado_Projects/Final_Project/ECE-385-Final-Project/final_project_vitis/fp_usb/_ide/bitstream/mb_usb_hdmi_top.bit
targets -set -nocase -filter {name =~ "*microblaze*#0" && bscan=="USER2" }
loadhw -hw C:/385_Vivado_Projects/Final_Project/ECE-385-Final-Project/final_project_vitis/mb_usb_hdmi_top/export/mb_usb_hdmi_top/hw/mb_usb_hdmi_top.xsa -regs
configparams mdm-detect-bscan-mask 2
targets -set -nocase -filter {name =~ "*microblaze*#0" && bscan=="USER2" }
rst -system
after 3000
targets -set -nocase -filter {name =~ "*microblaze*#0" && bscan=="USER2" }
dow C:/385_Vivado_Projects/Final_Project/ECE-385-Final-Project/final_project_vitis/fp_usb/Debug/fp_usb.elf
----------------End of Script----------------

18:28:40 INFO  : Context for processor 'microblaze_0' is selected.
18:28:40 INFO  : 'con' command is executed.
18:28:40 INFO  : ----------------XSDB Script (After Launch)----------------
targets -set -nocase -filter {name =~ "*microblaze*#0" && bscan=="USER2" }
con
----------------End of Script----------------

18:28:40 INFO  : Disconnected from the channel tcfchan#27.
18:40:26 INFO  : Hardware specification for platform project 'mb_usb_hdmi_top' is updated.
18:40:42 INFO  : Result from executing command 'getProjects': mb_usb_hdmi_top
18:40:42 INFO  : Result from executing command 'getPlatforms': mb_usb_hdmi_top|C:/385_Vivado_Projects/Final_Project/ECE-385-Final-Project/final_project_vitis/mb_usb_hdmi_top/export/mb_usb_hdmi_top/mb_usb_hdmi_top.xpfm
18:40:42 INFO  : Checking for BSP changes to sync application flags for project 'fp_usb'...
18:40:44 INFO  : The hardware specification used by project 'fp_usb' is out of sync with the platform. Resource files extracted from the hardware specification will be updated.
18:40:44 INFO  : The file 'C:\385_Vivado_Projects\Final_Project\ECE-385-Final-Project\final_project_vitis\fp_usb\_ide\bitstream\mb_usb_hdmi_top.bit' stored in project is removed.
18:40:44 INFO  : The file 'C:\385_Vivado_Projects\Final_Project\ECE-385-Final-Project\final_project_vitis\fp_usb\_ide\bitstream\mb_usb_hdmi_top.mmi' stored in project is removed.
18:40:44 INFO  : The updated bitstream files are copied from platform to folder 'C:\385_Vivado_Projects\Final_Project\ECE-385-Final-Project\final_project_vitis\fp_usb\_ide\bitstream' in project 'fp_usb'.
18:41:04 INFO  : Checking for BSP changes to sync application flags for project 'fp_usb'...
18:41:34 INFO  : Connected to target on host '127.0.0.1' and port '3121'.
18:41:34 INFO  : Jtag cable 'RealDigital Boo 8874292301F6A' is selected.
18:41:34 INFO  : 'jtag frequency' command is executed.
18:41:34 INFO  : 'targets -set -filter {jtag_cable_name =~ "RealDigital Boo 8874292301F6A" && level==0 && jtag_device_ctx=="jsn1-0362f093-0"}' command is executed.
18:41:36 INFO  : Device configured successfully with "C:/385_Vivado_Projects/Final_Project/ECE-385-Final-Project/final_project_vitis/fp_usb/_ide/bitstream/mb_usb_hdmi_top.bit"
18:41:36 INFO  : Context for processor 'microblaze_0' is selected.
18:41:36 INFO  : Hardware design and registers information is loaded from 'C:/385_Vivado_Projects/Final_Project/ECE-385-Final-Project/final_project_vitis/mb_usb_hdmi_top/export/mb_usb_hdmi_top/hw/mb_usb_hdmi_top.xsa'.
18:41:36 INFO  : 'configparams mdm-detect-bscan-mask 2' command is executed.
18:41:36 INFO  : Context for processor 'microblaze_0' is selected.
18:41:36 INFO  : System reset is completed.
18:41:39 INFO  : 'after 3000' command is executed.
18:41:39 INFO  : Context for processor 'microblaze_0' is selected.
18:41:39 INFO  : The application 'C:/385_Vivado_Projects/Final_Project/ECE-385-Final-Project/final_project_vitis/fp_usb/Debug/fp_usb.elf' is downloaded to processor 'microblaze_0'.
18:41:39 INFO  : ----------------XSDB Script----------------
connect -url tcp:127.0.0.1:3121
targets -set -filter {jtag_cable_name =~ "RealDigital Boo 8874292301F6A" && level==0 && jtag_device_ctx=="jsn1-0362f093-0"}
fpga -file C:/385_Vivado_Projects/Final_Project/ECE-385-Final-Project/final_project_vitis/fp_usb/_ide/bitstream/mb_usb_hdmi_top.bit
targets -set -nocase -filter {name =~ "*microblaze*#0" && bscan=="USER2" }
loadhw -hw C:/385_Vivado_Projects/Final_Project/ECE-385-Final-Project/final_project_vitis/mb_usb_hdmi_top/export/mb_usb_hdmi_top/hw/mb_usb_hdmi_top.xsa -regs
configparams mdm-detect-bscan-mask 2
targets -set -nocase -filter {name =~ "*microblaze*#0" && bscan=="USER2" }
rst -system
after 3000
targets -set -nocase -filter {name =~ "*microblaze*#0" && bscan=="USER2" }
dow C:/385_Vivado_Projects/Final_Project/ECE-385-Final-Project/final_project_vitis/fp_usb/Debug/fp_usb.elf
----------------End of Script----------------

18:41:39 INFO  : Context for processor 'microblaze_0' is selected.
18:41:39 INFO  : 'con' command is executed.
18:41:39 INFO  : ----------------XSDB Script (After Launch)----------------
targets -set -nocase -filter {name =~ "*microblaze*#0" && bscan=="USER2" }
con
----------------End of Script----------------

18:41:39 INFO  : Disconnected from the channel tcfchan#29.
18:57:55 INFO  : Hardware specification for platform project 'mb_usb_hdmi_top' is updated.
18:58:12 INFO  : Result from executing command 'getProjects': mb_usb_hdmi_top
18:58:12 INFO  : Result from executing command 'getPlatforms': mb_usb_hdmi_top|C:/385_Vivado_Projects/Final_Project/ECE-385-Final-Project/final_project_vitis/mb_usb_hdmi_top/export/mb_usb_hdmi_top/mb_usb_hdmi_top.xpfm
18:58:13 INFO  : Checking for BSP changes to sync application flags for project 'fp_usb'...
18:58:15 INFO  : The hardware specification used by project 'fp_usb' is out of sync with the platform. Resource files extracted from the hardware specification will be updated.
18:58:15 INFO  : The file 'C:\385_Vivado_Projects\Final_Project\ECE-385-Final-Project\final_project_vitis\fp_usb\_ide\bitstream\mb_usb_hdmi_top.bit' stored in project is removed.
18:58:15 INFO  : The file 'C:\385_Vivado_Projects\Final_Project\ECE-385-Final-Project\final_project_vitis\fp_usb\_ide\bitstream\mb_usb_hdmi_top.mmi' stored in project is removed.
18:58:15 INFO  : The updated bitstream files are copied from platform to folder 'C:\385_Vivado_Projects\Final_Project\ECE-385-Final-Project\final_project_vitis\fp_usb\_ide\bitstream' in project 'fp_usb'.
18:58:27 INFO  : Connected to target on host '127.0.0.1' and port '3121'.
18:58:27 INFO  : Jtag cable 'RealDigital Boo 8874292301F6A' is selected.
18:58:27 INFO  : 'jtag frequency' command is executed.
18:58:27 INFO  : 'targets -set -filter {jtag_cable_name =~ "RealDigital Boo 8874292301F6A" && level==0 && jtag_device_ctx=="jsn1-0362f093-0"}' command is executed.
18:58:29 INFO  : Device configured successfully with "C:/385_Vivado_Projects/Final_Project/ECE-385-Final-Project/final_project_vitis/fp_usb/_ide/bitstream/mb_usb_hdmi_top.bit"
18:58:29 INFO  : Context for processor 'microblaze_0' is selected.
18:58:29 INFO  : Hardware design and registers information is loaded from 'C:/385_Vivado_Projects/Final_Project/ECE-385-Final-Project/final_project_vitis/mb_usb_hdmi_top/export/mb_usb_hdmi_top/hw/mb_usb_hdmi_top.xsa'.
18:58:29 INFO  : 'configparams mdm-detect-bscan-mask 2' command is executed.
18:58:29 INFO  : Context for processor 'microblaze_0' is selected.
18:58:29 INFO  : System reset is completed.
18:58:32 INFO  : 'after 3000' command is executed.
18:58:32 INFO  : Context for processor 'microblaze_0' is selected.
18:58:32 INFO  : The application 'C:/385_Vivado_Projects/Final_Project/ECE-385-Final-Project/final_project_vitis/fp_usb/Debug/fp_usb.elf' is downloaded to processor 'microblaze_0'.
18:58:32 INFO  : ----------------XSDB Script----------------
connect -url tcp:127.0.0.1:3121
targets -set -filter {jtag_cable_name =~ "RealDigital Boo 8874292301F6A" && level==0 && jtag_device_ctx=="jsn1-0362f093-0"}
fpga -file C:/385_Vivado_Projects/Final_Project/ECE-385-Final-Project/final_project_vitis/fp_usb/_ide/bitstream/mb_usb_hdmi_top.bit
targets -set -nocase -filter {name =~ "*microblaze*#0" && bscan=="USER2" }
loadhw -hw C:/385_Vivado_Projects/Final_Project/ECE-385-Final-Project/final_project_vitis/mb_usb_hdmi_top/export/mb_usb_hdmi_top/hw/mb_usb_hdmi_top.xsa -regs
configparams mdm-detect-bscan-mask 2
targets -set -nocase -filter {name =~ "*microblaze*#0" && bscan=="USER2" }
rst -system
after 3000
targets -set -nocase -filter {name =~ "*microblaze*#0" && bscan=="USER2" }
dow C:/385_Vivado_Projects/Final_Project/ECE-385-Final-Project/final_project_vitis/fp_usb/Debug/fp_usb.elf
----------------End of Script----------------

18:58:32 INFO  : Context for processor 'microblaze_0' is selected.
18:58:32 INFO  : 'con' command is executed.
18:58:32 INFO  : ----------------XSDB Script (After Launch)----------------
targets -set -nocase -filter {name =~ "*microblaze*#0" && bscan=="USER2" }
con
----------------End of Script----------------

18:58:32 INFO  : Disconnected from the channel tcfchan#31.
19:15:07 INFO  : Hardware specification for platform project 'mb_usb_hdmi_top' is updated.
19:15:20 INFO  : Result from executing command 'getProjects': mb_usb_hdmi_top
19:15:20 INFO  : Result from executing command 'getPlatforms': mb_usb_hdmi_top|C:/385_Vivado_Projects/Final_Project/ECE-385-Final-Project/final_project_vitis/mb_usb_hdmi_top/export/mb_usb_hdmi_top/mb_usb_hdmi_top.xpfm
19:15:20 INFO  : Checking for BSP changes to sync application flags for project 'fp_usb'...
19:15:22 INFO  : The hardware specification used by project 'fp_usb' is out of sync with the platform. Resource files extracted from the hardware specification will be updated.
19:15:22 INFO  : The file 'C:\385_Vivado_Projects\Final_Project\ECE-385-Final-Project\final_project_vitis\fp_usb\_ide\bitstream\mb_usb_hdmi_top.bit' stored in project is removed.
19:15:22 INFO  : The file 'C:\385_Vivado_Projects\Final_Project\ECE-385-Final-Project\final_project_vitis\fp_usb\_ide\bitstream\mb_usb_hdmi_top.mmi' stored in project is removed.
19:15:22 INFO  : The updated bitstream files are copied from platform to folder 'C:\385_Vivado_Projects\Final_Project\ECE-385-Final-Project\final_project_vitis\fp_usb\_ide\bitstream' in project 'fp_usb'.
19:15:27 INFO  : Connected to target on host '127.0.0.1' and port '3121'.
19:15:27 INFO  : Jtag cable 'RealDigital Boo 8874292301F6A' is selected.
19:15:27 INFO  : 'jtag frequency' command is executed.
19:15:27 INFO  : 'targets -set -filter {jtag_cable_name =~ "RealDigital Boo 8874292301F6A" && level==0 && jtag_device_ctx=="jsn1-0362f093-0"}' command is executed.
19:15:29 INFO  : Device configured successfully with "C:/385_Vivado_Projects/Final_Project/ECE-385-Final-Project/final_project_vitis/fp_usb/_ide/bitstream/mb_usb_hdmi_top.bit"
19:15:29 INFO  : Context for processor 'microblaze_0' is selected.
19:15:29 INFO  : Hardware design and registers information is loaded from 'C:/385_Vivado_Projects/Final_Project/ECE-385-Final-Project/final_project_vitis/mb_usb_hdmi_top/export/mb_usb_hdmi_top/hw/mb_usb_hdmi_top.xsa'.
19:15:29 INFO  : 'configparams mdm-detect-bscan-mask 2' command is executed.
19:15:29 INFO  : Context for processor 'microblaze_0' is selected.
19:15:29 INFO  : System reset is completed.
19:15:32 INFO  : 'after 3000' command is executed.
19:15:32 INFO  : Context for processor 'microblaze_0' is selected.
19:15:32 INFO  : The application 'C:/385_Vivado_Projects/Final_Project/ECE-385-Final-Project/final_project_vitis/fp_usb/Debug/fp_usb.elf' is downloaded to processor 'microblaze_0'.
19:15:32 INFO  : ----------------XSDB Script----------------
connect -url tcp:127.0.0.1:3121
targets -set -filter {jtag_cable_name =~ "RealDigital Boo 8874292301F6A" && level==0 && jtag_device_ctx=="jsn1-0362f093-0"}
fpga -file C:/385_Vivado_Projects/Final_Project/ECE-385-Final-Project/final_project_vitis/fp_usb/_ide/bitstream/mb_usb_hdmi_top.bit
targets -set -nocase -filter {name =~ "*microblaze*#0" && bscan=="USER2" }
loadhw -hw C:/385_Vivado_Projects/Final_Project/ECE-385-Final-Project/final_project_vitis/mb_usb_hdmi_top/export/mb_usb_hdmi_top/hw/mb_usb_hdmi_top.xsa -regs
configparams mdm-detect-bscan-mask 2
targets -set -nocase -filter {name =~ "*microblaze*#0" && bscan=="USER2" }
rst -system
after 3000
targets -set -nocase -filter {name =~ "*microblaze*#0" && bscan=="USER2" }
dow C:/385_Vivado_Projects/Final_Project/ECE-385-Final-Project/final_project_vitis/fp_usb/Debug/fp_usb.elf
----------------End of Script----------------

19:15:32 INFO  : Context for processor 'microblaze_0' is selected.
19:15:32 INFO  : 'con' command is executed.
19:15:32 INFO  : ----------------XSDB Script (After Launch)----------------
targets -set -nocase -filter {name =~ "*microblaze*#0" && bscan=="USER2" }
con
----------------End of Script----------------

19:15:32 INFO  : Disconnected from the channel tcfchan#33.
19:33:04 INFO  : Hardware specification for platform project 'mb_usb_hdmi_top' is updated.
19:33:16 INFO  : Result from executing command 'getProjects': mb_usb_hdmi_top
19:33:16 INFO  : Result from executing command 'getPlatforms': mb_usb_hdmi_top|C:/385_Vivado_Projects/Final_Project/ECE-385-Final-Project/final_project_vitis/mb_usb_hdmi_top/export/mb_usb_hdmi_top/mb_usb_hdmi_top.xpfm
19:33:16 INFO  : Checking for BSP changes to sync application flags for project 'fp_usb'...
19:33:19 INFO  : The hardware specification used by project 'fp_usb' is out of sync with the platform. Resource files extracted from the hardware specification will be updated.
19:33:19 INFO  : The file 'C:\385_Vivado_Projects\Final_Project\ECE-385-Final-Project\final_project_vitis\fp_usb\_ide\bitstream\mb_usb_hdmi_top.bit' stored in project is removed.
19:33:19 INFO  : The file 'C:\385_Vivado_Projects\Final_Project\ECE-385-Final-Project\final_project_vitis\fp_usb\_ide\bitstream\mb_usb_hdmi_top.mmi' stored in project is removed.
19:33:19 INFO  : The updated bitstream files are copied from platform to folder 'C:\385_Vivado_Projects\Final_Project\ECE-385-Final-Project\final_project_vitis\fp_usb\_ide\bitstream' in project 'fp_usb'.
19:33:23 INFO  : Connected to target on host '127.0.0.1' and port '3121'.
19:33:23 INFO  : Jtag cable 'RealDigital Boo 8874292301F6A' is selected.
19:33:23 INFO  : 'jtag frequency' command is executed.
19:33:23 INFO  : 'targets -set -filter {jtag_cable_name =~ "RealDigital Boo 8874292301F6A" && level==0 && jtag_device_ctx=="jsn1-0362f093-0"}' command is executed.
19:33:24 INFO  : Device configured successfully with "C:/385_Vivado_Projects/Final_Project/ECE-385-Final-Project/final_project_vitis/fp_usb/_ide/bitstream/mb_usb_hdmi_top.bit"
19:33:25 INFO  : Context for processor 'microblaze_0' is selected.
19:33:25 INFO  : Hardware design and registers information is loaded from 'C:/385_Vivado_Projects/Final_Project/ECE-385-Final-Project/final_project_vitis/mb_usb_hdmi_top/export/mb_usb_hdmi_top/hw/mb_usb_hdmi_top.xsa'.
19:33:25 INFO  : 'configparams mdm-detect-bscan-mask 2' command is executed.
19:33:25 INFO  : Context for processor 'microblaze_0' is selected.
19:33:25 INFO  : System reset is completed.
19:33:28 INFO  : 'after 3000' command is executed.
19:33:28 INFO  : Context for processor 'microblaze_0' is selected.
19:33:28 INFO  : The application 'C:/385_Vivado_Projects/Final_Project/ECE-385-Final-Project/final_project_vitis/fp_usb/Debug/fp_usb.elf' is downloaded to processor 'microblaze_0'.
19:33:28 INFO  : ----------------XSDB Script----------------
connect -url tcp:127.0.0.1:3121
targets -set -filter {jtag_cable_name =~ "RealDigital Boo 8874292301F6A" && level==0 && jtag_device_ctx=="jsn1-0362f093-0"}
fpga -file C:/385_Vivado_Projects/Final_Project/ECE-385-Final-Project/final_project_vitis/fp_usb/_ide/bitstream/mb_usb_hdmi_top.bit
targets -set -nocase -filter {name =~ "*microblaze*#0" && bscan=="USER2" }
loadhw -hw C:/385_Vivado_Projects/Final_Project/ECE-385-Final-Project/final_project_vitis/mb_usb_hdmi_top/export/mb_usb_hdmi_top/hw/mb_usb_hdmi_top.xsa -regs
configparams mdm-detect-bscan-mask 2
targets -set -nocase -filter {name =~ "*microblaze*#0" && bscan=="USER2" }
rst -system
after 3000
targets -set -nocase -filter {name =~ "*microblaze*#0" && bscan=="USER2" }
dow C:/385_Vivado_Projects/Final_Project/ECE-385-Final-Project/final_project_vitis/fp_usb/Debug/fp_usb.elf
----------------End of Script----------------

19:33:28 INFO  : Context for processor 'microblaze_0' is selected.
19:33:28 INFO  : 'con' command is executed.
19:33:28 INFO  : ----------------XSDB Script (After Launch)----------------
targets -set -nocase -filter {name =~ "*microblaze*#0" && bscan=="USER2" }
con
----------------End of Script----------------

19:33:28 INFO  : Disconnected from the channel tcfchan#35.
19:55:11 INFO  : Hardware specification for platform project 'mb_usb_hdmi_top' is updated.
19:55:27 INFO  : Result from executing command 'getProjects': mb_usb_hdmi_top
19:55:27 INFO  : Result from executing command 'getPlatforms': mb_usb_hdmi_top|C:/385_Vivado_Projects/Final_Project/ECE-385-Final-Project/final_project_vitis/mb_usb_hdmi_top/export/mb_usb_hdmi_top/mb_usb_hdmi_top.xpfm
19:55:27 INFO  : Checking for BSP changes to sync application flags for project 'fp_usb'...
19:55:30 INFO  : The hardware specification used by project 'fp_usb' is out of sync with the platform. Resource files extracted from the hardware specification will be updated.
19:55:30 INFO  : The file 'C:\385_Vivado_Projects\Final_Project\ECE-385-Final-Project\final_project_vitis\fp_usb\_ide\bitstream\mb_usb_hdmi_top.bit' stored in project is removed.
19:55:30 INFO  : The file 'C:\385_Vivado_Projects\Final_Project\ECE-385-Final-Project\final_project_vitis\fp_usb\_ide\bitstream\mb_usb_hdmi_top.mmi' stored in project is removed.
19:55:30 INFO  : The updated bitstream files are copied from platform to folder 'C:\385_Vivado_Projects\Final_Project\ECE-385-Final-Project\final_project_vitis\fp_usb\_ide\bitstream' in project 'fp_usb'.
19:55:37 INFO  : Connected to target on host '127.0.0.1' and port '3121'.
19:55:37 INFO  : Jtag cable 'RealDigital Boo 8874292301F6A' is selected.
19:55:37 INFO  : 'jtag frequency' command is executed.
19:55:37 INFO  : 'targets -set -filter {jtag_cable_name =~ "RealDigital Boo 8874292301F6A" && level==0 && jtag_device_ctx=="jsn1-0362f093-0"}' command is executed.
19:55:38 INFO  : Device configured successfully with "C:/385_Vivado_Projects/Final_Project/ECE-385-Final-Project/final_project_vitis/fp_usb/_ide/bitstream/mb_usb_hdmi_top.bit"
19:55:39 INFO  : Context for processor 'microblaze_0' is selected.
19:55:39 INFO  : Hardware design and registers information is loaded from 'C:/385_Vivado_Projects/Final_Project/ECE-385-Final-Project/final_project_vitis/mb_usb_hdmi_top/export/mb_usb_hdmi_top/hw/mb_usb_hdmi_top.xsa'.
19:55:39 INFO  : 'configparams mdm-detect-bscan-mask 2' command is executed.
19:55:39 INFO  : Context for processor 'microblaze_0' is selected.
19:55:39 INFO  : System reset is completed.
19:55:42 INFO  : 'after 3000' command is executed.
19:55:42 INFO  : Context for processor 'microblaze_0' is selected.
19:55:42 INFO  : The application 'C:/385_Vivado_Projects/Final_Project/ECE-385-Final-Project/final_project_vitis/fp_usb/Debug/fp_usb.elf' is downloaded to processor 'microblaze_0'.
19:55:42 INFO  : ----------------XSDB Script----------------
connect -url tcp:127.0.0.1:3121
targets -set -filter {jtag_cable_name =~ "RealDigital Boo 8874292301F6A" && level==0 && jtag_device_ctx=="jsn1-0362f093-0"}
fpga -file C:/385_Vivado_Projects/Final_Project/ECE-385-Final-Project/final_project_vitis/fp_usb/_ide/bitstream/mb_usb_hdmi_top.bit
targets -set -nocase -filter {name =~ "*microblaze*#0" && bscan=="USER2" }
loadhw -hw C:/385_Vivado_Projects/Final_Project/ECE-385-Final-Project/final_project_vitis/mb_usb_hdmi_top/export/mb_usb_hdmi_top/hw/mb_usb_hdmi_top.xsa -regs
configparams mdm-detect-bscan-mask 2
targets -set -nocase -filter {name =~ "*microblaze*#0" && bscan=="USER2" }
rst -system
after 3000
targets -set -nocase -filter {name =~ "*microblaze*#0" && bscan=="USER2" }
dow C:/385_Vivado_Projects/Final_Project/ECE-385-Final-Project/final_project_vitis/fp_usb/Debug/fp_usb.elf
----------------End of Script----------------

19:55:42 INFO  : Context for processor 'microblaze_0' is selected.
19:55:42 INFO  : 'con' command is executed.
19:55:42 INFO  : ----------------XSDB Script (After Launch)----------------
targets -set -nocase -filter {name =~ "*microblaze*#0" && bscan=="USER2" }
con
----------------End of Script----------------

19:55:42 INFO  : Disconnected from the channel tcfchan#37.
20:21:01 INFO  : Hardware specification for platform project 'mb_usb_hdmi_top' is updated.
20:21:13 INFO  : Result from executing command 'getProjects': mb_usb_hdmi_top
20:21:13 INFO  : Result from executing command 'getPlatforms': mb_usb_hdmi_top|C:/385_Vivado_Projects/Final_Project/ECE-385-Final-Project/final_project_vitis/mb_usb_hdmi_top/export/mb_usb_hdmi_top/mb_usb_hdmi_top.xpfm
20:21:14 INFO  : Checking for BSP changes to sync application flags for project 'fp_usb'...
20:21:16 INFO  : The hardware specification used by project 'fp_usb' is out of sync with the platform. Resource files extracted from the hardware specification will be updated.
20:21:16 INFO  : The file 'C:\385_Vivado_Projects\Final_Project\ECE-385-Final-Project\final_project_vitis\fp_usb\_ide\bitstream\mb_usb_hdmi_top.bit' stored in project is removed.
20:21:16 INFO  : The file 'C:\385_Vivado_Projects\Final_Project\ECE-385-Final-Project\final_project_vitis\fp_usb\_ide\bitstream\mb_usb_hdmi_top.mmi' stored in project is removed.
20:21:16 INFO  : The updated bitstream files are copied from platform to folder 'C:\385_Vivado_Projects\Final_Project\ECE-385-Final-Project\final_project_vitis\fp_usb\_ide\bitstream' in project 'fp_usb'.
20:21:28 INFO  : Connected to target on host '127.0.0.1' and port '3121'.
20:21:28 INFO  : Jtag cable 'RealDigital Boo 8874292301F6A' is selected.
20:21:28 INFO  : 'jtag frequency' command is executed.
20:21:28 INFO  : 'targets -set -filter {jtag_cable_name =~ "RealDigital Boo 8874292301F6A" && level==0 && jtag_device_ctx=="jsn1-0362f093-0"}' command is executed.
20:21:30 INFO  : Device configured successfully with "C:/385_Vivado_Projects/Final_Project/ECE-385-Final-Project/final_project_vitis/fp_usb/_ide/bitstream/mb_usb_hdmi_top.bit"
20:21:30 INFO  : Context for processor 'microblaze_0' is selected.
20:21:30 INFO  : Hardware design and registers information is loaded from 'C:/385_Vivado_Projects/Final_Project/ECE-385-Final-Project/final_project_vitis/mb_usb_hdmi_top/export/mb_usb_hdmi_top/hw/mb_usb_hdmi_top.xsa'.
20:21:30 INFO  : 'configparams mdm-detect-bscan-mask 2' command is executed.
20:21:30 INFO  : Context for processor 'microblaze_0' is selected.
20:21:30 INFO  : System reset is completed.
20:21:33 INFO  : 'after 3000' command is executed.
20:21:33 INFO  : Context for processor 'microblaze_0' is selected.
20:21:33 INFO  : The application 'C:/385_Vivado_Projects/Final_Project/ECE-385-Final-Project/final_project_vitis/fp_usb/Debug/fp_usb.elf' is downloaded to processor 'microblaze_0'.
20:21:33 INFO  : ----------------XSDB Script----------------
connect -url tcp:127.0.0.1:3121
targets -set -filter {jtag_cable_name =~ "RealDigital Boo 8874292301F6A" && level==0 && jtag_device_ctx=="jsn1-0362f093-0"}
fpga -file C:/385_Vivado_Projects/Final_Project/ECE-385-Final-Project/final_project_vitis/fp_usb/_ide/bitstream/mb_usb_hdmi_top.bit
targets -set -nocase -filter {name =~ "*microblaze*#0" && bscan=="USER2" }
loadhw -hw C:/385_Vivado_Projects/Final_Project/ECE-385-Final-Project/final_project_vitis/mb_usb_hdmi_top/export/mb_usb_hdmi_top/hw/mb_usb_hdmi_top.xsa -regs
configparams mdm-detect-bscan-mask 2
targets -set -nocase -filter {name =~ "*microblaze*#0" && bscan=="USER2" }
rst -system
after 3000
targets -set -nocase -filter {name =~ "*microblaze*#0" && bscan=="USER2" }
dow C:/385_Vivado_Projects/Final_Project/ECE-385-Final-Project/final_project_vitis/fp_usb/Debug/fp_usb.elf
----------------End of Script----------------

20:21:33 INFO  : Context for processor 'microblaze_0' is selected.
20:21:33 INFO  : 'con' command is executed.
20:21:33 INFO  : ----------------XSDB Script (After Launch)----------------
targets -set -nocase -filter {name =~ "*microblaze*#0" && bscan=="USER2" }
con
----------------End of Script----------------

20:21:33 INFO  : Disconnected from the channel tcfchan#39.
15:41:16 DEBUG : Logs will be stored at 'C:/385_Vivado_Projects/Final_Project/ECE-385-Final-Project/final_project_vitis/IDE.log'.
15:41:17 INFO  : Launching XSCT server: xsct.bat -n  -interactive C:\385_Vivado_Projects\Final_Project\ECE-385-Final-Project\final_project_vitis\temp_xsdb_launch_script.tcl
15:41:19 INFO  : Platform repository initialization has completed.
15:41:22 INFO  : Registering command handlers for Vitis TCF services
15:41:22 INFO  : XSCT server has started successfully.
15:41:22 INFO  : Successfully done setting XSCT server connection channel  
15:41:22 INFO  : plnx-install-location is set to ''
15:41:28 INFO  : Successfully done setting workspace for the tool. 
15:41:28 INFO  : Successfully done query RDI_DATADIR 
15:42:00 INFO  : Connected to target on host '127.0.0.1' and port '3121'.
15:42:00 INFO  : Jtag cable 'RealDigital Boo 8874292301F6A' is selected.
15:42:00 INFO  : 'jtag frequency' command is executed.
15:42:01 INFO  : 'targets -set -filter {jtag_cable_name =~ "RealDigital Boo 8874292301F6A" && level==0 && jtag_device_ctx=="jsn1-0362f093-0"}' command is executed.
15:42:02 INFO  : Device configured successfully with "C:/385_Vivado_Projects/Final_Project/ECE-385-Final-Project/final_project_vitis/fp_usb/_ide/bitstream/mb_usb_hdmi_top.bit"
15:42:02 INFO  : Context for processor 'microblaze_0' is selected.
15:42:02 INFO  : Hardware design and registers information is loaded from 'C:/385_Vivado_Projects/Final_Project/ECE-385-Final-Project/final_project_vitis/mb_usb_hdmi_top/export/mb_usb_hdmi_top/hw/mb_usb_hdmi_top.xsa'.
15:42:02 INFO  : 'configparams mdm-detect-bscan-mask 2' command is executed.
15:42:02 INFO  : Context for processor 'microblaze_0' is selected.
15:42:02 INFO  : System reset is completed.
15:42:05 INFO  : 'after 3000' command is executed.
15:42:05 INFO  : Context for processor 'microblaze_0' is selected.
15:42:05 INFO  : The application 'C:/385_Vivado_Projects/Final_Project/ECE-385-Final-Project/final_project_vitis/fp_usb/Debug/fp_usb.elf' is downloaded to processor 'microblaze_0'.
15:42:05 INFO  : ----------------XSDB Script----------------
connect -url tcp:127.0.0.1:3121
targets -set -filter {jtag_cable_name =~ "RealDigital Boo 8874292301F6A" && level==0 && jtag_device_ctx=="jsn1-0362f093-0"}
fpga -file C:/385_Vivado_Projects/Final_Project/ECE-385-Final-Project/final_project_vitis/fp_usb/_ide/bitstream/mb_usb_hdmi_top.bit
targets -set -nocase -filter {name =~ "*microblaze*#0" && bscan=="USER2" }
loadhw -hw C:/385_Vivado_Projects/Final_Project/ECE-385-Final-Project/final_project_vitis/mb_usb_hdmi_top/export/mb_usb_hdmi_top/hw/mb_usb_hdmi_top.xsa -regs
configparams mdm-detect-bscan-mask 2
targets -set -nocase -filter {name =~ "*microblaze*#0" && bscan=="USER2" }
rst -system
after 3000
targets -set -nocase -filter {name =~ "*microblaze*#0" && bscan=="USER2" }
dow C:/385_Vivado_Projects/Final_Project/ECE-385-Final-Project/final_project_vitis/fp_usb/Debug/fp_usb.elf
----------------End of Script----------------

15:42:05 INFO  : Context for processor 'microblaze_0' is selected.
15:42:05 INFO  : 'con' command is executed.
15:42:05 INFO  : ----------------XSDB Script (After Launch)----------------
targets -set -nocase -filter {name =~ "*microblaze*#0" && bscan=="USER2" }
con
----------------End of Script----------------

15:42:06 INFO  : Disconnected from the channel tcfchan#1.
15:59:06 INFO  : Hardware specification for platform project 'mb_usb_hdmi_top' is updated.
15:59:25 INFO  : Result from executing command 'getProjects': mb_usb_hdmi_top
15:59:25 INFO  : Result from executing command 'getPlatforms': mb_usb_hdmi_top|C:/385_Vivado_Projects/Final_Project/ECE-385-Final-Project/final_project_vitis/mb_usb_hdmi_top/export/mb_usb_hdmi_top/mb_usb_hdmi_top.xpfm
15:59:25 INFO  : Checking for BSP changes to sync application flags for project 'fp_usb'...
15:59:25 WARN  : Failed to closehw "C:/385_Vivado_Projects/Final_Project/ECE-385-Final-Project/final_project_vitis/mb_usb_hdmi_top/export/mb_usb_hdmi_top/hw/mb_usb_hdmi_top.xsa"
Reason: Cannot close hw design 'C:/385_Vivado_Projects/Final_Project/ECE-385-Final-Project/final_project_vitis/mb_usb_hdmi_top/export/mb_usb_hdmi_top/hw/mb_usb_hdmi_top.xsa'.
Design is not opened in the current session.

15:59:30 INFO  : The hardware specification used by project 'fp_usb' is out of sync with the platform. Resource files extracted from the hardware specification will be updated.
15:59:30 INFO  : The file 'C:\385_Vivado_Projects\Final_Project\ECE-385-Final-Project\final_project_vitis\fp_usb\_ide\bitstream\mb_usb_hdmi_top.bit' stored in project is removed.
15:59:30 INFO  : The file 'C:\385_Vivado_Projects\Final_Project\ECE-385-Final-Project\final_project_vitis\fp_usb\_ide\bitstream\mb_usb_hdmi_top.mmi' stored in project is removed.
15:59:30 INFO  : The updated bitstream files are copied from platform to folder 'C:\385_Vivado_Projects\Final_Project\ECE-385-Final-Project\final_project_vitis\fp_usb\_ide\bitstream' in project 'fp_usb'.
15:59:35 INFO  : Connected to target on host '127.0.0.1' and port '3121'.
15:59:36 INFO  : Jtag cable 'RealDigital Boo 8874292301F6A' is selected.
15:59:36 INFO  : 'jtag frequency' command is executed.
15:59:36 INFO  : 'targets -set -filter {jtag_cable_name =~ "RealDigital Boo 8874292301F6A" && level==0 && jtag_device_ctx=="jsn1-0362f093-0"}' command is executed.
15:59:37 INFO  : Device configured successfully with "C:/385_Vivado_Projects/Final_Project/ECE-385-Final-Project/final_project_vitis/fp_usb/_ide/bitstream/mb_usb_hdmi_top.bit"
15:59:37 INFO  : Context for processor 'microblaze_0' is selected.
15:59:37 INFO  : Hardware design and registers information is loaded from 'C:/385_Vivado_Projects/Final_Project/ECE-385-Final-Project/final_project_vitis/mb_usb_hdmi_top/export/mb_usb_hdmi_top/hw/mb_usb_hdmi_top.xsa'.
15:59:37 INFO  : 'configparams mdm-detect-bscan-mask 2' command is executed.
15:59:37 INFO  : Context for processor 'microblaze_0' is selected.
15:59:37 INFO  : System reset is completed.
15:59:40 INFO  : 'after 3000' command is executed.
15:59:41 INFO  : Context for processor 'microblaze_0' is selected.
15:59:41 INFO  : The application 'C:/385_Vivado_Projects/Final_Project/ECE-385-Final-Project/final_project_vitis/fp_usb/Debug/fp_usb.elf' is downloaded to processor 'microblaze_0'.
15:59:41 INFO  : ----------------XSDB Script----------------
connect -url tcp:127.0.0.1:3121
targets -set -filter {jtag_cable_name =~ "RealDigital Boo 8874292301F6A" && level==0 && jtag_device_ctx=="jsn1-0362f093-0"}
fpga -file C:/385_Vivado_Projects/Final_Project/ECE-385-Final-Project/final_project_vitis/fp_usb/_ide/bitstream/mb_usb_hdmi_top.bit
targets -set -nocase -filter {name =~ "*microblaze*#0" && bscan=="USER2" }
loadhw -hw C:/385_Vivado_Projects/Final_Project/ECE-385-Final-Project/final_project_vitis/mb_usb_hdmi_top/export/mb_usb_hdmi_top/hw/mb_usb_hdmi_top.xsa -regs
configparams mdm-detect-bscan-mask 2
targets -set -nocase -filter {name =~ "*microblaze*#0" && bscan=="USER2" }
rst -system
after 3000
targets -set -nocase -filter {name =~ "*microblaze*#0" && bscan=="USER2" }
dow C:/385_Vivado_Projects/Final_Project/ECE-385-Final-Project/final_project_vitis/fp_usb/Debug/fp_usb.elf
----------------End of Script----------------

15:59:41 INFO  : Context for processor 'microblaze_0' is selected.
15:59:41 INFO  : 'con' command is executed.
15:59:41 INFO  : ----------------XSDB Script (After Launch)----------------
targets -set -nocase -filter {name =~ "*microblaze*#0" && bscan=="USER2" }
con
----------------End of Script----------------

15:59:41 INFO  : Disconnected from the channel tcfchan#3.
16:23:43 INFO  : Hardware specification for platform project 'mb_usb_hdmi_top' is updated.
16:23:56 INFO  : Result from executing command 'getProjects': mb_usb_hdmi_top
16:23:56 INFO  : Result from executing command 'getPlatforms': mb_usb_hdmi_top|C:/385_Vivado_Projects/Final_Project/ECE-385-Final-Project/final_project_vitis/mb_usb_hdmi_top/export/mb_usb_hdmi_top/mb_usb_hdmi_top.xpfm
16:23:57 INFO  : Checking for BSP changes to sync application flags for project 'fp_usb'...
16:24:00 INFO  : The hardware specification used by project 'fp_usb' is out of sync with the platform. Resource files extracted from the hardware specification will be updated.
16:24:00 INFO  : The file 'C:\385_Vivado_Projects\Final_Project\ECE-385-Final-Project\final_project_vitis\fp_usb\_ide\bitstream\mb_usb_hdmi_top.bit' stored in project is removed.
16:24:00 INFO  : The file 'C:\385_Vivado_Projects\Final_Project\ECE-385-Final-Project\final_project_vitis\fp_usb\_ide\bitstream\mb_usb_hdmi_top.mmi' stored in project is removed.
16:24:00 INFO  : The updated bitstream files are copied from platform to folder 'C:\385_Vivado_Projects\Final_Project\ECE-385-Final-Project\final_project_vitis\fp_usb\_ide\bitstream' in project 'fp_usb'.
16:24:05 INFO  : Connected to target on host '127.0.0.1' and port '3121'.
16:24:05 INFO  : Jtag cable 'RealDigital Boo 8874292301F6A' is selected.
16:24:05 INFO  : 'jtag frequency' command is executed.
16:24:05 INFO  : 'targets -set -filter {jtag_cable_name =~ "RealDigital Boo 8874292301F6A" && level==0 && jtag_device_ctx=="jsn1-0362f093-0"}' command is executed.
16:24:06 INFO  : Device configured successfully with "C:/385_Vivado_Projects/Final_Project/ECE-385-Final-Project/final_project_vitis/fp_usb/_ide/bitstream/mb_usb_hdmi_top.bit"
16:24:07 INFO  : Context for processor 'microblaze_0' is selected.
16:24:07 INFO  : Hardware design and registers information is loaded from 'C:/385_Vivado_Projects/Final_Project/ECE-385-Final-Project/final_project_vitis/mb_usb_hdmi_top/export/mb_usb_hdmi_top/hw/mb_usb_hdmi_top.xsa'.
16:24:07 INFO  : 'configparams mdm-detect-bscan-mask 2' command is executed.
16:24:07 INFO  : Context for processor 'microblaze_0' is selected.
16:24:07 INFO  : System reset is completed.
16:24:10 INFO  : 'after 3000' command is executed.
16:24:10 INFO  : Context for processor 'microblaze_0' is selected.
16:24:10 INFO  : The application 'C:/385_Vivado_Projects/Final_Project/ECE-385-Final-Project/final_project_vitis/fp_usb/Debug/fp_usb.elf' is downloaded to processor 'microblaze_0'.
16:24:10 INFO  : ----------------XSDB Script----------------
connect -url tcp:127.0.0.1:3121
targets -set -filter {jtag_cable_name =~ "RealDigital Boo 8874292301F6A" && level==0 && jtag_device_ctx=="jsn1-0362f093-0"}
fpga -file C:/385_Vivado_Projects/Final_Project/ECE-385-Final-Project/final_project_vitis/fp_usb/_ide/bitstream/mb_usb_hdmi_top.bit
targets -set -nocase -filter {name =~ "*microblaze*#0" && bscan=="USER2" }
loadhw -hw C:/385_Vivado_Projects/Final_Project/ECE-385-Final-Project/final_project_vitis/mb_usb_hdmi_top/export/mb_usb_hdmi_top/hw/mb_usb_hdmi_top.xsa -regs
configparams mdm-detect-bscan-mask 2
targets -set -nocase -filter {name =~ "*microblaze*#0" && bscan=="USER2" }
rst -system
after 3000
targets -set -nocase -filter {name =~ "*microblaze*#0" && bscan=="USER2" }
dow C:/385_Vivado_Projects/Final_Project/ECE-385-Final-Project/final_project_vitis/fp_usb/Debug/fp_usb.elf
----------------End of Script----------------

16:24:10 INFO  : Context for processor 'microblaze_0' is selected.
16:24:10 INFO  : 'con' command is executed.
16:24:10 INFO  : ----------------XSDB Script (After Launch)----------------
targets -set -nocase -filter {name =~ "*microblaze*#0" && bscan=="USER2" }
con
----------------End of Script----------------

16:24:10 INFO  : Disconnected from the channel tcfchan#5.
17:08:32 DEBUG : Logs will be stored at 'C:/385_Vivado_Projects/Final_Project/ECE-385-Final-Project/final_project_vitis/IDE.log'.
17:08:32 INFO  : Launching XSCT server: xsct.bat -n  -interactive C:\385_Vivado_Projects\Final_Project\ECE-385-Final-Project\final_project_vitis\temp_xsdb_launch_script.tcl
17:08:34 INFO  : Platform repository initialization has completed.
17:08:36 INFO  : Registering command handlers for Vitis TCF services
17:08:36 INFO  : XSCT server has started successfully.
17:08:36 INFO  : Successfully done setting XSCT server connection channel  
17:08:39 INFO  : plnx-install-location is set to ''
17:08:39 INFO  : Successfully done setting workspace for the tool. 
17:08:39 INFO  : Successfully done query RDI_DATADIR 
17:08:49 INFO  : Hardware specification for platform project 'mb_usb_hdmi_top' is updated.
17:10:08 INFO  : Result from executing command 'getProjects': mb_usb_hdmi_top
17:10:08 INFO  : Result from executing command 'getPlatforms': mb_usb_hdmi_top|C:/385_Vivado_Projects/Final_Project/ECE-385-Final-Project/final_project_vitis/mb_usb_hdmi_top/export/mb_usb_hdmi_top/mb_usb_hdmi_top.xpfm
17:10:08 INFO  : Checking for BSP changes to sync application flags for project 'fp_usb'...
17:10:10 INFO  : The hardware specification used by project 'fp_usb' is out of sync with the platform. Resource files extracted from the hardware specification will be updated.
17:10:10 INFO  : The file 'C:\385_Vivado_Projects\Final_Project\ECE-385-Final-Project\final_project_vitis\fp_usb\_ide\bitstream\mb_usb_hdmi_top.bit' stored in project is removed.
17:10:10 INFO  : The file 'C:\385_Vivado_Projects\Final_Project\ECE-385-Final-Project\final_project_vitis\fp_usb\_ide\bitstream\mb_usb_hdmi_top.mmi' stored in project is removed.
17:10:10 INFO  : The updated bitstream files are copied from platform to folder 'C:\385_Vivado_Projects\Final_Project\ECE-385-Final-Project\final_project_vitis\fp_usb\_ide\bitstream' in project 'fp_usb'.
17:10:15 INFO  : Connected to target on host '127.0.0.1' and port '3121'.
17:10:16 INFO  : Jtag cable 'RealDigital Boo 887429230013A' is selected.
17:10:16 INFO  : 'jtag frequency' command is executed.
17:10:16 INFO  : 'targets -set -filter {jtag_cable_name =~ "RealDigital Boo 887429230013A" && level==0 && jtag_device_ctx=="jsn1-0362f093-0"}' command is executed.
17:10:17 INFO  : Device configured successfully with "C:/385_Vivado_Projects/Final_Project/ECE-385-Final-Project/final_project_vitis/fp_usb/_ide/bitstream/mb_usb_hdmi_top.bit"
17:10:17 INFO  : Context for processor 'microblaze_0' is selected.
17:10:17 INFO  : Hardware design and registers information is loaded from 'C:/385_Vivado_Projects/Final_Project/ECE-385-Final-Project/final_project_vitis/mb_usb_hdmi_top/export/mb_usb_hdmi_top/hw/mb_usb_hdmi_top.xsa'.
17:10:18 INFO  : 'configparams mdm-detect-bscan-mask 2' command is executed.
17:10:18 INFO  : Context for processor 'microblaze_0' is selected.
17:10:18 INFO  : System reset is completed.
17:10:21 INFO  : 'after 3000' command is executed.
17:10:21 INFO  : Context for processor 'microblaze_0' is selected.
17:10:21 INFO  : The application 'C:/385_Vivado_Projects/Final_Project/ECE-385-Final-Project/final_project_vitis/fp_usb/Debug/fp_usb.elf' is downloaded to processor 'microblaze_0'.
17:10:21 INFO  : ----------------XSDB Script----------------
connect -url tcp:127.0.0.1:3121
targets -set -filter {jtag_cable_name =~ "RealDigital Boo 887429230013A" && level==0 && jtag_device_ctx=="jsn1-0362f093-0"}
fpga -file C:/385_Vivado_Projects/Final_Project/ECE-385-Final-Project/final_project_vitis/fp_usb/_ide/bitstream/mb_usb_hdmi_top.bit
targets -set -nocase -filter {name =~ "*microblaze*#0" && bscan=="USER2" }
loadhw -hw C:/385_Vivado_Projects/Final_Project/ECE-385-Final-Project/final_project_vitis/mb_usb_hdmi_top/export/mb_usb_hdmi_top/hw/mb_usb_hdmi_top.xsa -regs
configparams mdm-detect-bscan-mask 2
targets -set -nocase -filter {name =~ "*microblaze*#0" && bscan=="USER2" }
rst -system
after 3000
targets -set -nocase -filter {name =~ "*microblaze*#0" && bscan=="USER2" }
dow C:/385_Vivado_Projects/Final_Project/ECE-385-Final-Project/final_project_vitis/fp_usb/Debug/fp_usb.elf
----------------End of Script----------------

17:10:21 INFO  : Context for processor 'microblaze_0' is selected.
17:10:21 INFO  : 'con' command is executed.
17:10:21 INFO  : ----------------XSDB Script (After Launch)----------------
targets -set -nocase -filter {name =~ "*microblaze*#0" && bscan=="USER2" }
con
----------------End of Script----------------

17:10:21 INFO  : Disconnected from the channel tcfchan#2.
17:48:38 INFO  : Hardware specification for platform project 'mb_usb_hdmi_top' is updated.
17:48:52 INFO  : Result from executing command 'getProjects': mb_usb_hdmi_top
17:48:52 INFO  : Result from executing command 'getPlatforms': mb_usb_hdmi_top|C:/385_Vivado_Projects/Final_Project/ECE-385-Final-Project/final_project_vitis/mb_usb_hdmi_top/export/mb_usb_hdmi_top/mb_usb_hdmi_top.xpfm
17:48:52 INFO  : Checking for BSP changes to sync application flags for project 'fp_usb'...
17:48:54 INFO  : The hardware specification used by project 'fp_usb' is out of sync with the platform. Resource files extracted from the hardware specification will be updated.
17:48:54 INFO  : The file 'C:\385_Vivado_Projects\Final_Project\ECE-385-Final-Project\final_project_vitis\fp_usb\_ide\bitstream\mb_usb_hdmi_top.bit' stored in project is removed.
17:48:54 INFO  : The file 'C:\385_Vivado_Projects\Final_Project\ECE-385-Final-Project\final_project_vitis\fp_usb\_ide\bitstream\mb_usb_hdmi_top.mmi' stored in project is removed.
17:48:54 INFO  : The updated bitstream files are copied from platform to folder 'C:\385_Vivado_Projects\Final_Project\ECE-385-Final-Project\final_project_vitis\fp_usb\_ide\bitstream' in project 'fp_usb'.
17:48:59 INFO  : Connected to target on host '127.0.0.1' and port '3121'.
17:49:00 INFO  : Jtag cable 'RealDigital Boo 887429230013A' is selected.
17:49:00 INFO  : 'jtag frequency' command is executed.
17:49:00 INFO  : 'targets -set -filter {jtag_cable_name =~ "RealDigital Boo 887429230013A" && level==0 && jtag_device_ctx=="jsn1-0362f093-0"}' command is executed.
17:49:01 INFO  : Device configured successfully with "C:/385_Vivado_Projects/Final_Project/ECE-385-Final-Project/final_project_vitis/fp_usb/_ide/bitstream/mb_usb_hdmi_top.bit"
17:49:01 INFO  : Context for processor 'microblaze_0' is selected.
17:49:01 INFO  : Hardware design and registers information is loaded from 'C:/385_Vivado_Projects/Final_Project/ECE-385-Final-Project/final_project_vitis/mb_usb_hdmi_top/export/mb_usb_hdmi_top/hw/mb_usb_hdmi_top.xsa'.
17:49:01 INFO  : 'configparams mdm-detect-bscan-mask 2' command is executed.
17:49:01 INFO  : Context for processor 'microblaze_0' is selected.
17:49:01 INFO  : System reset is completed.
17:49:04 INFO  : 'after 3000' command is executed.
17:49:04 INFO  : Context for processor 'microblaze_0' is selected.
17:49:04 INFO  : The application 'C:/385_Vivado_Projects/Final_Project/ECE-385-Final-Project/final_project_vitis/fp_usb/Debug/fp_usb.elf' is downloaded to processor 'microblaze_0'.
17:49:04 INFO  : ----------------XSDB Script----------------
connect -url tcp:127.0.0.1:3121
targets -set -filter {jtag_cable_name =~ "RealDigital Boo 887429230013A" && level==0 && jtag_device_ctx=="jsn1-0362f093-0"}
fpga -file C:/385_Vivado_Projects/Final_Project/ECE-385-Final-Project/final_project_vitis/fp_usb/_ide/bitstream/mb_usb_hdmi_top.bit
targets -set -nocase -filter {name =~ "*microblaze*#0" && bscan=="USER2" }
loadhw -hw C:/385_Vivado_Projects/Final_Project/ECE-385-Final-Project/final_project_vitis/mb_usb_hdmi_top/export/mb_usb_hdmi_top/hw/mb_usb_hdmi_top.xsa -regs
configparams mdm-detect-bscan-mask 2
targets -set -nocase -filter {name =~ "*microblaze*#0" && bscan=="USER2" }
rst -system
after 3000
targets -set -nocase -filter {name =~ "*microblaze*#0" && bscan=="USER2" }
dow C:/385_Vivado_Projects/Final_Project/ECE-385-Final-Project/final_project_vitis/fp_usb/Debug/fp_usb.elf
----------------End of Script----------------

17:49:04 INFO  : Context for processor 'microblaze_0' is selected.
17:49:04 INFO  : 'con' command is executed.
17:49:04 INFO  : ----------------XSDB Script (After Launch)----------------
targets -set -nocase -filter {name =~ "*microblaze*#0" && bscan=="USER2" }
con
----------------End of Script----------------

17:49:05 INFO  : Disconnected from the channel tcfchan#4.
18:22:31 INFO  : Hardware specification for platform project 'mb_usb_hdmi_top' is updated.
18:22:41 INFO  : Result from executing command 'getProjects': mb_usb_hdmi_top
18:22:41 INFO  : Result from executing command 'getPlatforms': mb_usb_hdmi_top|C:/385_Vivado_Projects/Final_Project/ECE-385-Final-Project/final_project_vitis/mb_usb_hdmi_top/export/mb_usb_hdmi_top/mb_usb_hdmi_top.xpfm
18:22:41 INFO  : Checking for BSP changes to sync application flags for project 'fp_usb'...
18:22:43 INFO  : The hardware specification used by project 'fp_usb' is out of sync with the platform. Resource files extracted from the hardware specification will be updated.
18:22:43 INFO  : The file 'C:\385_Vivado_Projects\Final_Project\ECE-385-Final-Project\final_project_vitis\fp_usb\_ide\bitstream\mb_usb_hdmi_top.bit' stored in project is removed.
18:22:43 INFO  : The file 'C:\385_Vivado_Projects\Final_Project\ECE-385-Final-Project\final_project_vitis\fp_usb\_ide\bitstream\mb_usb_hdmi_top.mmi' stored in project is removed.
18:22:43 INFO  : The updated bitstream files are copied from platform to folder 'C:\385_Vivado_Projects\Final_Project\ECE-385-Final-Project\final_project_vitis\fp_usb\_ide\bitstream' in project 'fp_usb'.
18:23:52 INFO  : Connected to target on host '127.0.0.1' and port '3121'.
18:23:52 INFO  : Jtag cable 'RealDigital Boo 8874292301F6A' is selected.
18:23:52 INFO  : 'jtag frequency' command is executed.
18:23:52 INFO  : 'targets -set -filter {jtag_cable_name =~ "RealDigital Boo 8874292301F6A" && level==0 && jtag_device_ctx=="jsn1-0362f093-0"}' command is executed.
18:23:54 INFO  : Device configured successfully with "C:/385_Vivado_Projects/Final_Project/ECE-385-Final-Project/final_project_vitis/fp_usb/_ide/bitstream/mb_usb_hdmi_top.bit"
18:23:54 INFO  : Context for processor 'microblaze_0' is selected.
18:23:54 INFO  : Hardware design and registers information is loaded from 'C:/385_Vivado_Projects/Final_Project/ECE-385-Final-Project/final_project_vitis/mb_usb_hdmi_top/export/mb_usb_hdmi_top/hw/mb_usb_hdmi_top.xsa'.
18:23:54 INFO  : 'configparams mdm-detect-bscan-mask 2' command is executed.
18:23:54 INFO  : Context for processor 'microblaze_0' is selected.
18:23:54 INFO  : System reset is completed.
18:23:57 INFO  : 'after 3000' command is executed.
18:23:57 INFO  : Context for processor 'microblaze_0' is selected.
18:23:57 INFO  : The application 'C:/385_Vivado_Projects/Final_Project/ECE-385-Final-Project/final_project_vitis/fp_usb/Debug/fp_usb.elf' is downloaded to processor 'microblaze_0'.
18:23:57 INFO  : ----------------XSDB Script----------------
connect -url tcp:127.0.0.1:3121
targets -set -filter {jtag_cable_name =~ "RealDigital Boo 8874292301F6A" && level==0 && jtag_device_ctx=="jsn1-0362f093-0"}
fpga -file C:/385_Vivado_Projects/Final_Project/ECE-385-Final-Project/final_project_vitis/fp_usb/_ide/bitstream/mb_usb_hdmi_top.bit
targets -set -nocase -filter {name =~ "*microblaze*#0" && bscan=="USER2" }
loadhw -hw C:/385_Vivado_Projects/Final_Project/ECE-385-Final-Project/final_project_vitis/mb_usb_hdmi_top/export/mb_usb_hdmi_top/hw/mb_usb_hdmi_top.xsa -regs
configparams mdm-detect-bscan-mask 2
targets -set -nocase -filter {name =~ "*microblaze*#0" && bscan=="USER2" }
rst -system
after 3000
targets -set -nocase -filter {name =~ "*microblaze*#0" && bscan=="USER2" }
dow C:/385_Vivado_Projects/Final_Project/ECE-385-Final-Project/final_project_vitis/fp_usb/Debug/fp_usb.elf
----------------End of Script----------------

18:23:57 INFO  : Context for processor 'microblaze_0' is selected.
18:23:57 INFO  : 'con' command is executed.
18:23:57 INFO  : ----------------XSDB Script (After Launch)----------------
targets -set -nocase -filter {name =~ "*microblaze*#0" && bscan=="USER2" }
con
----------------End of Script----------------

18:23:57 INFO  : Disconnected from the channel tcfchan#6.
18:41:10 INFO  : Hardware specification for platform project 'mb_usb_hdmi_top' is updated.
18:41:22 INFO  : Result from executing command 'getProjects': mb_usb_hdmi_top
18:41:22 INFO  : Result from executing command 'getPlatforms': mb_usb_hdmi_top|C:/385_Vivado_Projects/Final_Project/ECE-385-Final-Project/final_project_vitis/mb_usb_hdmi_top/export/mb_usb_hdmi_top/mb_usb_hdmi_top.xpfm
18:41:22 INFO  : Checking for BSP changes to sync application flags for project 'fp_usb'...
18:41:24 INFO  : The hardware specification used by project 'fp_usb' is out of sync with the platform. Resource files extracted from the hardware specification will be updated.
18:41:24 INFO  : The file 'C:\385_Vivado_Projects\Final_Project\ECE-385-Final-Project\final_project_vitis\fp_usb\_ide\bitstream\mb_usb_hdmi_top.bit' stored in project is removed.
18:41:24 INFO  : The file 'C:\385_Vivado_Projects\Final_Project\ECE-385-Final-Project\final_project_vitis\fp_usb\_ide\bitstream\mb_usb_hdmi_top.mmi' stored in project is removed.
18:41:24 INFO  : The updated bitstream files are copied from platform to folder 'C:\385_Vivado_Projects\Final_Project\ECE-385-Final-Project\final_project_vitis\fp_usb\_ide\bitstream' in project 'fp_usb'.
18:41:28 INFO  : Connected to target on host '127.0.0.1' and port '3121'.
18:41:28 INFO  : Jtag cable 'RealDigital Boo 8874292301F6A' is selected.
18:41:28 INFO  : 'jtag frequency' command is executed.
18:41:28 INFO  : 'targets -set -filter {jtag_cable_name =~ "RealDigital Boo 8874292301F6A" && level==0 && jtag_device_ctx=="jsn1-0362f093-0"}' command is executed.
18:41:29 INFO  : Device configured successfully with "C:/385_Vivado_Projects/Final_Project/ECE-385-Final-Project/final_project_vitis/fp_usb/_ide/bitstream/mb_usb_hdmi_top.bit"
18:41:30 INFO  : Context for processor 'microblaze_0' is selected.
18:41:30 INFO  : Hardware design and registers information is loaded from 'C:/385_Vivado_Projects/Final_Project/ECE-385-Final-Project/final_project_vitis/mb_usb_hdmi_top/export/mb_usb_hdmi_top/hw/mb_usb_hdmi_top.xsa'.
18:41:30 INFO  : 'configparams mdm-detect-bscan-mask 2' command is executed.
18:41:30 INFO  : Context for processor 'microblaze_0' is selected.
18:41:30 INFO  : System reset is completed.
18:41:33 INFO  : 'after 3000' command is executed.
18:41:33 INFO  : Context for processor 'microblaze_0' is selected.
18:41:33 INFO  : The application 'C:/385_Vivado_Projects/Final_Project/ECE-385-Final-Project/final_project_vitis/fp_usb/Debug/fp_usb.elf' is downloaded to processor 'microblaze_0'.
18:41:33 INFO  : ----------------XSDB Script----------------
connect -url tcp:127.0.0.1:3121
targets -set -filter {jtag_cable_name =~ "RealDigital Boo 8874292301F6A" && level==0 && jtag_device_ctx=="jsn1-0362f093-0"}
fpga -file C:/385_Vivado_Projects/Final_Project/ECE-385-Final-Project/final_project_vitis/fp_usb/_ide/bitstream/mb_usb_hdmi_top.bit
targets -set -nocase -filter {name =~ "*microblaze*#0" && bscan=="USER2" }
loadhw -hw C:/385_Vivado_Projects/Final_Project/ECE-385-Final-Project/final_project_vitis/mb_usb_hdmi_top/export/mb_usb_hdmi_top/hw/mb_usb_hdmi_top.xsa -regs
configparams mdm-detect-bscan-mask 2
targets -set -nocase -filter {name =~ "*microblaze*#0" && bscan=="USER2" }
rst -system
after 3000
targets -set -nocase -filter {name =~ "*microblaze*#0" && bscan=="USER2" }
dow C:/385_Vivado_Projects/Final_Project/ECE-385-Final-Project/final_project_vitis/fp_usb/Debug/fp_usb.elf
----------------End of Script----------------

18:41:33 INFO  : Context for processor 'microblaze_0' is selected.
18:41:33 INFO  : 'con' command is executed.
18:41:33 INFO  : ----------------XSDB Script (After Launch)----------------
targets -set -nocase -filter {name =~ "*microblaze*#0" && bscan=="USER2" }
con
----------------End of Script----------------

18:41:33 INFO  : Disconnected from the channel tcfchan#8.
18:53:01 INFO  : Hardware specification for platform project 'mb_usb_hdmi_top' is updated.
18:53:17 INFO  : Result from executing command 'getProjects': mb_usb_hdmi_top
18:53:17 INFO  : Result from executing command 'getPlatforms': mb_usb_hdmi_top|C:/385_Vivado_Projects/Final_Project/ECE-385-Final-Project/final_project_vitis/mb_usb_hdmi_top/export/mb_usb_hdmi_top/mb_usb_hdmi_top.xpfm
18:53:20 INFO  : Checking for BSP changes to sync application flags for project 'fp_usb'...
18:53:22 INFO  : The hardware specification used by project 'fp_usb' is out of sync with the platform. Resource files extracted from the hardware specification will be updated.
18:53:22 INFO  : The file 'C:\385_Vivado_Projects\Final_Project\ECE-385-Final-Project\final_project_vitis\fp_usb\_ide\bitstream\mb_usb_hdmi_top.bit' stored in project is removed.
18:53:22 INFO  : The file 'C:\385_Vivado_Projects\Final_Project\ECE-385-Final-Project\final_project_vitis\fp_usb\_ide\bitstream\mb_usb_hdmi_top.mmi' stored in project is removed.
18:53:22 INFO  : The updated bitstream files are copied from platform to folder 'C:\385_Vivado_Projects\Final_Project\ECE-385-Final-Project\final_project_vitis\fp_usb\_ide\bitstream' in project 'fp_usb'.
18:53:30 INFO  : Connected to target on host '127.0.0.1' and port '3121'.
18:53:30 INFO  : Jtag cable 'RealDigital Boo 8874292301F6A' is selected.
18:53:30 INFO  : 'jtag frequency' command is executed.
18:53:30 INFO  : 'targets -set -filter {jtag_cable_name =~ "RealDigital Boo 8874292301F6A" && level==0 && jtag_device_ctx=="jsn1-0362f093-0"}' command is executed.
18:53:31 INFO  : Device configured successfully with "C:/385_Vivado_Projects/Final_Project/ECE-385-Final-Project/final_project_vitis/fp_usb/_ide/bitstream/mb_usb_hdmi_top.bit"
18:53:31 INFO  : Context for processor 'microblaze_0' is selected.
18:53:31 INFO  : Hardware design and registers information is loaded from 'C:/385_Vivado_Projects/Final_Project/ECE-385-Final-Project/final_project_vitis/mb_usb_hdmi_top/export/mb_usb_hdmi_top/hw/mb_usb_hdmi_top.xsa'.
18:53:31 INFO  : 'configparams mdm-detect-bscan-mask 2' command is executed.
18:53:31 INFO  : Context for processor 'microblaze_0' is selected.
18:53:31 INFO  : System reset is completed.
18:53:34 INFO  : 'after 3000' command is executed.
18:53:34 INFO  : Context for processor 'microblaze_0' is selected.
18:53:35 INFO  : The application 'C:/385_Vivado_Projects/Final_Project/ECE-385-Final-Project/final_project_vitis/fp_usb/Debug/fp_usb.elf' is downloaded to processor 'microblaze_0'.
18:53:35 INFO  : ----------------XSDB Script----------------
connect -url tcp:127.0.0.1:3121
targets -set -filter {jtag_cable_name =~ "RealDigital Boo 8874292301F6A" && level==0 && jtag_device_ctx=="jsn1-0362f093-0"}
fpga -file C:/385_Vivado_Projects/Final_Project/ECE-385-Final-Project/final_project_vitis/fp_usb/_ide/bitstream/mb_usb_hdmi_top.bit
targets -set -nocase -filter {name =~ "*microblaze*#0" && bscan=="USER2" }
loadhw -hw C:/385_Vivado_Projects/Final_Project/ECE-385-Final-Project/final_project_vitis/mb_usb_hdmi_top/export/mb_usb_hdmi_top/hw/mb_usb_hdmi_top.xsa -regs
configparams mdm-detect-bscan-mask 2
targets -set -nocase -filter {name =~ "*microblaze*#0" && bscan=="USER2" }
rst -system
after 3000
targets -set -nocase -filter {name =~ "*microblaze*#0" && bscan=="USER2" }
dow C:/385_Vivado_Projects/Final_Project/ECE-385-Final-Project/final_project_vitis/fp_usb/Debug/fp_usb.elf
----------------End of Script----------------

18:53:35 INFO  : Context for processor 'microblaze_0' is selected.
18:53:35 INFO  : 'con' command is executed.
18:53:35 INFO  : ----------------XSDB Script (After Launch)----------------
targets -set -nocase -filter {name =~ "*microblaze*#0" && bscan=="USER2" }
con
----------------End of Script----------------

18:53:35 INFO  : Disconnected from the channel tcfchan#10.
19:07:00 INFO  : Hardware specification for platform project 'mb_usb_hdmi_top' is updated.
19:07:10 INFO  : Result from executing command 'getProjects': mb_usb_hdmi_top
19:07:10 INFO  : Result from executing command 'getPlatforms': mb_usb_hdmi_top|C:/385_Vivado_Projects/Final_Project/ECE-385-Final-Project/final_project_vitis/mb_usb_hdmi_top/export/mb_usb_hdmi_top/mb_usb_hdmi_top.xpfm
19:07:10 INFO  : Checking for BSP changes to sync application flags for project 'fp_usb'...
19:07:12 INFO  : The hardware specification used by project 'fp_usb' is out of sync with the platform. Resource files extracted from the hardware specification will be updated.
19:07:12 INFO  : The file 'C:\385_Vivado_Projects\Final_Project\ECE-385-Final-Project\final_project_vitis\fp_usb\_ide\bitstream\mb_usb_hdmi_top.bit' stored in project is removed.
19:07:12 INFO  : The file 'C:\385_Vivado_Projects\Final_Project\ECE-385-Final-Project\final_project_vitis\fp_usb\_ide\bitstream\mb_usb_hdmi_top.mmi' stored in project is removed.
19:07:12 INFO  : The updated bitstream files are copied from platform to folder 'C:\385_Vivado_Projects\Final_Project\ECE-385-Final-Project\final_project_vitis\fp_usb\_ide\bitstream' in project 'fp_usb'.
19:07:17 INFO  : Connected to target on host '127.0.0.1' and port '3121'.
19:07:18 INFO  : Jtag cable 'RealDigital Boo 8874292301F6A' is selected.
19:07:18 INFO  : 'jtag frequency' command is executed.
19:07:18 INFO  : 'targets -set -filter {jtag_cable_name =~ "RealDigital Boo 8874292301F6A" && level==0 && jtag_device_ctx=="jsn1-0362f093-0"}' command is executed.
19:07:19 INFO  : Device configured successfully with "C:/385_Vivado_Projects/Final_Project/ECE-385-Final-Project/final_project_vitis/fp_usb/_ide/bitstream/mb_usb_hdmi_top.bit"
19:07:19 INFO  : Context for processor 'microblaze_0' is selected.
19:07:19 INFO  : Hardware design and registers information is loaded from 'C:/385_Vivado_Projects/Final_Project/ECE-385-Final-Project/final_project_vitis/mb_usb_hdmi_top/export/mb_usb_hdmi_top/hw/mb_usb_hdmi_top.xsa'.
19:07:19 INFO  : 'configparams mdm-detect-bscan-mask 2' command is executed.
19:07:19 INFO  : Context for processor 'microblaze_0' is selected.
19:07:19 INFO  : System reset is completed.
19:07:22 INFO  : 'after 3000' command is executed.
19:07:22 INFO  : Context for processor 'microblaze_0' is selected.
19:07:22 INFO  : The application 'C:/385_Vivado_Projects/Final_Project/ECE-385-Final-Project/final_project_vitis/fp_usb/Debug/fp_usb.elf' is downloaded to processor 'microblaze_0'.
19:07:22 INFO  : ----------------XSDB Script----------------
connect -url tcp:127.0.0.1:3121
targets -set -filter {jtag_cable_name =~ "RealDigital Boo 8874292301F6A" && level==0 && jtag_device_ctx=="jsn1-0362f093-0"}
fpga -file C:/385_Vivado_Projects/Final_Project/ECE-385-Final-Project/final_project_vitis/fp_usb/_ide/bitstream/mb_usb_hdmi_top.bit
targets -set -nocase -filter {name =~ "*microblaze*#0" && bscan=="USER2" }
loadhw -hw C:/385_Vivado_Projects/Final_Project/ECE-385-Final-Project/final_project_vitis/mb_usb_hdmi_top/export/mb_usb_hdmi_top/hw/mb_usb_hdmi_top.xsa -regs
configparams mdm-detect-bscan-mask 2
targets -set -nocase -filter {name =~ "*microblaze*#0" && bscan=="USER2" }
rst -system
after 3000
targets -set -nocase -filter {name =~ "*microblaze*#0" && bscan=="USER2" }
dow C:/385_Vivado_Projects/Final_Project/ECE-385-Final-Project/final_project_vitis/fp_usb/Debug/fp_usb.elf
----------------End of Script----------------

19:07:22 INFO  : Context for processor 'microblaze_0' is selected.
19:07:23 INFO  : 'con' command is executed.
19:07:23 INFO  : ----------------XSDB Script (After Launch)----------------
targets -set -nocase -filter {name =~ "*microblaze*#0" && bscan=="USER2" }
con
----------------End of Script----------------

19:07:23 INFO  : Disconnected from the channel tcfchan#12.
19:31:21 INFO  : Hardware specification for platform project 'mb_usb_hdmi_top' is updated.
19:31:33 INFO  : Result from executing command 'getProjects': mb_usb_hdmi_top
19:31:33 INFO  : Result from executing command 'getPlatforms': mb_usb_hdmi_top|C:/385_Vivado_Projects/Final_Project/ECE-385-Final-Project/final_project_vitis/mb_usb_hdmi_top/export/mb_usb_hdmi_top/mb_usb_hdmi_top.xpfm
19:31:33 INFO  : Checking for BSP changes to sync application flags for project 'fp_usb'...
19:31:35 INFO  : The hardware specification used by project 'fp_usb' is out of sync with the platform. Resource files extracted from the hardware specification will be updated.
19:31:35 INFO  : The file 'C:\385_Vivado_Projects\Final_Project\ECE-385-Final-Project\final_project_vitis\fp_usb\_ide\bitstream\mb_usb_hdmi_top.bit' stored in project is removed.
19:31:35 INFO  : The file 'C:\385_Vivado_Projects\Final_Project\ECE-385-Final-Project\final_project_vitis\fp_usb\_ide\bitstream\mb_usb_hdmi_top.mmi' stored in project is removed.
19:31:35 INFO  : The updated bitstream files are copied from platform to folder 'C:\385_Vivado_Projects\Final_Project\ECE-385-Final-Project\final_project_vitis\fp_usb\_ide\bitstream' in project 'fp_usb'.
19:31:40 INFO  : Connected to target on host '127.0.0.1' and port '3121'.
19:31:40 INFO  : Jtag cable 'RealDigital Boo 8874292301F6A' is selected.
19:31:40 INFO  : 'jtag frequency' command is executed.
19:31:40 INFO  : 'targets -set -filter {jtag_cable_name =~ "RealDigital Boo 8874292301F6A" && level==0 && jtag_device_ctx=="jsn1-0362f093-0"}' command is executed.
19:31:41 INFO  : Device configured successfully with "C:/385_Vivado_Projects/Final_Project/ECE-385-Final-Project/final_project_vitis/fp_usb/_ide/bitstream/mb_usb_hdmi_top.bit"
19:31:41 INFO  : Context for processor 'microblaze_0' is selected.
19:31:41 INFO  : Hardware design and registers information is loaded from 'C:/385_Vivado_Projects/Final_Project/ECE-385-Final-Project/final_project_vitis/mb_usb_hdmi_top/export/mb_usb_hdmi_top/hw/mb_usb_hdmi_top.xsa'.
19:31:41 INFO  : 'configparams mdm-detect-bscan-mask 2' command is executed.
19:31:41 INFO  : Context for processor 'microblaze_0' is selected.
19:31:41 INFO  : System reset is completed.
19:31:44 INFO  : 'after 3000' command is executed.
19:31:44 INFO  : Context for processor 'microblaze_0' is selected.
19:31:45 INFO  : The application 'C:/385_Vivado_Projects/Final_Project/ECE-385-Final-Project/final_project_vitis/fp_usb/Debug/fp_usb.elf' is downloaded to processor 'microblaze_0'.
19:31:45 INFO  : ----------------XSDB Script----------------
connect -url tcp:127.0.0.1:3121
targets -set -filter {jtag_cable_name =~ "RealDigital Boo 8874292301F6A" && level==0 && jtag_device_ctx=="jsn1-0362f093-0"}
fpga -file C:/385_Vivado_Projects/Final_Project/ECE-385-Final-Project/final_project_vitis/fp_usb/_ide/bitstream/mb_usb_hdmi_top.bit
targets -set -nocase -filter {name =~ "*microblaze*#0" && bscan=="USER2" }
loadhw -hw C:/385_Vivado_Projects/Final_Project/ECE-385-Final-Project/final_project_vitis/mb_usb_hdmi_top/export/mb_usb_hdmi_top/hw/mb_usb_hdmi_top.xsa -regs
configparams mdm-detect-bscan-mask 2
targets -set -nocase -filter {name =~ "*microblaze*#0" && bscan=="USER2" }
rst -system
after 3000
targets -set -nocase -filter {name =~ "*microblaze*#0" && bscan=="USER2" }
dow C:/385_Vivado_Projects/Final_Project/ECE-385-Final-Project/final_project_vitis/fp_usb/Debug/fp_usb.elf
----------------End of Script----------------

19:31:45 INFO  : Context for processor 'microblaze_0' is selected.
19:31:45 INFO  : 'con' command is executed.
19:31:45 INFO  : ----------------XSDB Script (After Launch)----------------
targets -set -nocase -filter {name =~ "*microblaze*#0" && bscan=="USER2" }
con
----------------End of Script----------------

19:31:45 INFO  : Disconnected from the channel tcfchan#14.
19:43:50 INFO  : Hardware specification for platform project 'mb_usb_hdmi_top' is updated.
19:44:01 INFO  : Result from executing command 'getProjects': mb_usb_hdmi_top
19:44:01 INFO  : Result from executing command 'getPlatforms': mb_usb_hdmi_top|C:/385_Vivado_Projects/Final_Project/ECE-385-Final-Project/final_project_vitis/mb_usb_hdmi_top/export/mb_usb_hdmi_top/mb_usb_hdmi_top.xpfm
19:44:01 INFO  : Checking for BSP changes to sync application flags for project 'fp_usb'...
19:44:03 INFO  : The hardware specification used by project 'fp_usb' is out of sync with the platform. Resource files extracted from the hardware specification will be updated.
19:44:03 INFO  : The file 'C:\385_Vivado_Projects\Final_Project\ECE-385-Final-Project\final_project_vitis\fp_usb\_ide\bitstream\mb_usb_hdmi_top.bit' stored in project is removed.
19:44:03 INFO  : The file 'C:\385_Vivado_Projects\Final_Project\ECE-385-Final-Project\final_project_vitis\fp_usb\_ide\bitstream\mb_usb_hdmi_top.mmi' stored in project is removed.
19:44:03 INFO  : The updated bitstream files are copied from platform to folder 'C:\385_Vivado_Projects\Final_Project\ECE-385-Final-Project\final_project_vitis\fp_usb\_ide\bitstream' in project 'fp_usb'.
19:44:08 INFO  : Connected to target on host '127.0.0.1' and port '3121'.
19:44:09 INFO  : Jtag cable 'RealDigital Boo 8874292301F6A' is selected.
19:44:09 INFO  : 'jtag frequency' command is executed.
19:44:09 INFO  : 'targets -set -filter {jtag_cable_name =~ "RealDigital Boo 8874292301F6A" && level==0 && jtag_device_ctx=="jsn1-0362f093-0"}' command is executed.
19:44:10 INFO  : Device configured successfully with "C:/385_Vivado_Projects/Final_Project/ECE-385-Final-Project/final_project_vitis/fp_usb/_ide/bitstream/mb_usb_hdmi_top.bit"
19:44:10 INFO  : Context for processor 'microblaze_0' is selected.
19:44:10 INFO  : Hardware design and registers information is loaded from 'C:/385_Vivado_Projects/Final_Project/ECE-385-Final-Project/final_project_vitis/mb_usb_hdmi_top/export/mb_usb_hdmi_top/hw/mb_usb_hdmi_top.xsa'.
19:44:10 INFO  : 'configparams mdm-detect-bscan-mask 2' command is executed.
19:44:10 INFO  : Context for processor 'microblaze_0' is selected.
19:44:10 INFO  : System reset is completed.
19:44:13 INFO  : 'after 3000' command is executed.
19:44:13 INFO  : Context for processor 'microblaze_0' is selected.
19:44:13 INFO  : The application 'C:/385_Vivado_Projects/Final_Project/ECE-385-Final-Project/final_project_vitis/fp_usb/Debug/fp_usb.elf' is downloaded to processor 'microblaze_0'.
19:44:13 INFO  : ----------------XSDB Script----------------
connect -url tcp:127.0.0.1:3121
targets -set -filter {jtag_cable_name =~ "RealDigital Boo 8874292301F6A" && level==0 && jtag_device_ctx=="jsn1-0362f093-0"}
fpga -file C:/385_Vivado_Projects/Final_Project/ECE-385-Final-Project/final_project_vitis/fp_usb/_ide/bitstream/mb_usb_hdmi_top.bit
targets -set -nocase -filter {name =~ "*microblaze*#0" && bscan=="USER2" }
loadhw -hw C:/385_Vivado_Projects/Final_Project/ECE-385-Final-Project/final_project_vitis/mb_usb_hdmi_top/export/mb_usb_hdmi_top/hw/mb_usb_hdmi_top.xsa -regs
configparams mdm-detect-bscan-mask 2
targets -set -nocase -filter {name =~ "*microblaze*#0" && bscan=="USER2" }
rst -system
after 3000
targets -set -nocase -filter {name =~ "*microblaze*#0" && bscan=="USER2" }
dow C:/385_Vivado_Projects/Final_Project/ECE-385-Final-Project/final_project_vitis/fp_usb/Debug/fp_usb.elf
----------------End of Script----------------

19:44:13 INFO  : Context for processor 'microblaze_0' is selected.
19:44:13 INFO  : 'con' command is executed.
19:44:13 INFO  : ----------------XSDB Script (After Launch)----------------
targets -set -nocase -filter {name =~ "*microblaze*#0" && bscan=="USER2" }
con
----------------End of Script----------------

19:44:13 INFO  : Disconnected from the channel tcfchan#16.
09:38:09 DEBUG : Logs will be stored at 'C:/385_Vivado_Projects/Final_Project/ECE-385-Final-Project/final_project_vitis/IDE.log'.
09:38:10 INFO  : Launching XSCT server: xsct.bat -n  -interactive C:\385_Vivado_Projects\Final_Project\ECE-385-Final-Project\final_project_vitis\temp_xsdb_launch_script.tcl
09:38:11 INFO  : Platform repository initialization has completed.
09:38:13 INFO  : Registering command handlers for Vitis TCF services
09:38:14 INFO  : XSCT server has started successfully.
09:38:17 INFO  : plnx-install-location is set to ''
09:38:17 INFO  : Successfully done setting XSCT server connection channel  
09:38:17 INFO  : Successfully done query RDI_DATADIR 
09:38:17 INFO  : Successfully done setting workspace for the tool. 
09:38:59 INFO  : Hardware specification for platform project 'mb_usb_hdmi_top' is updated.
09:39:12 INFO  : Result from executing command 'getProjects': mb_usb_hdmi_top
09:39:12 INFO  : Result from executing command 'getPlatforms': mb_usb_hdmi_top|C:/385_Vivado_Projects/Final_Project/ECE-385-Final-Project/final_project_vitis/mb_usb_hdmi_top/export/mb_usb_hdmi_top/mb_usb_hdmi_top.xpfm
09:39:13 INFO  : Checking for BSP changes to sync application flags for project 'fp_usb'...
09:39:15 INFO  : The hardware specification used by project 'fp_usb' is out of sync with the platform. Resource files extracted from the hardware specification will be updated.
09:39:15 INFO  : The file 'C:\385_Vivado_Projects\Final_Project\ECE-385-Final-Project\final_project_vitis\fp_usb\_ide\bitstream\mb_usb_hdmi_top.bit' stored in project is removed.
09:39:15 INFO  : The file 'C:\385_Vivado_Projects\Final_Project\ECE-385-Final-Project\final_project_vitis\fp_usb\_ide\bitstream\mb_usb_hdmi_top.mmi' stored in project is removed.
09:39:15 INFO  : The updated bitstream files are copied from platform to folder 'C:\385_Vivado_Projects\Final_Project\ECE-385-Final-Project\final_project_vitis\fp_usb\_ide\bitstream' in project 'fp_usb'.
09:39:50 INFO  : Connected to target on host '127.0.0.1' and port '3121'.
09:39:51 INFO  : Jtag cable 'RealDigital Boo 8874292301F6A' is selected.
09:39:51 INFO  : 'jtag frequency' command is executed.
09:39:51 INFO  : 'targets -set -filter {jtag_cable_name =~ "RealDigital Boo 8874292301F6A" && level==0 && jtag_device_ctx=="jsn1-0362f093-0"}' command is executed.
09:39:52 INFO  : Device configured successfully with "C:/385_Vivado_Projects/Final_Project/ECE-385-Final-Project/final_project_vitis/fp_usb/_ide/bitstream/mb_usb_hdmi_top.bit"
09:39:52 INFO  : Context for processor 'microblaze_0' is selected.
09:39:52 INFO  : Hardware design and registers information is loaded from 'C:/385_Vivado_Projects/Final_Project/ECE-385-Final-Project/final_project_vitis/mb_usb_hdmi_top/export/mb_usb_hdmi_top/hw/mb_usb_hdmi_top.xsa'.
09:39:52 INFO  : 'configparams mdm-detect-bscan-mask 2' command is executed.
09:39:52 INFO  : Context for processor 'microblaze_0' is selected.
09:39:52 INFO  : System reset is completed.
09:39:55 INFO  : 'after 3000' command is executed.
09:39:55 INFO  : Context for processor 'microblaze_0' is selected.
09:39:56 INFO  : The application 'C:/385_Vivado_Projects/Final_Project/ECE-385-Final-Project/final_project_vitis/fp_usb/Debug/fp_usb.elf' is downloaded to processor 'microblaze_0'.
09:39:56 INFO  : ----------------XSDB Script----------------
connect -url tcp:127.0.0.1:3121
targets -set -filter {jtag_cable_name =~ "RealDigital Boo 8874292301F6A" && level==0 && jtag_device_ctx=="jsn1-0362f093-0"}
fpga -file C:/385_Vivado_Projects/Final_Project/ECE-385-Final-Project/final_project_vitis/fp_usb/_ide/bitstream/mb_usb_hdmi_top.bit
targets -set -nocase -filter {name =~ "*microblaze*#0" && bscan=="USER2" }
loadhw -hw C:/385_Vivado_Projects/Final_Project/ECE-385-Final-Project/final_project_vitis/mb_usb_hdmi_top/export/mb_usb_hdmi_top/hw/mb_usb_hdmi_top.xsa -regs
configparams mdm-detect-bscan-mask 2
targets -set -nocase -filter {name =~ "*microblaze*#0" && bscan=="USER2" }
rst -system
after 3000
targets -set -nocase -filter {name =~ "*microblaze*#0" && bscan=="USER2" }
dow C:/385_Vivado_Projects/Final_Project/ECE-385-Final-Project/final_project_vitis/fp_usb/Debug/fp_usb.elf
----------------End of Script----------------

09:39:56 INFO  : Context for processor 'microblaze_0' is selected.
09:39:56 INFO  : 'con' command is executed.
09:39:56 INFO  : ----------------XSDB Script (After Launch)----------------
targets -set -nocase -filter {name =~ "*microblaze*#0" && bscan=="USER2" }
con
----------------End of Script----------------

09:39:56 INFO  : Disconnected from the channel tcfchan#2.
09:48:27 INFO  : Hardware specification for platform project 'mb_usb_hdmi_top' is updated.
09:48:43 INFO  : Result from executing command 'getProjects': mb_usb_hdmi_top
09:48:43 INFO  : Result from executing command 'getPlatforms': mb_usb_hdmi_top|C:/385_Vivado_Projects/Final_Project/ECE-385-Final-Project/final_project_vitis/mb_usb_hdmi_top/export/mb_usb_hdmi_top/mb_usb_hdmi_top.xpfm
09:48:43 INFO  : Checking for BSP changes to sync application flags for project 'fp_usb'...
09:48:45 INFO  : The hardware specification used by project 'fp_usb' is out of sync with the platform. Resource files extracted from the hardware specification will be updated.
09:48:45 INFO  : The file 'C:\385_Vivado_Projects\Final_Project\ECE-385-Final-Project\final_project_vitis\fp_usb\_ide\bitstream\mb_usb_hdmi_top.bit' stored in project is removed.
09:48:45 INFO  : The file 'C:\385_Vivado_Projects\Final_Project\ECE-385-Final-Project\final_project_vitis\fp_usb\_ide\bitstream\mb_usb_hdmi_top.mmi' stored in project is removed.
09:48:45 INFO  : The updated bitstream files are copied from platform to folder 'C:\385_Vivado_Projects\Final_Project\ECE-385-Final-Project\final_project_vitis\fp_usb\_ide\bitstream' in project 'fp_usb'.
09:48:49 INFO  : Connected to target on host '127.0.0.1' and port '3121'.
09:48:58 INFO  : Jtag cable 'RealDigital Boo 8874292301F6A' is selected.
09:48:58 INFO  : 'jtag frequency' command is executed.
09:48:58 INFO  : 'targets -set -filter {jtag_cable_name =~ "RealDigital Boo 8874292301F6A" && level==0 && jtag_device_ctx=="jsn1-0362f093-0"}' command is executed.
09:48:59 INFO  : Device configured successfully with "C:/385_Vivado_Projects/Final_Project/ECE-385-Final-Project/final_project_vitis/fp_usb/_ide/bitstream/mb_usb_hdmi_top.bit"
09:48:59 INFO  : Context for processor 'microblaze_0' is selected.
09:48:59 INFO  : Hardware design and registers information is loaded from 'C:/385_Vivado_Projects/Final_Project/ECE-385-Final-Project/final_project_vitis/mb_usb_hdmi_top/export/mb_usb_hdmi_top/hw/mb_usb_hdmi_top.xsa'.
09:48:59 INFO  : 'configparams mdm-detect-bscan-mask 2' command is executed.
09:48:59 INFO  : Context for processor 'microblaze_0' is selected.
09:48:59 INFO  : System reset is completed.
09:49:02 INFO  : 'after 3000' command is executed.
09:49:02 INFO  : Context for processor 'microblaze_0' is selected.
09:49:02 INFO  : The application 'C:/385_Vivado_Projects/Final_Project/ECE-385-Final-Project/final_project_vitis/fp_usb/Debug/fp_usb.elf' is downloaded to processor 'microblaze_0'.
09:49:02 INFO  : ----------------XSDB Script----------------
connect -url tcp:127.0.0.1:3121
targets -set -filter {jtag_cable_name =~ "RealDigital Boo 8874292301F6A" && level==0 && jtag_device_ctx=="jsn1-0362f093-0"}
fpga -file C:/385_Vivado_Projects/Final_Project/ECE-385-Final-Project/final_project_vitis/fp_usb/_ide/bitstream/mb_usb_hdmi_top.bit
targets -set -nocase -filter {name =~ "*microblaze*#0" && bscan=="USER2" }
loadhw -hw C:/385_Vivado_Projects/Final_Project/ECE-385-Final-Project/final_project_vitis/mb_usb_hdmi_top/export/mb_usb_hdmi_top/hw/mb_usb_hdmi_top.xsa -regs
configparams mdm-detect-bscan-mask 2
targets -set -nocase -filter {name =~ "*microblaze*#0" && bscan=="USER2" }
rst -system
after 3000
targets -set -nocase -filter {name =~ "*microblaze*#0" && bscan=="USER2" }
dow C:/385_Vivado_Projects/Final_Project/ECE-385-Final-Project/final_project_vitis/fp_usb/Debug/fp_usb.elf
----------------End of Script----------------

09:49:02 INFO  : Context for processor 'microblaze_0' is selected.
09:49:02 INFO  : 'con' command is executed.
09:49:02 INFO  : ----------------XSDB Script (After Launch)----------------
targets -set -nocase -filter {name =~ "*microblaze*#0" && bscan=="USER2" }
con
----------------End of Script----------------

09:49:02 INFO  : Disconnected from the channel tcfchan#4.
09:57:39 INFO  : Hardware specification for platform project 'mb_usb_hdmi_top' is updated.
09:57:52 INFO  : Result from executing command 'getProjects': mb_usb_hdmi_top
09:57:52 INFO  : Result from executing command 'getPlatforms': mb_usb_hdmi_top|C:/385_Vivado_Projects/Final_Project/ECE-385-Final-Project/final_project_vitis/mb_usb_hdmi_top/export/mb_usb_hdmi_top/mb_usb_hdmi_top.xpfm
09:57:52 INFO  : Checking for BSP changes to sync application flags for project 'fp_usb'...
09:57:54 INFO  : The hardware specification used by project 'fp_usb' is out of sync with the platform. Resource files extracted from the hardware specification will be updated.
09:57:54 INFO  : The file 'C:\385_Vivado_Projects\Final_Project\ECE-385-Final-Project\final_project_vitis\fp_usb\_ide\bitstream\mb_usb_hdmi_top.bit' stored in project is removed.
09:57:54 INFO  : The file 'C:\385_Vivado_Projects\Final_Project\ECE-385-Final-Project\final_project_vitis\fp_usb\_ide\bitstream\mb_usb_hdmi_top.mmi' stored in project is removed.
09:57:54 INFO  : The updated bitstream files are copied from platform to folder 'C:\385_Vivado_Projects\Final_Project\ECE-385-Final-Project\final_project_vitis\fp_usb\_ide\bitstream' in project 'fp_usb'.
09:58:00 INFO  : Connected to target on host '127.0.0.1' and port '3121'.
09:58:13 INFO  : Checking for BSP changes to sync application flags for project 'fp_usb'...
09:58:18 INFO  : ----------------XSDB Script----------------
connect -url tcp:127.0.0.1:3121
----------------End of Script----------------

09:58:18 ERROR : Could not find FPGA device on the board for connection 'Local'.


Troubleshooting hints:
1. Check whether board is connected to system properly.
2. In case of zynq board, check whether Digilent/Xilinx cable switch settings are correct.
3. If you are using Xilinx Platform Cable USB, ensure that status LED is green.
09:58:23 INFO  : Connected to target on host '127.0.0.1' and port '3121'.
09:58:23 INFO  : Jtag cable 'RealDigital Boo 8874292301F6A' is selected.
09:58:23 INFO  : 'jtag frequency' command is executed.
09:58:23 INFO  : 'targets -set -filter {jtag_cable_name =~ "RealDigital Boo 8874292301F6A" && level==0 && jtag_device_ctx=="jsn1-0362f093-0"}' command is executed.
09:58:24 INFO  : Device configured successfully with "C:/385_Vivado_Projects/Final_Project/ECE-385-Final-Project/final_project_vitis/fp_usb/_ide/bitstream/mb_usb_hdmi_top.bit"
09:58:24 INFO  : Context for processor 'microblaze_0' is selected.
09:58:24 INFO  : Hardware design and registers information is loaded from 'C:/385_Vivado_Projects/Final_Project/ECE-385-Final-Project/final_project_vitis/mb_usb_hdmi_top/export/mb_usb_hdmi_top/hw/mb_usb_hdmi_top.xsa'.
09:58:24 INFO  : 'configparams mdm-detect-bscan-mask 2' command is executed.
09:58:24 INFO  : Context for processor 'microblaze_0' is selected.
09:58:24 INFO  : System reset is completed.
09:58:27 INFO  : 'after 3000' command is executed.
09:58:27 INFO  : Context for processor 'microblaze_0' is selected.
09:58:28 INFO  : The application 'C:/385_Vivado_Projects/Final_Project/ECE-385-Final-Project/final_project_vitis/fp_usb/Debug/fp_usb.elf' is downloaded to processor 'microblaze_0'.
09:58:28 INFO  : ----------------XSDB Script----------------
connect -url tcp:127.0.0.1:3121
targets -set -filter {jtag_cable_name =~ "RealDigital Boo 8874292301F6A" && level==0 && jtag_device_ctx=="jsn1-0362f093-0"}
fpga -file C:/385_Vivado_Projects/Final_Project/ECE-385-Final-Project/final_project_vitis/fp_usb/_ide/bitstream/mb_usb_hdmi_top.bit
targets -set -nocase -filter {name =~ "*microblaze*#0" && bscan=="USER2" }
loadhw -hw C:/385_Vivado_Projects/Final_Project/ECE-385-Final-Project/final_project_vitis/mb_usb_hdmi_top/export/mb_usb_hdmi_top/hw/mb_usb_hdmi_top.xsa -regs
configparams mdm-detect-bscan-mask 2
targets -set -nocase -filter {name =~ "*microblaze*#0" && bscan=="USER2" }
rst -system
after 3000
targets -set -nocase -filter {name =~ "*microblaze*#0" && bscan=="USER2" }
dow C:/385_Vivado_Projects/Final_Project/ECE-385-Final-Project/final_project_vitis/fp_usb/Debug/fp_usb.elf
----------------End of Script----------------

09:58:28 INFO  : Context for processor 'microblaze_0' is selected.
09:58:28 INFO  : 'con' command is executed.
09:58:28 INFO  : ----------------XSDB Script (After Launch)----------------
targets -set -nocase -filter {name =~ "*microblaze*#0" && bscan=="USER2" }
con
----------------End of Script----------------

09:58:28 INFO  : Disconnected from the channel tcfchan#6.
10:04:07 INFO  : Hardware specification for platform project 'mb_usb_hdmi_top' is updated.
10:04:17 INFO  : Result from executing command 'getProjects': mb_usb_hdmi_top
10:04:17 INFO  : Result from executing command 'getPlatforms': mb_usb_hdmi_top|C:/385_Vivado_Projects/Final_Project/ECE-385-Final-Project/final_project_vitis/mb_usb_hdmi_top/export/mb_usb_hdmi_top/mb_usb_hdmi_top.xpfm
10:04:17 INFO  : Checking for BSP changes to sync application flags for project 'fp_usb'...
10:04:19 INFO  : The hardware specification used by project 'fp_usb' is out of sync with the platform. Resource files extracted from the hardware specification will be updated.
10:04:19 INFO  : The file 'C:\385_Vivado_Projects\Final_Project\ECE-385-Final-Project\final_project_vitis\fp_usb\_ide\bitstream\mb_usb_hdmi_top.bit' stored in project is removed.
10:04:19 INFO  : The file 'C:\385_Vivado_Projects\Final_Project\ECE-385-Final-Project\final_project_vitis\fp_usb\_ide\bitstream\mb_usb_hdmi_top.mmi' stored in project is removed.
10:04:19 INFO  : The updated bitstream files are copied from platform to folder 'C:\385_Vivado_Projects\Final_Project\ECE-385-Final-Project\final_project_vitis\fp_usb\_ide\bitstream' in project 'fp_usb'.
10:04:23 INFO  : Connected to target on host '127.0.0.1' and port '3121'.
10:04:29 INFO  : Jtag cable 'RealDigital Boo 8874292301F6A' is selected.
10:04:29 INFO  : 'jtag frequency' command is executed.
10:04:29 INFO  : 'targets -set -filter {jtag_cable_name =~ "RealDigital Boo 8874292301F6A" && level==0 && jtag_device_ctx=="jsn1-0362f093-0"}' command is executed.
10:04:30 INFO  : Device configured successfully with "C:/385_Vivado_Projects/Final_Project/ECE-385-Final-Project/final_project_vitis/fp_usb/_ide/bitstream/mb_usb_hdmi_top.bit"
10:04:30 INFO  : Context for processor 'microblaze_0' is selected.
10:04:31 INFO  : Hardware design and registers information is loaded from 'C:/385_Vivado_Projects/Final_Project/ECE-385-Final-Project/final_project_vitis/mb_usb_hdmi_top/export/mb_usb_hdmi_top/hw/mb_usb_hdmi_top.xsa'.
10:04:31 INFO  : 'configparams mdm-detect-bscan-mask 2' command is executed.
10:04:31 INFO  : Context for processor 'microblaze_0' is selected.
10:04:31 INFO  : System reset is completed.
10:04:34 INFO  : 'after 3000' command is executed.
10:04:34 INFO  : Context for processor 'microblaze_0' is selected.
10:04:34 INFO  : The application 'C:/385_Vivado_Projects/Final_Project/ECE-385-Final-Project/final_project_vitis/fp_usb/Debug/fp_usb.elf' is downloaded to processor 'microblaze_0'.
10:04:34 INFO  : ----------------XSDB Script----------------
connect -url tcp:127.0.0.1:3121
targets -set -filter {jtag_cable_name =~ "RealDigital Boo 8874292301F6A" && level==0 && jtag_device_ctx=="jsn1-0362f093-0"}
fpga -file C:/385_Vivado_Projects/Final_Project/ECE-385-Final-Project/final_project_vitis/fp_usb/_ide/bitstream/mb_usb_hdmi_top.bit
targets -set -nocase -filter {name =~ "*microblaze*#0" && bscan=="USER2" }
loadhw -hw C:/385_Vivado_Projects/Final_Project/ECE-385-Final-Project/final_project_vitis/mb_usb_hdmi_top/export/mb_usb_hdmi_top/hw/mb_usb_hdmi_top.xsa -regs
configparams mdm-detect-bscan-mask 2
targets -set -nocase -filter {name =~ "*microblaze*#0" && bscan=="USER2" }
rst -system
after 3000
targets -set -nocase -filter {name =~ "*microblaze*#0" && bscan=="USER2" }
dow C:/385_Vivado_Projects/Final_Project/ECE-385-Final-Project/final_project_vitis/fp_usb/Debug/fp_usb.elf
----------------End of Script----------------

10:04:34 INFO  : Context for processor 'microblaze_0' is selected.
10:04:34 INFO  : 'con' command is executed.
10:04:34 INFO  : ----------------XSDB Script (After Launch)----------------
targets -set -nocase -filter {name =~ "*microblaze*#0" && bscan=="USER2" }
con
----------------End of Script----------------

10:04:34 INFO  : Disconnected from the channel tcfchan#8.
10:26:13 INFO  : Hardware specification for platform project 'mb_usb_hdmi_top' is updated.
10:26:24 INFO  : Result from executing command 'getProjects': mb_usb_hdmi_top
10:26:24 INFO  : Result from executing command 'getPlatforms': mb_usb_hdmi_top|C:/385_Vivado_Projects/Final_Project/ECE-385-Final-Project/final_project_vitis/mb_usb_hdmi_top/export/mb_usb_hdmi_top/mb_usb_hdmi_top.xpfm
10:26:24 INFO  : Checking for BSP changes to sync application flags for project 'fp_usb'...
10:26:26 INFO  : The hardware specification used by project 'fp_usb' is out of sync with the platform. Resource files extracted from the hardware specification will be updated.
10:26:26 INFO  : The file 'C:\385_Vivado_Projects\Final_Project\ECE-385-Final-Project\final_project_vitis\fp_usb\_ide\bitstream\mb_usb_hdmi_top.bit' stored in project is removed.
10:26:26 INFO  : The file 'C:\385_Vivado_Projects\Final_Project\ECE-385-Final-Project\final_project_vitis\fp_usb\_ide\bitstream\mb_usb_hdmi_top.mmi' stored in project is removed.
10:26:26 INFO  : The updated bitstream files are copied from platform to folder 'C:\385_Vivado_Projects\Final_Project\ECE-385-Final-Project\final_project_vitis\fp_usb\_ide\bitstream' in project 'fp_usb'.
10:26:37 INFO  : Hardware specification for platform project 'mb_usb_hdmi_top' is updated.
10:26:54 INFO  : Hardware specification for platform project 'mb_usb_hdmi_top' is updated.
10:27:04 INFO  : Result from executing command 'getProjects': mb_usb_hdmi_top
10:27:04 INFO  : Result from executing command 'getPlatforms': mb_usb_hdmi_top|C:/385_Vivado_Projects/Final_Project/ECE-385-Final-Project/final_project_vitis/mb_usb_hdmi_top/export/mb_usb_hdmi_top/mb_usb_hdmi_top.xpfm
10:27:04 INFO  : Checking for BSP changes to sync application flags for project 'fp_usb'...
10:27:06 INFO  : The hardware specification used by project 'fp_usb' is out of sync with the platform. Resource files extracted from the hardware specification will be updated.
10:27:06 INFO  : The file 'C:\385_Vivado_Projects\Final_Project\ECE-385-Final-Project\final_project_vitis\fp_usb\_ide\bitstream\mb_usb_hdmi_top.bit' stored in project is removed.
10:27:06 INFO  : The file 'C:\385_Vivado_Projects\Final_Project\ECE-385-Final-Project\final_project_vitis\fp_usb\_ide\bitstream\mb_usb_hdmi_top.mmi' stored in project is removed.
10:27:06 INFO  : The updated bitstream files are copied from platform to folder 'C:\385_Vivado_Projects\Final_Project\ECE-385-Final-Project\final_project_vitis\fp_usb\_ide\bitstream' in project 'fp_usb'.
10:27:10 INFO  : Connected to target on host '127.0.0.1' and port '3121'.
10:27:10 INFO  : Jtag cable 'RealDigital Boo 8874292301F6A' is selected.
10:27:10 INFO  : 'jtag frequency' command is executed.
10:27:10 INFO  : 'targets -set -filter {jtag_cable_name =~ "RealDigital Boo 8874292301F6A" && level==0 && jtag_device_ctx=="jsn1-0362f093-0"}' command is executed.
10:27:12 INFO  : Device configured successfully with "C:/385_Vivado_Projects/Final_Project/ECE-385-Final-Project/final_project_vitis/fp_usb/_ide/bitstream/mb_usb_hdmi_top.bit"
10:27:12 INFO  : Context for processor 'microblaze_0' is selected.
10:27:12 INFO  : Hardware design and registers information is loaded from 'C:/385_Vivado_Projects/Final_Project/ECE-385-Final-Project/final_project_vitis/mb_usb_hdmi_top/export/mb_usb_hdmi_top/hw/mb_usb_hdmi_top.xsa'.
10:27:12 INFO  : 'configparams mdm-detect-bscan-mask 2' command is executed.
10:27:12 INFO  : Context for processor 'microblaze_0' is selected.
10:27:12 INFO  : System reset is completed.
10:27:15 INFO  : 'after 3000' command is executed.
10:27:15 INFO  : Context for processor 'microblaze_0' is selected.
10:27:15 INFO  : The application 'C:/385_Vivado_Projects/Final_Project/ECE-385-Final-Project/final_project_vitis/fp_usb/Debug/fp_usb.elf' is downloaded to processor 'microblaze_0'.
10:27:15 INFO  : ----------------XSDB Script----------------
connect -url tcp:127.0.0.1:3121
targets -set -filter {jtag_cable_name =~ "RealDigital Boo 8874292301F6A" && level==0 && jtag_device_ctx=="jsn1-0362f093-0"}
fpga -file C:/385_Vivado_Projects/Final_Project/ECE-385-Final-Project/final_project_vitis/fp_usb/_ide/bitstream/mb_usb_hdmi_top.bit
targets -set -nocase -filter {name =~ "*microblaze*#0" && bscan=="USER2" }
loadhw -hw C:/385_Vivado_Projects/Final_Project/ECE-385-Final-Project/final_project_vitis/mb_usb_hdmi_top/export/mb_usb_hdmi_top/hw/mb_usb_hdmi_top.xsa -regs
configparams mdm-detect-bscan-mask 2
targets -set -nocase -filter {name =~ "*microblaze*#0" && bscan=="USER2" }
rst -system
after 3000
targets -set -nocase -filter {name =~ "*microblaze*#0" && bscan=="USER2" }
dow C:/385_Vivado_Projects/Final_Project/ECE-385-Final-Project/final_project_vitis/fp_usb/Debug/fp_usb.elf
----------------End of Script----------------

10:27:15 INFO  : Context for processor 'microblaze_0' is selected.
10:27:15 INFO  : 'con' command is executed.
10:27:15 INFO  : ----------------XSDB Script (After Launch)----------------
targets -set -nocase -filter {name =~ "*microblaze*#0" && bscan=="USER2" }
con
----------------End of Script----------------

10:27:15 INFO  : Disconnected from the channel tcfchan#11.
10:27:48 INFO  : Hardware specification for platform project 'mb_usb_hdmi_top' is updated.
10:28:01 INFO  : Result from executing command 'getProjects': mb_usb_hdmi_top
10:28:01 INFO  : Result from executing command 'getPlatforms': mb_usb_hdmi_top|C:/385_Vivado_Projects/Final_Project/ECE-385-Final-Project/final_project_vitis/mb_usb_hdmi_top/export/mb_usb_hdmi_top/mb_usb_hdmi_top.xpfm
10:28:06 INFO  : Checking for BSP changes to sync application flags for project 'fp_usb'...
10:28:08 INFO  : The hardware specification used by project 'fp_usb' is out of sync with the platform. Resource files extracted from the hardware specification will be updated.
10:28:08 INFO  : The file 'C:\385_Vivado_Projects\Final_Project\ECE-385-Final-Project\final_project_vitis\fp_usb\_ide\bitstream\mb_usb_hdmi_top.bit' stored in project is removed.
10:28:08 INFO  : The file 'C:\385_Vivado_Projects\Final_Project\ECE-385-Final-Project\final_project_vitis\fp_usb\_ide\bitstream\mb_usb_hdmi_top.mmi' stored in project is removed.
10:28:08 INFO  : The updated bitstream files are copied from platform to folder 'C:\385_Vivado_Projects\Final_Project\ECE-385-Final-Project\final_project_vitis\fp_usb\_ide\bitstream' in project 'fp_usb'.
10:28:16 INFO  : Connected to target on host '127.0.0.1' and port '3121'.
10:28:16 INFO  : Jtag cable 'RealDigital Boo 8874292301F6A' is selected.
10:28:16 INFO  : 'jtag frequency' command is executed.
10:28:16 INFO  : 'targets -set -filter {jtag_cable_name =~ "RealDigital Boo 8874292301F6A" && level==0 && jtag_device_ctx=="jsn1-0362f093-0"}' command is executed.
10:28:18 INFO  : Device configured successfully with "C:/385_Vivado_Projects/Final_Project/ECE-385-Final-Project/final_project_vitis/fp_usb/_ide/bitstream/mb_usb_hdmi_top.bit"
10:28:18 INFO  : Context for processor 'microblaze_0' is selected.
10:28:18 INFO  : Hardware design and registers information is loaded from 'C:/385_Vivado_Projects/Final_Project/ECE-385-Final-Project/final_project_vitis/mb_usb_hdmi_top/export/mb_usb_hdmi_top/hw/mb_usb_hdmi_top.xsa'.
10:28:18 INFO  : 'configparams mdm-detect-bscan-mask 2' command is executed.
10:28:18 INFO  : Context for processor 'microblaze_0' is selected.
10:28:18 INFO  : System reset is completed.
10:28:21 INFO  : 'after 3000' command is executed.
10:28:21 INFO  : Context for processor 'microblaze_0' is selected.
10:28:21 INFO  : The application 'C:/385_Vivado_Projects/Final_Project/ECE-385-Final-Project/final_project_vitis/fp_usb/Debug/fp_usb.elf' is downloaded to processor 'microblaze_0'.
10:28:21 INFO  : ----------------XSDB Script----------------
connect -url tcp:127.0.0.1:3121
targets -set -filter {jtag_cable_name =~ "RealDigital Boo 8874292301F6A" && level==0 && jtag_device_ctx=="jsn1-0362f093-0"}
fpga -file C:/385_Vivado_Projects/Final_Project/ECE-385-Final-Project/final_project_vitis/fp_usb/_ide/bitstream/mb_usb_hdmi_top.bit
targets -set -nocase -filter {name =~ "*microblaze*#0" && bscan=="USER2" }
loadhw -hw C:/385_Vivado_Projects/Final_Project/ECE-385-Final-Project/final_project_vitis/mb_usb_hdmi_top/export/mb_usb_hdmi_top/hw/mb_usb_hdmi_top.xsa -regs
configparams mdm-detect-bscan-mask 2
targets -set -nocase -filter {name =~ "*microblaze*#0" && bscan=="USER2" }
rst -system
after 3000
targets -set -nocase -filter {name =~ "*microblaze*#0" && bscan=="USER2" }
dow C:/385_Vivado_Projects/Final_Project/ECE-385-Final-Project/final_project_vitis/fp_usb/Debug/fp_usb.elf
----------------End of Script----------------

10:28:21 INFO  : Context for processor 'microblaze_0' is selected.
10:28:21 INFO  : 'con' command is executed.
10:28:21 INFO  : ----------------XSDB Script (After Launch)----------------
targets -set -nocase -filter {name =~ "*microblaze*#0" && bscan=="USER2" }
con
----------------End of Script----------------

10:28:21 INFO  : Disconnected from the channel tcfchan#13.
10:29:20 INFO  : Connected to target on host '127.0.0.1' and port '3121'.
10:29:21 INFO  : Jtag cable 'RealDigital Boo 8874292301F6A' is selected.
10:29:21 INFO  : 'jtag frequency' command is executed.
10:29:21 INFO  : 'targets -set -filter {jtag_cable_name =~ "RealDigital Boo 8874292301F6A" && level==0 && jtag_device_ctx=="jsn1-0362f093-0"}' command is executed.
10:29:22 INFO  : Device configured successfully with "C:/385_Vivado_Projects/Final_Project/ECE-385-Final-Project/final_project_vitis/fp_usb/_ide/bitstream/mb_usb_hdmi_top.bit"
10:29:22 INFO  : Context for processor 'microblaze_0' is selected.
10:29:22 INFO  : Hardware design and registers information is loaded from 'C:/385_Vivado_Projects/Final_Project/ECE-385-Final-Project/final_project_vitis/mb_usb_hdmi_top/export/mb_usb_hdmi_top/hw/mb_usb_hdmi_top.xsa'.
10:29:22 INFO  : 'configparams mdm-detect-bscan-mask 2' command is executed.
10:29:22 INFO  : Context for processor 'microblaze_0' is selected.
10:29:22 INFO  : System reset is completed.
10:29:25 INFO  : 'after 3000' command is executed.
10:29:25 INFO  : Context for processor 'microblaze_0' is selected.
10:29:25 INFO  : The application 'C:/385_Vivado_Projects/Final_Project/ECE-385-Final-Project/final_project_vitis/fp_usb/Debug/fp_usb.elf' is downloaded to processor 'microblaze_0'.
10:29:25 INFO  : ----------------XSDB Script----------------
connect -url tcp:127.0.0.1:3121
targets -set -filter {jtag_cable_name =~ "RealDigital Boo 8874292301F6A" && level==0 && jtag_device_ctx=="jsn1-0362f093-0"}
fpga -file C:/385_Vivado_Projects/Final_Project/ECE-385-Final-Project/final_project_vitis/fp_usb/_ide/bitstream/mb_usb_hdmi_top.bit
targets -set -nocase -filter {name =~ "*microblaze*#0" && bscan=="USER2" }
loadhw -hw C:/385_Vivado_Projects/Final_Project/ECE-385-Final-Project/final_project_vitis/mb_usb_hdmi_top/export/mb_usb_hdmi_top/hw/mb_usb_hdmi_top.xsa -regs
configparams mdm-detect-bscan-mask 2
targets -set -nocase -filter {name =~ "*microblaze*#0" && bscan=="USER2" }
rst -system
after 3000
targets -set -nocase -filter {name =~ "*microblaze*#0" && bscan=="USER2" }
dow C:/385_Vivado_Projects/Final_Project/ECE-385-Final-Project/final_project_vitis/fp_usb/Debug/fp_usb.elf
----------------End of Script----------------

10:29:25 INFO  : Context for processor 'microblaze_0' is selected.
10:29:25 INFO  : 'con' command is executed.
10:29:25 INFO  : ----------------XSDB Script (After Launch)----------------
targets -set -nocase -filter {name =~ "*microblaze*#0" && bscan=="USER2" }
con
----------------End of Script----------------

10:29:25 INFO  : Disconnected from the channel tcfchan#14.
10:37:22 INFO  : Hardware specification for platform project 'mb_usb_hdmi_top' is updated.
10:37:37 INFO  : Result from executing command 'getProjects': mb_usb_hdmi_top
10:37:37 INFO  : Result from executing command 'getPlatforms': mb_usb_hdmi_top|C:/385_Vivado_Projects/Final_Project/ECE-385-Final-Project/final_project_vitis/mb_usb_hdmi_top/export/mb_usb_hdmi_top/mb_usb_hdmi_top.xpfm
10:37:37 INFO  : Checking for BSP changes to sync application flags for project 'fp_usb'...
10:37:39 INFO  : The hardware specification used by project 'fp_usb' is out of sync with the platform. Resource files extracted from the hardware specification will be updated.
10:37:39 INFO  : The file 'C:\385_Vivado_Projects\Final_Project\ECE-385-Final-Project\final_project_vitis\fp_usb\_ide\bitstream\mb_usb_hdmi_top.bit' stored in project is removed.
10:37:39 INFO  : The file 'C:\385_Vivado_Projects\Final_Project\ECE-385-Final-Project\final_project_vitis\fp_usb\_ide\bitstream\mb_usb_hdmi_top.mmi' stored in project is removed.
10:37:39 INFO  : The updated bitstream files are copied from platform to folder 'C:\385_Vivado_Projects\Final_Project\ECE-385-Final-Project\final_project_vitis\fp_usb\_ide\bitstream' in project 'fp_usb'.
10:37:44 INFO  : Connected to target on host '127.0.0.1' and port '3121'.
10:37:44 INFO  : Jtag cable 'RealDigital Boo 8874292301F6A' is selected.
10:37:44 INFO  : 'jtag frequency' command is executed.
10:37:44 INFO  : 'targets -set -filter {jtag_cable_name =~ "RealDigital Boo 8874292301F6A" && level==0 && jtag_device_ctx=="jsn1-0362f093-0"}' command is executed.
10:37:45 INFO  : Device configured successfully with "C:/385_Vivado_Projects/Final_Project/ECE-385-Final-Project/final_project_vitis/fp_usb/_ide/bitstream/mb_usb_hdmi_top.bit"
10:37:45 INFO  : Context for processor 'microblaze_0' is selected.
10:37:46 INFO  : Hardware design and registers information is loaded from 'C:/385_Vivado_Projects/Final_Project/ECE-385-Final-Project/final_project_vitis/mb_usb_hdmi_top/export/mb_usb_hdmi_top/hw/mb_usb_hdmi_top.xsa'.
10:37:46 INFO  : 'configparams mdm-detect-bscan-mask 2' command is executed.
10:37:46 INFO  : Context for processor 'microblaze_0' is selected.
10:37:46 INFO  : System reset is completed.
10:37:49 INFO  : 'after 3000' command is executed.
10:37:49 INFO  : Context for processor 'microblaze_0' is selected.
10:37:49 INFO  : The application 'C:/385_Vivado_Projects/Final_Project/ECE-385-Final-Project/final_project_vitis/fp_usb/Debug/fp_usb.elf' is downloaded to processor 'microblaze_0'.
10:37:49 INFO  : ----------------XSDB Script----------------
connect -url tcp:127.0.0.1:3121
targets -set -filter {jtag_cable_name =~ "RealDigital Boo 8874292301F6A" && level==0 && jtag_device_ctx=="jsn1-0362f093-0"}
fpga -file C:/385_Vivado_Projects/Final_Project/ECE-385-Final-Project/final_project_vitis/fp_usb/_ide/bitstream/mb_usb_hdmi_top.bit
targets -set -nocase -filter {name =~ "*microblaze*#0" && bscan=="USER2" }
loadhw -hw C:/385_Vivado_Projects/Final_Project/ECE-385-Final-Project/final_project_vitis/mb_usb_hdmi_top/export/mb_usb_hdmi_top/hw/mb_usb_hdmi_top.xsa -regs
configparams mdm-detect-bscan-mask 2
targets -set -nocase -filter {name =~ "*microblaze*#0" && bscan=="USER2" }
rst -system
after 3000
targets -set -nocase -filter {name =~ "*microblaze*#0" && bscan=="USER2" }
dow C:/385_Vivado_Projects/Final_Project/ECE-385-Final-Project/final_project_vitis/fp_usb/Debug/fp_usb.elf
----------------End of Script----------------

10:37:49 INFO  : Context for processor 'microblaze_0' is selected.
10:37:49 INFO  : 'con' command is executed.
10:37:49 INFO  : ----------------XSDB Script (After Launch)----------------
targets -set -nocase -filter {name =~ "*microblaze*#0" && bscan=="USER2" }
con
----------------End of Script----------------

10:37:49 INFO  : Disconnected from the channel tcfchan#16.
10:44:07 INFO  : Hardware specification for platform project 'mb_usb_hdmi_top' is updated.
10:44:21 INFO  : Result from executing command 'getProjects': mb_usb_hdmi_top
10:44:21 INFO  : Result from executing command 'getPlatforms': mb_usb_hdmi_top|C:/385_Vivado_Projects/Final_Project/ECE-385-Final-Project/final_project_vitis/mb_usb_hdmi_top/export/mb_usb_hdmi_top/mb_usb_hdmi_top.xpfm
10:44:21 INFO  : Checking for BSP changes to sync application flags for project 'fp_usb'...
10:44:23 INFO  : The hardware specification used by project 'fp_usb' is out of sync with the platform. Resource files extracted from the hardware specification will be updated.
10:44:23 INFO  : The file 'C:\385_Vivado_Projects\Final_Project\ECE-385-Final-Project\final_project_vitis\fp_usb\_ide\bitstream\mb_usb_hdmi_top.bit' stored in project is removed.
10:44:23 INFO  : The file 'C:\385_Vivado_Projects\Final_Project\ECE-385-Final-Project\final_project_vitis\fp_usb\_ide\bitstream\mb_usb_hdmi_top.mmi' stored in project is removed.
10:44:23 INFO  : The updated bitstream files are copied from platform to folder 'C:\385_Vivado_Projects\Final_Project\ECE-385-Final-Project\final_project_vitis\fp_usb\_ide\bitstream' in project 'fp_usb'.
10:44:28 INFO  : Connected to target on host '127.0.0.1' and port '3121'.
10:44:34 INFO  : Jtag cable 'RealDigital Boo 8874292301F6A' is selected.
10:44:34 INFO  : 'jtag frequency' command is executed.
10:44:34 INFO  : 'targets -set -filter {jtag_cable_name =~ "RealDigital Boo 8874292301F6A" && level==0 && jtag_device_ctx=="jsn1-0362f093-0"}' command is executed.
10:44:36 INFO  : Device configured successfully with "C:/385_Vivado_Projects/Final_Project/ECE-385-Final-Project/final_project_vitis/fp_usb/_ide/bitstream/mb_usb_hdmi_top.bit"
10:44:36 INFO  : Context for processor 'microblaze_0' is selected.
10:44:36 INFO  : Hardware design and registers information is loaded from 'C:/385_Vivado_Projects/Final_Project/ECE-385-Final-Project/final_project_vitis/mb_usb_hdmi_top/export/mb_usb_hdmi_top/hw/mb_usb_hdmi_top.xsa'.
10:44:36 INFO  : 'configparams mdm-detect-bscan-mask 2' command is executed.
10:44:36 INFO  : Context for processor 'microblaze_0' is selected.
10:44:36 INFO  : System reset is completed.
10:44:39 INFO  : 'after 3000' command is executed.
10:44:39 INFO  : Context for processor 'microblaze_0' is selected.
10:44:39 INFO  : The application 'C:/385_Vivado_Projects/Final_Project/ECE-385-Final-Project/final_project_vitis/fp_usb/Debug/fp_usb.elf' is downloaded to processor 'microblaze_0'.
10:44:39 INFO  : ----------------XSDB Script----------------
connect -url tcp:127.0.0.1:3121
targets -set -filter {jtag_cable_name =~ "RealDigital Boo 8874292301F6A" && level==0 && jtag_device_ctx=="jsn1-0362f093-0"}
fpga -file C:/385_Vivado_Projects/Final_Project/ECE-385-Final-Project/final_project_vitis/fp_usb/_ide/bitstream/mb_usb_hdmi_top.bit
targets -set -nocase -filter {name =~ "*microblaze*#0" && bscan=="USER2" }
loadhw -hw C:/385_Vivado_Projects/Final_Project/ECE-385-Final-Project/final_project_vitis/mb_usb_hdmi_top/export/mb_usb_hdmi_top/hw/mb_usb_hdmi_top.xsa -regs
configparams mdm-detect-bscan-mask 2
targets -set -nocase -filter {name =~ "*microblaze*#0" && bscan=="USER2" }
rst -system
after 3000
targets -set -nocase -filter {name =~ "*microblaze*#0" && bscan=="USER2" }
dow C:/385_Vivado_Projects/Final_Project/ECE-385-Final-Project/final_project_vitis/fp_usb/Debug/fp_usb.elf
----------------End of Script----------------

10:44:39 INFO  : Context for processor 'microblaze_0' is selected.
10:44:39 INFO  : 'con' command is executed.
10:44:39 INFO  : ----------------XSDB Script (After Launch)----------------
targets -set -nocase -filter {name =~ "*microblaze*#0" && bscan=="USER2" }
con
----------------End of Script----------------

10:44:39 INFO  : Disconnected from the channel tcfchan#18.
11:17:41 INFO  : Hardware specification for platform project 'mb_usb_hdmi_top' is updated.
11:17:53 INFO  : Result from executing command 'getProjects': mb_usb_hdmi_top
11:17:53 INFO  : Result from executing command 'getPlatforms': mb_usb_hdmi_top|C:/385_Vivado_Projects/Final_Project/ECE-385-Final-Project/final_project_vitis/mb_usb_hdmi_top/export/mb_usb_hdmi_top/mb_usb_hdmi_top.xpfm
11:17:53 INFO  : Checking for BSP changes to sync application flags for project 'fp_usb'...
11:17:55 INFO  : The hardware specification used by project 'fp_usb' is out of sync with the platform. Resource files extracted from the hardware specification will be updated.
11:17:55 INFO  : The file 'C:\385_Vivado_Projects\Final_Project\ECE-385-Final-Project\final_project_vitis\fp_usb\_ide\bitstream\mb_usb_hdmi_top.bit' stored in project is removed.
11:17:55 INFO  : The file 'C:\385_Vivado_Projects\Final_Project\ECE-385-Final-Project\final_project_vitis\fp_usb\_ide\bitstream\mb_usb_hdmi_top.mmi' stored in project is removed.
11:17:55 INFO  : The updated bitstream files are copied from platform to folder 'C:\385_Vivado_Projects\Final_Project\ECE-385-Final-Project\final_project_vitis\fp_usb\_ide\bitstream' in project 'fp_usb'.
11:17:59 INFO  : Connected to target on host '127.0.0.1' and port '3121'.
11:18:00 INFO  : Jtag cable 'RealDigital Boo 8874292301F6A' is selected.
11:18:00 INFO  : 'jtag frequency' command is executed.
11:18:00 INFO  : 'targets -set -filter {jtag_cable_name =~ "RealDigital Boo 8874292301F6A" && level==0 && jtag_device_ctx=="jsn1-0362f093-0"}' command is executed.
11:18:01 INFO  : Device configured successfully with "C:/385_Vivado_Projects/Final_Project/ECE-385-Final-Project/final_project_vitis/fp_usb/_ide/bitstream/mb_usb_hdmi_top.bit"
11:18:01 INFO  : Context for processor 'microblaze_0' is selected.
11:18:01 INFO  : Hardware design and registers information is loaded from 'C:/385_Vivado_Projects/Final_Project/ECE-385-Final-Project/final_project_vitis/mb_usb_hdmi_top/export/mb_usb_hdmi_top/hw/mb_usb_hdmi_top.xsa'.
11:18:01 INFO  : 'configparams mdm-detect-bscan-mask 2' command is executed.
11:18:01 INFO  : Context for processor 'microblaze_0' is selected.
11:18:01 INFO  : System reset is completed.
11:18:04 INFO  : 'after 3000' command is executed.
11:18:04 INFO  : Context for processor 'microblaze_0' is selected.
11:18:04 INFO  : The application 'C:/385_Vivado_Projects/Final_Project/ECE-385-Final-Project/final_project_vitis/fp_usb/Debug/fp_usb.elf' is downloaded to processor 'microblaze_0'.
11:18:04 INFO  : ----------------XSDB Script----------------
connect -url tcp:127.0.0.1:3121
targets -set -filter {jtag_cable_name =~ "RealDigital Boo 8874292301F6A" && level==0 && jtag_device_ctx=="jsn1-0362f093-0"}
fpga -file C:/385_Vivado_Projects/Final_Project/ECE-385-Final-Project/final_project_vitis/fp_usb/_ide/bitstream/mb_usb_hdmi_top.bit
targets -set -nocase -filter {name =~ "*microblaze*#0" && bscan=="USER2" }
loadhw -hw C:/385_Vivado_Projects/Final_Project/ECE-385-Final-Project/final_project_vitis/mb_usb_hdmi_top/export/mb_usb_hdmi_top/hw/mb_usb_hdmi_top.xsa -regs
configparams mdm-detect-bscan-mask 2
targets -set -nocase -filter {name =~ "*microblaze*#0" && bscan=="USER2" }
rst -system
after 3000
targets -set -nocase -filter {name =~ "*microblaze*#0" && bscan=="USER2" }
dow C:/385_Vivado_Projects/Final_Project/ECE-385-Final-Project/final_project_vitis/fp_usb/Debug/fp_usb.elf
----------------End of Script----------------

11:18:04 INFO  : Context for processor 'microblaze_0' is selected.
11:18:04 INFO  : 'con' command is executed.
11:18:04 INFO  : ----------------XSDB Script (After Launch)----------------
targets -set -nocase -filter {name =~ "*microblaze*#0" && bscan=="USER2" }
con
----------------End of Script----------------

11:18:05 INFO  : Disconnected from the channel tcfchan#20.
11:32:50 INFO  : Connected to target on host '127.0.0.1' and port '3121'.
11:32:50 INFO  : Jtag cable 'RealDigital Boo 8874292301F6A' is selected.
11:32:50 INFO  : 'jtag frequency' command is executed.
11:32:50 INFO  : 'targets -set -filter {jtag_cable_name =~ "RealDigital Boo 8874292301F6A" && level==0 && jtag_device_ctx=="jsn1-0362f093-0"}' command is executed.
11:32:51 INFO  : Device configured successfully with "C:/385_Vivado_Projects/Final_Project/ECE-385-Final-Project/final_project_vitis/fp_usb/_ide/bitstream/mb_usb_hdmi_top.bit"
11:32:51 INFO  : Context for processor 'microblaze_0' is selected.
11:32:51 INFO  : Hardware design and registers information is loaded from 'C:/385_Vivado_Projects/Final_Project/ECE-385-Final-Project/final_project_vitis/mb_usb_hdmi_top/export/mb_usb_hdmi_top/hw/mb_usb_hdmi_top.xsa'.
11:32:51 INFO  : 'configparams mdm-detect-bscan-mask 2' command is executed.
11:32:51 INFO  : Context for processor 'microblaze_0' is selected.
11:32:51 INFO  : System reset is completed.
11:32:54 INFO  : 'after 3000' command is executed.
11:32:54 INFO  : Context for processor 'microblaze_0' is selected.
11:32:54 INFO  : The application 'C:/385_Vivado_Projects/Final_Project/ECE-385-Final-Project/final_project_vitis/fp_usb/Debug/fp_usb.elf' is downloaded to processor 'microblaze_0'.
11:32:54 INFO  : ----------------XSDB Script----------------
connect -url tcp:127.0.0.1:3121
targets -set -filter {jtag_cable_name =~ "RealDigital Boo 8874292301F6A" && level==0 && jtag_device_ctx=="jsn1-0362f093-0"}
fpga -file C:/385_Vivado_Projects/Final_Project/ECE-385-Final-Project/final_project_vitis/fp_usb/_ide/bitstream/mb_usb_hdmi_top.bit
targets -set -nocase -filter {name =~ "*microblaze*#0" && bscan=="USER2" }
loadhw -hw C:/385_Vivado_Projects/Final_Project/ECE-385-Final-Project/final_project_vitis/mb_usb_hdmi_top/export/mb_usb_hdmi_top/hw/mb_usb_hdmi_top.xsa -regs
configparams mdm-detect-bscan-mask 2
targets -set -nocase -filter {name =~ "*microblaze*#0" && bscan=="USER2" }
rst -system
after 3000
targets -set -nocase -filter {name =~ "*microblaze*#0" && bscan=="USER2" }
dow C:/385_Vivado_Projects/Final_Project/ECE-385-Final-Project/final_project_vitis/fp_usb/Debug/fp_usb.elf
----------------End of Script----------------

11:32:55 INFO  : Context for processor 'microblaze_0' is selected.
11:32:55 INFO  : 'con' command is executed.
11:32:55 INFO  : ----------------XSDB Script (After Launch)----------------
targets -set -nocase -filter {name =~ "*microblaze*#0" && bscan=="USER2" }
con
----------------End of Script----------------

11:32:55 INFO  : Disconnected from the channel tcfchan#21.
11:39:58 INFO  : Hardware specification for platform project 'mb_usb_hdmi_top' is updated.
11:40:16 INFO  : Result from executing command 'getProjects': mb_usb_hdmi_top
11:40:16 INFO  : Result from executing command 'getPlatforms': mb_usb_hdmi_top|C:/385_Vivado_Projects/Final_Project/ECE-385-Final-Project/final_project_vitis/mb_usb_hdmi_top/export/mb_usb_hdmi_top/mb_usb_hdmi_top.xpfm
11:40:16 INFO  : Checking for BSP changes to sync application flags for project 'fp_usb'...
11:40:18 INFO  : The hardware specification used by project 'fp_usb' is out of sync with the platform. Resource files extracted from the hardware specification will be updated.
11:40:18 INFO  : The file 'C:\385_Vivado_Projects\Final_Project\ECE-385-Final-Project\final_project_vitis\fp_usb\_ide\bitstream\mb_usb_hdmi_top.bit' stored in project is removed.
11:40:18 INFO  : The file 'C:\385_Vivado_Projects\Final_Project\ECE-385-Final-Project\final_project_vitis\fp_usb\_ide\bitstream\mb_usb_hdmi_top.mmi' stored in project is removed.
11:40:18 INFO  : The updated bitstream files are copied from platform to folder 'C:\385_Vivado_Projects\Final_Project\ECE-385-Final-Project\final_project_vitis\fp_usb\_ide\bitstream' in project 'fp_usb'.
11:40:22 INFO  : Connected to target on host '127.0.0.1' and port '3121'.
11:40:23 INFO  : Jtag cable 'RealDigital Boo 8874292301F6A' is selected.
11:40:23 INFO  : 'jtag frequency' command is executed.
11:40:23 INFO  : 'targets -set -filter {jtag_cable_name =~ "RealDigital Boo 8874292301F6A" && level==0 && jtag_device_ctx=="jsn1-0362f093-0"}' command is executed.
11:40:24 INFO  : Device configured successfully with "C:/385_Vivado_Projects/Final_Project/ECE-385-Final-Project/final_project_vitis/fp_usb/_ide/bitstream/mb_usb_hdmi_top.bit"
11:40:24 INFO  : Context for processor 'microblaze_0' is selected.
11:40:24 INFO  : Hardware design and registers information is loaded from 'C:/385_Vivado_Projects/Final_Project/ECE-385-Final-Project/final_project_vitis/mb_usb_hdmi_top/export/mb_usb_hdmi_top/hw/mb_usb_hdmi_top.xsa'.
11:40:24 INFO  : 'configparams mdm-detect-bscan-mask 2' command is executed.
11:40:24 INFO  : Context for processor 'microblaze_0' is selected.
11:40:24 INFO  : System reset is completed.
11:40:27 INFO  : 'after 3000' command is executed.
11:40:27 INFO  : Context for processor 'microblaze_0' is selected.
11:40:28 INFO  : The application 'C:/385_Vivado_Projects/Final_Project/ECE-385-Final-Project/final_project_vitis/fp_usb/Debug/fp_usb.elf' is downloaded to processor 'microblaze_0'.
11:40:28 INFO  : ----------------XSDB Script----------------
connect -url tcp:127.0.0.1:3121
targets -set -filter {jtag_cable_name =~ "RealDigital Boo 8874292301F6A" && level==0 && jtag_device_ctx=="jsn1-0362f093-0"}
fpga -file C:/385_Vivado_Projects/Final_Project/ECE-385-Final-Project/final_project_vitis/fp_usb/_ide/bitstream/mb_usb_hdmi_top.bit
targets -set -nocase -filter {name =~ "*microblaze*#0" && bscan=="USER2" }
loadhw -hw C:/385_Vivado_Projects/Final_Project/ECE-385-Final-Project/final_project_vitis/mb_usb_hdmi_top/export/mb_usb_hdmi_top/hw/mb_usb_hdmi_top.xsa -regs
configparams mdm-detect-bscan-mask 2
targets -set -nocase -filter {name =~ "*microblaze*#0" && bscan=="USER2" }
rst -system
after 3000
targets -set -nocase -filter {name =~ "*microblaze*#0" && bscan=="USER2" }
dow C:/385_Vivado_Projects/Final_Project/ECE-385-Final-Project/final_project_vitis/fp_usb/Debug/fp_usb.elf
----------------End of Script----------------

11:40:28 INFO  : Context for processor 'microblaze_0' is selected.
11:40:28 INFO  : 'con' command is executed.
11:40:28 INFO  : ----------------XSDB Script (After Launch)----------------
targets -set -nocase -filter {name =~ "*microblaze*#0" && bscan=="USER2" }
con
----------------End of Script----------------

11:40:28 INFO  : Disconnected from the channel tcfchan#23.
11:55:02 INFO  : Hardware specification for platform project 'mb_usb_hdmi_top' is updated.
11:55:13 INFO  : Result from executing command 'getProjects': mb_usb_hdmi_top
11:55:13 INFO  : Result from executing command 'getPlatforms': mb_usb_hdmi_top|C:/385_Vivado_Projects/Final_Project/ECE-385-Final-Project/final_project_vitis/mb_usb_hdmi_top/export/mb_usb_hdmi_top/mb_usb_hdmi_top.xpfm
11:55:14 INFO  : Checking for BSP changes to sync application flags for project 'fp_usb'...
11:55:15 INFO  : The hardware specification used by project 'fp_usb' is out of sync with the platform. Resource files extracted from the hardware specification will be updated.
11:55:15 INFO  : The file 'C:\385_Vivado_Projects\Final_Project\ECE-385-Final-Project\final_project_vitis\fp_usb\_ide\bitstream\mb_usb_hdmi_top.bit' stored in project is removed.
11:55:15 INFO  : The file 'C:\385_Vivado_Projects\Final_Project\ECE-385-Final-Project\final_project_vitis\fp_usb\_ide\bitstream\mb_usb_hdmi_top.mmi' stored in project is removed.
11:55:15 INFO  : The updated bitstream files are copied from platform to folder 'C:\385_Vivado_Projects\Final_Project\ECE-385-Final-Project\final_project_vitis\fp_usb\_ide\bitstream' in project 'fp_usb'.
11:55:20 INFO  : Connected to target on host '127.0.0.1' and port '3121'.
11:55:20 INFO  : Jtag cable 'RealDigital Boo 8874292301F6A' is selected.
11:55:20 INFO  : 'jtag frequency' command is executed.
11:55:20 INFO  : 'targets -set -filter {jtag_cable_name =~ "RealDigital Boo 8874292301F6A" && level==0 && jtag_device_ctx=="jsn1-0362f093-0"}' command is executed.
11:55:21 INFO  : Device configured successfully with "C:/385_Vivado_Projects/Final_Project/ECE-385-Final-Project/final_project_vitis/fp_usb/_ide/bitstream/mb_usb_hdmi_top.bit"
11:55:21 INFO  : Context for processor 'microblaze_0' is selected.
11:55:21 INFO  : Hardware design and registers information is loaded from 'C:/385_Vivado_Projects/Final_Project/ECE-385-Final-Project/final_project_vitis/mb_usb_hdmi_top/export/mb_usb_hdmi_top/hw/mb_usb_hdmi_top.xsa'.
11:55:21 INFO  : 'configparams mdm-detect-bscan-mask 2' command is executed.
11:55:21 INFO  : Context for processor 'microblaze_0' is selected.
11:55:21 INFO  : System reset is completed.
11:55:24 INFO  : 'after 3000' command is executed.
11:55:25 INFO  : Context for processor 'microblaze_0' is selected.
11:55:25 INFO  : The application 'C:/385_Vivado_Projects/Final_Project/ECE-385-Final-Project/final_project_vitis/fp_usb/Debug/fp_usb.elf' is downloaded to processor 'microblaze_0'.
11:55:25 INFO  : ----------------XSDB Script----------------
connect -url tcp:127.0.0.1:3121
targets -set -filter {jtag_cable_name =~ "RealDigital Boo 8874292301F6A" && level==0 && jtag_device_ctx=="jsn1-0362f093-0"}
fpga -file C:/385_Vivado_Projects/Final_Project/ECE-385-Final-Project/final_project_vitis/fp_usb/_ide/bitstream/mb_usb_hdmi_top.bit
targets -set -nocase -filter {name =~ "*microblaze*#0" && bscan=="USER2" }
loadhw -hw C:/385_Vivado_Projects/Final_Project/ECE-385-Final-Project/final_project_vitis/mb_usb_hdmi_top/export/mb_usb_hdmi_top/hw/mb_usb_hdmi_top.xsa -regs
configparams mdm-detect-bscan-mask 2
targets -set -nocase -filter {name =~ "*microblaze*#0" && bscan=="USER2" }
rst -system
after 3000
targets -set -nocase -filter {name =~ "*microblaze*#0" && bscan=="USER2" }
dow C:/385_Vivado_Projects/Final_Project/ECE-385-Final-Project/final_project_vitis/fp_usb/Debug/fp_usb.elf
----------------End of Script----------------

11:55:25 INFO  : Context for processor 'microblaze_0' is selected.
11:55:25 INFO  : 'con' command is executed.
11:55:25 INFO  : ----------------XSDB Script (After Launch)----------------
targets -set -nocase -filter {name =~ "*microblaze*#0" && bscan=="USER2" }
con
----------------End of Script----------------

11:55:25 INFO  : Disconnected from the channel tcfchan#25.
12:05:14 INFO  : Hardware specification for platform project 'mb_usb_hdmi_top' is updated.
12:05:31 INFO  : Result from executing command 'getProjects': mb_usb_hdmi_top
12:05:31 INFO  : Result from executing command 'getPlatforms': mb_usb_hdmi_top|C:/385_Vivado_Projects/Final_Project/ECE-385-Final-Project/final_project_vitis/mb_usb_hdmi_top/export/mb_usb_hdmi_top/mb_usb_hdmi_top.xpfm
12:05:31 INFO  : Checking for BSP changes to sync application flags for project 'fp_usb'...
12:05:34 INFO  : The hardware specification used by project 'fp_usb' is out of sync with the platform. Resource files extracted from the hardware specification will be updated.
12:05:34 INFO  : The file 'C:\385_Vivado_Projects\Final_Project\ECE-385-Final-Project\final_project_vitis\fp_usb\_ide\bitstream\mb_usb_hdmi_top.bit' stored in project is removed.
12:05:34 INFO  : The file 'C:\385_Vivado_Projects\Final_Project\ECE-385-Final-Project\final_project_vitis\fp_usb\_ide\bitstream\mb_usb_hdmi_top.mmi' stored in project is removed.
12:05:34 INFO  : The updated bitstream files are copied from platform to folder 'C:\385_Vivado_Projects\Final_Project\ECE-385-Final-Project\final_project_vitis\fp_usb\_ide\bitstream' in project 'fp_usb'.
12:05:42 INFO  : Connected to target on host '127.0.0.1' and port '3121'.
12:05:43 INFO  : Jtag cable 'RealDigital Boo 8874292301F6A' is selected.
12:05:43 INFO  : 'jtag frequency' command is executed.
12:05:43 INFO  : 'targets -set -filter {jtag_cable_name =~ "RealDigital Boo 8874292301F6A" && level==0 && jtag_device_ctx=="jsn1-0362f093-0"}' command is executed.
12:05:44 INFO  : Device configured successfully with "C:/385_Vivado_Projects/Final_Project/ECE-385-Final-Project/final_project_vitis/fp_usb/_ide/bitstream/mb_usb_hdmi_top.bit"
12:05:44 INFO  : Context for processor 'microblaze_0' is selected.
12:05:44 INFO  : Hardware design and registers information is loaded from 'C:/385_Vivado_Projects/Final_Project/ECE-385-Final-Project/final_project_vitis/mb_usb_hdmi_top/export/mb_usb_hdmi_top/hw/mb_usb_hdmi_top.xsa'.
12:05:44 INFO  : 'configparams mdm-detect-bscan-mask 2' command is executed.
12:05:44 INFO  : Context for processor 'microblaze_0' is selected.
12:05:44 INFO  : System reset is completed.
12:05:47 INFO  : 'after 3000' command is executed.
12:05:47 INFO  : Context for processor 'microblaze_0' is selected.
12:05:48 INFO  : The application 'C:/385_Vivado_Projects/Final_Project/ECE-385-Final-Project/final_project_vitis/fp_usb/Debug/fp_usb.elf' is downloaded to processor 'microblaze_0'.
12:05:48 INFO  : ----------------XSDB Script----------------
connect -url tcp:127.0.0.1:3121
targets -set -filter {jtag_cable_name =~ "RealDigital Boo 8874292301F6A" && level==0 && jtag_device_ctx=="jsn1-0362f093-0"}
fpga -file C:/385_Vivado_Projects/Final_Project/ECE-385-Final-Project/final_project_vitis/fp_usb/_ide/bitstream/mb_usb_hdmi_top.bit
targets -set -nocase -filter {name =~ "*microblaze*#0" && bscan=="USER2" }
loadhw -hw C:/385_Vivado_Projects/Final_Project/ECE-385-Final-Project/final_project_vitis/mb_usb_hdmi_top/export/mb_usb_hdmi_top/hw/mb_usb_hdmi_top.xsa -regs
configparams mdm-detect-bscan-mask 2
targets -set -nocase -filter {name =~ "*microblaze*#0" && bscan=="USER2" }
rst -system
after 3000
targets -set -nocase -filter {name =~ "*microblaze*#0" && bscan=="USER2" }
dow C:/385_Vivado_Projects/Final_Project/ECE-385-Final-Project/final_project_vitis/fp_usb/Debug/fp_usb.elf
----------------End of Script----------------

12:05:48 INFO  : Context for processor 'microblaze_0' is selected.
12:05:48 INFO  : 'con' command is executed.
12:05:48 INFO  : ----------------XSDB Script (After Launch)----------------
targets -set -nocase -filter {name =~ "*microblaze*#0" && bscan=="USER2" }
con
----------------End of Script----------------

12:05:48 INFO  : Disconnected from the channel tcfchan#27.
18:11:33 DEBUG : Logs will be stored at 'C:/385_Vivado_Projects/Final_Project/ECE-385-Final-Project/final_project_vitis/IDE.log'.
18:11:33 INFO  : Launching XSCT server: xsct.bat -n  -interactive C:\385_Vivado_Projects\Final_Project\ECE-385-Final-Project\final_project_vitis\temp_xsdb_launch_script.tcl
18:11:35 INFO  : Platform repository initialization has completed.
18:11:35 INFO  : XSCT server has started successfully.
18:11:35 INFO  : Successfully done setting XSCT server connection channel  
18:11:35 INFO  : plnx-install-location is set to ''
18:11:35 INFO  : Successfully done setting workspace for the tool. 
18:11:36 INFO  : Registering command handlers for Vitis TCF services
18:11:39 INFO  : Successfully done query RDI_DATADIR 
18:12:10 INFO  : Hardware specification for platform project 'mb_usb_hdmi_top' is updated.
18:12:24 INFO  : Result from executing command 'getProjects': mb_usb_hdmi_top
18:12:24 INFO  : Result from executing command 'getPlatforms': mb_usb_hdmi_top|C:/385_Vivado_Projects/Final_Project/ECE-385-Final-Project/final_project_vitis/mb_usb_hdmi_top/export/mb_usb_hdmi_top/mb_usb_hdmi_top.xpfm
18:12:24 INFO  : Checking for BSP changes to sync application flags for project 'fp_usb'...
18:12:26 INFO  : The hardware specification used by project 'fp_usb' is out of sync with the platform. Resource files extracted from the hardware specification will be updated.
18:12:26 INFO  : The file 'C:\385_Vivado_Projects\Final_Project\ECE-385-Final-Project\final_project_vitis\fp_usb\_ide\bitstream\mb_usb_hdmi_top.bit' stored in project is removed.
18:12:26 INFO  : The file 'C:\385_Vivado_Projects\Final_Project\ECE-385-Final-Project\final_project_vitis\fp_usb\_ide\bitstream\mb_usb_hdmi_top.mmi' stored in project is removed.
18:12:26 INFO  : The updated bitstream files are copied from platform to folder 'C:\385_Vivado_Projects\Final_Project\ECE-385-Final-Project\final_project_vitis\fp_usb\_ide\bitstream' in project 'fp_usb'.
18:12:48 INFO  : Connected to target on host '127.0.0.1' and port '3121'.
18:12:49 INFO  : Jtag cable 'RealDigital Boo 8874292301F6A' is selected.
18:12:49 INFO  : 'jtag frequency' command is executed.
18:12:49 INFO  : 'targets -set -filter {jtag_cable_name =~ "RealDigital Boo 8874292301F6A" && level==0 && jtag_device_ctx=="jsn1-0362f093-0"}' command is executed.
18:12:50 INFO  : Device configured successfully with "C:/385_Vivado_Projects/Final_Project/ECE-385-Final-Project/final_project_vitis/fp_usb/_ide/bitstream/mb_usb_hdmi_top.bit"
18:12:50 INFO  : Context for processor 'microblaze_0' is selected.
18:12:50 INFO  : Hardware design and registers information is loaded from 'C:/385_Vivado_Projects/Final_Project/ECE-385-Final-Project/final_project_vitis/mb_usb_hdmi_top/export/mb_usb_hdmi_top/hw/mb_usb_hdmi_top.xsa'.
18:12:50 INFO  : 'configparams mdm-detect-bscan-mask 2' command is executed.
18:12:50 INFO  : Context for processor 'microblaze_0' is selected.
18:12:50 INFO  : System reset is completed.
18:12:53 INFO  : 'after 3000' command is executed.
18:12:53 INFO  : Context for processor 'microblaze_0' is selected.
18:12:54 INFO  : The application 'C:/385_Vivado_Projects/Final_Project/ECE-385-Final-Project/final_project_vitis/fp_usb/Debug/fp_usb.elf' is downloaded to processor 'microblaze_0'.
18:12:54 INFO  : ----------------XSDB Script----------------
connect -url tcp:127.0.0.1:3121
targets -set -filter {jtag_cable_name =~ "RealDigital Boo 8874292301F6A" && level==0 && jtag_device_ctx=="jsn1-0362f093-0"}
fpga -file C:/385_Vivado_Projects/Final_Project/ECE-385-Final-Project/final_project_vitis/fp_usb/_ide/bitstream/mb_usb_hdmi_top.bit
targets -set -nocase -filter {name =~ "*microblaze*#0" && bscan=="USER2" }
loadhw -hw C:/385_Vivado_Projects/Final_Project/ECE-385-Final-Project/final_project_vitis/mb_usb_hdmi_top/export/mb_usb_hdmi_top/hw/mb_usb_hdmi_top.xsa -regs
configparams mdm-detect-bscan-mask 2
targets -set -nocase -filter {name =~ "*microblaze*#0" && bscan=="USER2" }
rst -system
after 3000
targets -set -nocase -filter {name =~ "*microblaze*#0" && bscan=="USER2" }
dow C:/385_Vivado_Projects/Final_Project/ECE-385-Final-Project/final_project_vitis/fp_usb/Debug/fp_usb.elf
----------------End of Script----------------

18:12:54 INFO  : Context for processor 'microblaze_0' is selected.
18:12:54 INFO  : 'con' command is executed.
18:12:54 INFO  : ----------------XSDB Script (After Launch)----------------
targets -set -nocase -filter {name =~ "*microblaze*#0" && bscan=="USER2" }
con
----------------End of Script----------------

18:12:54 INFO  : Disconnected from the channel tcfchan#2.
18:14:30 INFO  : Hardware specification for platform project 'mb_usb_hdmi_top' is updated.
18:14:44 INFO  : Result from executing command 'getProjects': mb_usb_hdmi_top
18:14:44 INFO  : Result from executing command 'getPlatforms': mb_usb_hdmi_top|C:/385_Vivado_Projects/Final_Project/ECE-385-Final-Project/final_project_vitis/mb_usb_hdmi_top/export/mb_usb_hdmi_top/mb_usb_hdmi_top.xpfm
18:14:45 INFO  : Checking for BSP changes to sync application flags for project 'fp_usb'...
18:14:46 INFO  : The hardware specification used by project 'fp_usb' is out of sync with the platform. Resource files extracted from the hardware specification will be updated.
18:14:46 INFO  : The file 'C:\385_Vivado_Projects\Final_Project\ECE-385-Final-Project\final_project_vitis\fp_usb\_ide\bitstream\mb_usb_hdmi_top.bit' stored in project is removed.
18:14:46 INFO  : The file 'C:\385_Vivado_Projects\Final_Project\ECE-385-Final-Project\final_project_vitis\fp_usb\_ide\bitstream\mb_usb_hdmi_top.mmi' stored in project is removed.
18:14:46 INFO  : The updated bitstream files are copied from platform to folder 'C:\385_Vivado_Projects\Final_Project\ECE-385-Final-Project\final_project_vitis\fp_usb\_ide\bitstream' in project 'fp_usb'.
18:14:51 INFO  : Connected to target on host '127.0.0.1' and port '3121'.
18:14:51 INFO  : Jtag cable 'RealDigital Boo 8874292301F6A' is selected.
18:14:51 INFO  : 'jtag frequency' command is executed.
18:14:51 INFO  : 'targets -set -filter {jtag_cable_name =~ "RealDigital Boo 8874292301F6A" && level==0 && jtag_device_ctx=="jsn1-0362f093-0"}' command is executed.
18:14:52 INFO  : Device configured successfully with "C:/385_Vivado_Projects/Final_Project/ECE-385-Final-Project/final_project_vitis/fp_usb/_ide/bitstream/mb_usb_hdmi_top.bit"
18:14:52 INFO  : Context for processor 'microblaze_0' is selected.
18:14:52 INFO  : Hardware design and registers information is loaded from 'C:/385_Vivado_Projects/Final_Project/ECE-385-Final-Project/final_project_vitis/mb_usb_hdmi_top/export/mb_usb_hdmi_top/hw/mb_usb_hdmi_top.xsa'.
18:14:52 INFO  : 'configparams mdm-detect-bscan-mask 2' command is executed.
18:14:52 INFO  : Context for processor 'microblaze_0' is selected.
18:14:52 INFO  : System reset is completed.
18:14:55 INFO  : 'after 3000' command is executed.
18:14:55 INFO  : Context for processor 'microblaze_0' is selected.
18:14:56 INFO  : The application 'C:/385_Vivado_Projects/Final_Project/ECE-385-Final-Project/final_project_vitis/fp_usb/Debug/fp_usb.elf' is downloaded to processor 'microblaze_0'.
18:14:56 INFO  : ----------------XSDB Script----------------
connect -url tcp:127.0.0.1:3121
targets -set -filter {jtag_cable_name =~ "RealDigital Boo 8874292301F6A" && level==0 && jtag_device_ctx=="jsn1-0362f093-0"}
fpga -file C:/385_Vivado_Projects/Final_Project/ECE-385-Final-Project/final_project_vitis/fp_usb/_ide/bitstream/mb_usb_hdmi_top.bit
targets -set -nocase -filter {name =~ "*microblaze*#0" && bscan=="USER2" }
loadhw -hw C:/385_Vivado_Projects/Final_Project/ECE-385-Final-Project/final_project_vitis/mb_usb_hdmi_top/export/mb_usb_hdmi_top/hw/mb_usb_hdmi_top.xsa -regs
configparams mdm-detect-bscan-mask 2
targets -set -nocase -filter {name =~ "*microblaze*#0" && bscan=="USER2" }
rst -system
after 3000
targets -set -nocase -filter {name =~ "*microblaze*#0" && bscan=="USER2" }
dow C:/385_Vivado_Projects/Final_Project/ECE-385-Final-Project/final_project_vitis/fp_usb/Debug/fp_usb.elf
----------------End of Script----------------

18:14:56 INFO  : Context for processor 'microblaze_0' is selected.
18:14:56 INFO  : 'con' command is executed.
18:14:56 INFO  : ----------------XSDB Script (After Launch)----------------
targets -set -nocase -filter {name =~ "*microblaze*#0" && bscan=="USER2" }
con
----------------End of Script----------------

18:14:56 INFO  : Disconnected from the channel tcfchan#4.
18:30:52 INFO  : Hardware specification for platform project 'mb_usb_hdmi_top' is updated.
18:31:02 INFO  : Result from executing command 'getProjects': mb_usb_hdmi_top
18:31:02 INFO  : Result from executing command 'getPlatforms': mb_usb_hdmi_top|C:/385_Vivado_Projects/Final_Project/ECE-385-Final-Project/final_project_vitis/mb_usb_hdmi_top/export/mb_usb_hdmi_top/mb_usb_hdmi_top.xpfm
18:31:02 INFO  : Checking for BSP changes to sync application flags for project 'fp_usb'...
18:31:04 INFO  : The hardware specification used by project 'fp_usb' is out of sync with the platform. Resource files extracted from the hardware specification will be updated.
18:31:04 INFO  : The file 'C:\385_Vivado_Projects\Final_Project\ECE-385-Final-Project\final_project_vitis\fp_usb\_ide\bitstream\mb_usb_hdmi_top.bit' stored in project is removed.
18:31:04 INFO  : The file 'C:\385_Vivado_Projects\Final_Project\ECE-385-Final-Project\final_project_vitis\fp_usb\_ide\bitstream\mb_usb_hdmi_top.mmi' stored in project is removed.
18:31:04 INFO  : The updated bitstream files are copied from platform to folder 'C:\385_Vivado_Projects\Final_Project\ECE-385-Final-Project\final_project_vitis\fp_usb\_ide\bitstream' in project 'fp_usb'.
18:31:08 INFO  : Connected to target on host '127.0.0.1' and port '3121'.
18:31:08 INFO  : Jtag cable 'RealDigital Boo 8874292301F6A' is selected.
18:31:08 INFO  : 'jtag frequency' command is executed.
18:31:08 INFO  : 'targets -set -filter {jtag_cable_name =~ "RealDigital Boo 8874292301F6A" && level==0 && jtag_device_ctx=="jsn1-0362f093-0"}' command is executed.
18:31:10 INFO  : Device configured successfully with "C:/385_Vivado_Projects/Final_Project/ECE-385-Final-Project/final_project_vitis/fp_usb/_ide/bitstream/mb_usb_hdmi_top.bit"
18:31:10 INFO  : Context for processor 'microblaze_0' is selected.
18:31:10 INFO  : Hardware design and registers information is loaded from 'C:/385_Vivado_Projects/Final_Project/ECE-385-Final-Project/final_project_vitis/mb_usb_hdmi_top/export/mb_usb_hdmi_top/hw/mb_usb_hdmi_top.xsa'.
18:31:10 INFO  : 'configparams mdm-detect-bscan-mask 2' command is executed.
18:31:10 INFO  : Context for processor 'microblaze_0' is selected.
18:31:10 INFO  : System reset is completed.
18:31:13 INFO  : 'after 3000' command is executed.
18:31:13 INFO  : Context for processor 'microblaze_0' is selected.
18:31:13 INFO  : The application 'C:/385_Vivado_Projects/Final_Project/ECE-385-Final-Project/final_project_vitis/fp_usb/Debug/fp_usb.elf' is downloaded to processor 'microblaze_0'.
18:31:13 INFO  : ----------------XSDB Script----------------
connect -url tcp:127.0.0.1:3121
targets -set -filter {jtag_cable_name =~ "RealDigital Boo 8874292301F6A" && level==0 && jtag_device_ctx=="jsn1-0362f093-0"}
fpga -file C:/385_Vivado_Projects/Final_Project/ECE-385-Final-Project/final_project_vitis/fp_usb/_ide/bitstream/mb_usb_hdmi_top.bit
targets -set -nocase -filter {name =~ "*microblaze*#0" && bscan=="USER2" }
loadhw -hw C:/385_Vivado_Projects/Final_Project/ECE-385-Final-Project/final_project_vitis/mb_usb_hdmi_top/export/mb_usb_hdmi_top/hw/mb_usb_hdmi_top.xsa -regs
configparams mdm-detect-bscan-mask 2
targets -set -nocase -filter {name =~ "*microblaze*#0" && bscan=="USER2" }
rst -system
after 3000
targets -set -nocase -filter {name =~ "*microblaze*#0" && bscan=="USER2" }
dow C:/385_Vivado_Projects/Final_Project/ECE-385-Final-Project/final_project_vitis/fp_usb/Debug/fp_usb.elf
----------------End of Script----------------

18:31:13 INFO  : Context for processor 'microblaze_0' is selected.
18:31:13 INFO  : 'con' command is executed.
18:31:13 INFO  : ----------------XSDB Script (After Launch)----------------
targets -set -nocase -filter {name =~ "*microblaze*#0" && bscan=="USER2" }
con
----------------End of Script----------------

18:31:13 INFO  : Disconnected from the channel tcfchan#6.
16:54:03 DEBUG : Logs will be stored at 'C:/385_Vivado_Projects/Final_Project/ECE-385-Final-Project/final_project_vitis/IDE.log'.
16:54:05 INFO  : Launching XSCT server: xsct.bat -n  -interactive C:\385_Vivado_Projects\Final_Project\ECE-385-Final-Project\final_project_vitis\temp_xsdb_launch_script.tcl
16:54:07 INFO  : Platform repository initialization has completed.
16:54:10 INFO  : XSCT server has started successfully.
16:54:10 INFO  : Successfully done setting XSCT server connection channel  
16:54:10 INFO  : Registering command handlers for Vitis TCF services
16:54:16 INFO  : plnx-install-location is set to ''
16:54:16 INFO  : Successfully done setting workspace for the tool. 
16:54:16 INFO  : Successfully done query RDI_DATADIR 
16:59:58 INFO  : Hardware specification for platform project 'mb_usb_hdmi_top' is updated.
17:00:18 INFO  : Result from executing command 'getProjects': mb_usb_hdmi_top
17:00:18 INFO  : Result from executing command 'getPlatforms': mb_usb_hdmi_top|C:/385_Vivado_Projects/Final_Project/ECE-385-Final-Project/final_project_vitis/mb_usb_hdmi_top/export/mb_usb_hdmi_top/mb_usb_hdmi_top.xpfm
17:00:18 INFO  : Checking for BSP changes to sync application flags for project 'fp_usb'...
17:00:24 INFO  : The hardware specification used by project 'fp_usb' is out of sync with the platform. Resource files extracted from the hardware specification will be updated.
17:00:24 INFO  : The file 'C:\385_Vivado_Projects\Final_Project\ECE-385-Final-Project\final_project_vitis\fp_usb\_ide\bitstream\mb_usb_hdmi_top.bit' stored in project is removed.
17:00:24 INFO  : The file 'C:\385_Vivado_Projects\Final_Project\ECE-385-Final-Project\final_project_vitis\fp_usb\_ide\bitstream\mb_usb_hdmi_top.mmi' stored in project is removed.
17:00:24 INFO  : The updated bitstream files are copied from platform to folder 'C:\385_Vivado_Projects\Final_Project\ECE-385-Final-Project\final_project_vitis\fp_usb\_ide\bitstream' in project 'fp_usb'.
17:00:49 INFO  : Connected to target on host '127.0.0.1' and port '3121'.
17:00:49 INFO  : Jtag cable 'RealDigital Boo 8874292301F6A' is selected.
17:00:49 INFO  : 'jtag frequency' command is executed.
17:00:49 INFO  : 'targets -set -filter {jtag_cable_name =~ "RealDigital Boo 8874292301F6A" && level==0 && jtag_device_ctx=="jsn1-0362f093-0"}' command is executed.
17:00:51 INFO  : Device configured successfully with "C:/385_Vivado_Projects/Final_Project/ECE-385-Final-Project/final_project_vitis/fp_usb/_ide/bitstream/mb_usb_hdmi_top.bit"
17:00:51 INFO  : Context for processor 'microblaze_0' is selected.
17:00:51 INFO  : Hardware design and registers information is loaded from 'C:/385_Vivado_Projects/Final_Project/ECE-385-Final-Project/final_project_vitis/mb_usb_hdmi_top/export/mb_usb_hdmi_top/hw/mb_usb_hdmi_top.xsa'.
17:00:51 INFO  : 'configparams mdm-detect-bscan-mask 2' command is executed.
17:00:51 INFO  : Context for processor 'microblaze_0' is selected.
17:00:51 INFO  : System reset is completed.
17:00:54 INFO  : 'after 3000' command is executed.
17:00:54 INFO  : Context for processor 'microblaze_0' is selected.
17:00:54 INFO  : The application 'C:/385_Vivado_Projects/Final_Project/ECE-385-Final-Project/final_project_vitis/fp_usb/Debug/fp_usb.elf' is downloaded to processor 'microblaze_0'.
17:00:54 INFO  : ----------------XSDB Script----------------
connect -url tcp:127.0.0.1:3121
targets -set -filter {jtag_cable_name =~ "RealDigital Boo 8874292301F6A" && level==0 && jtag_device_ctx=="jsn1-0362f093-0"}
fpga -file C:/385_Vivado_Projects/Final_Project/ECE-385-Final-Project/final_project_vitis/fp_usb/_ide/bitstream/mb_usb_hdmi_top.bit
targets -set -nocase -filter {name =~ "*microblaze*#0" && bscan=="USER2" }
loadhw -hw C:/385_Vivado_Projects/Final_Project/ECE-385-Final-Project/final_project_vitis/mb_usb_hdmi_top/export/mb_usb_hdmi_top/hw/mb_usb_hdmi_top.xsa -regs
configparams mdm-detect-bscan-mask 2
targets -set -nocase -filter {name =~ "*microblaze*#0" && bscan=="USER2" }
rst -system
after 3000
targets -set -nocase -filter {name =~ "*microblaze*#0" && bscan=="USER2" }
dow C:/385_Vivado_Projects/Final_Project/ECE-385-Final-Project/final_project_vitis/fp_usb/Debug/fp_usb.elf
----------------End of Script----------------

17:00:54 INFO  : Context for processor 'microblaze_0' is selected.
17:00:54 INFO  : 'con' command is executed.
17:00:54 INFO  : ----------------XSDB Script (After Launch)----------------
targets -set -nocase -filter {name =~ "*microblaze*#0" && bscan=="USER2" }
con
----------------End of Script----------------

17:00:55 INFO  : Disconnected from the channel tcfchan#2.
17:08:49 INFO  : Hardware specification for platform project 'mb_usb_hdmi_top' is updated.
17:09:07 INFO  : Result from executing command 'getProjects': mb_usb_hdmi_top
17:09:07 INFO  : Result from executing command 'getPlatforms': mb_usb_hdmi_top|C:/385_Vivado_Projects/Final_Project/ECE-385-Final-Project/final_project_vitis/mb_usb_hdmi_top/export/mb_usb_hdmi_top/mb_usb_hdmi_top.xpfm
17:09:08 INFO  : Checking for BSP changes to sync application flags for project 'fp_usb'...
17:09:11 INFO  : The hardware specification used by project 'fp_usb' is out of sync with the platform. Resource files extracted from the hardware specification will be updated.
17:09:11 INFO  : The file 'C:\385_Vivado_Projects\Final_Project\ECE-385-Final-Project\final_project_vitis\fp_usb\_ide\bitstream\mb_usb_hdmi_top.bit' stored in project is removed.
17:09:11 INFO  : The file 'C:\385_Vivado_Projects\Final_Project\ECE-385-Final-Project\final_project_vitis\fp_usb\_ide\bitstream\mb_usb_hdmi_top.mmi' stored in project is removed.
17:09:11 INFO  : The updated bitstream files are copied from platform to folder 'C:\385_Vivado_Projects\Final_Project\ECE-385-Final-Project\final_project_vitis\fp_usb\_ide\bitstream' in project 'fp_usb'.
17:09:14 INFO  : Connected to target on host '127.0.0.1' and port '3121'.
17:09:15 INFO  : Jtag cable 'RealDigital Boo 8874292301F6A' is selected.
17:09:15 INFO  : 'jtag frequency' command is executed.
17:09:15 INFO  : 'targets -set -filter {jtag_cable_name =~ "RealDigital Boo 8874292301F6A" && level==0 && jtag_device_ctx=="jsn1-0362f093-0"}' command is executed.
17:09:16 INFO  : Device configured successfully with "C:/385_Vivado_Projects/Final_Project/ECE-385-Final-Project/final_project_vitis/fp_usb/_ide/bitstream/mb_usb_hdmi_top.bit"
17:09:16 INFO  : Context for processor 'microblaze_0' is selected.
17:09:16 INFO  : Hardware design and registers information is loaded from 'C:/385_Vivado_Projects/Final_Project/ECE-385-Final-Project/final_project_vitis/mb_usb_hdmi_top/export/mb_usb_hdmi_top/hw/mb_usb_hdmi_top.xsa'.
17:09:16 INFO  : 'configparams mdm-detect-bscan-mask 2' command is executed.
17:09:16 INFO  : Context for processor 'microblaze_0' is selected.
17:09:16 INFO  : System reset is completed.
17:09:19 INFO  : 'after 3000' command is executed.
17:09:20 INFO  : Context for processor 'microblaze_0' is selected.
17:09:20 INFO  : The application 'C:/385_Vivado_Projects/Final_Project/ECE-385-Final-Project/final_project_vitis/fp_usb/Debug/fp_usb.elf' is downloaded to processor 'microblaze_0'.
17:09:20 INFO  : ----------------XSDB Script----------------
connect -url tcp:127.0.0.1:3121
targets -set -filter {jtag_cable_name =~ "RealDigital Boo 8874292301F6A" && level==0 && jtag_device_ctx=="jsn1-0362f093-0"}
fpga -file C:/385_Vivado_Projects/Final_Project/ECE-385-Final-Project/final_project_vitis/fp_usb/_ide/bitstream/mb_usb_hdmi_top.bit
targets -set -nocase -filter {name =~ "*microblaze*#0" && bscan=="USER2" }
loadhw -hw C:/385_Vivado_Projects/Final_Project/ECE-385-Final-Project/final_project_vitis/mb_usb_hdmi_top/export/mb_usb_hdmi_top/hw/mb_usb_hdmi_top.xsa -regs
configparams mdm-detect-bscan-mask 2
targets -set -nocase -filter {name =~ "*microblaze*#0" && bscan=="USER2" }
rst -system
after 3000
targets -set -nocase -filter {name =~ "*microblaze*#0" && bscan=="USER2" }
dow C:/385_Vivado_Projects/Final_Project/ECE-385-Final-Project/final_project_vitis/fp_usb/Debug/fp_usb.elf
----------------End of Script----------------

17:09:20 INFO  : Context for processor 'microblaze_0' is selected.
17:09:20 INFO  : 'con' command is executed.
17:09:20 INFO  : ----------------XSDB Script (After Launch)----------------
targets -set -nocase -filter {name =~ "*microblaze*#0" && bscan=="USER2" }
con
----------------End of Script----------------

17:09:20 INFO  : Disconnected from the channel tcfchan#4.
17:19:41 INFO  : Hardware specification for platform project 'mb_usb_hdmi_top' is updated.
17:19:56 INFO  : Result from executing command 'getProjects': mb_usb_hdmi_top
17:19:56 INFO  : Result from executing command 'getPlatforms': mb_usb_hdmi_top|C:/385_Vivado_Projects/Final_Project/ECE-385-Final-Project/final_project_vitis/mb_usb_hdmi_top/export/mb_usb_hdmi_top/mb_usb_hdmi_top.xpfm
17:19:56 INFO  : Checking for BSP changes to sync application flags for project 'fp_usb'...
17:19:58 INFO  : The hardware specification used by project 'fp_usb' is out of sync with the platform. Resource files extracted from the hardware specification will be updated.
17:19:58 INFO  : The file 'C:\385_Vivado_Projects\Final_Project\ECE-385-Final-Project\final_project_vitis\fp_usb\_ide\bitstream\mb_usb_hdmi_top.bit' stored in project is removed.
17:19:58 INFO  : The file 'C:\385_Vivado_Projects\Final_Project\ECE-385-Final-Project\final_project_vitis\fp_usb\_ide\bitstream\mb_usb_hdmi_top.mmi' stored in project is removed.
17:19:58 INFO  : The updated bitstream files are copied from platform to folder 'C:\385_Vivado_Projects\Final_Project\ECE-385-Final-Project\final_project_vitis\fp_usb\_ide\bitstream' in project 'fp_usb'.
17:20:05 INFO  : Connected to target on host '127.0.0.1' and port '3121'.
17:20:06 INFO  : Jtag cable 'RealDigital Boo 8874292301F6A' is selected.
17:20:06 INFO  : 'jtag frequency' command is executed.
17:20:06 INFO  : 'targets -set -filter {jtag_cable_name =~ "RealDigital Boo 8874292301F6A" && level==0 && jtag_device_ctx=="jsn1-0362f093-0"}' command is executed.
17:20:07 INFO  : Device configured successfully with "C:/385_Vivado_Projects/Final_Project/ECE-385-Final-Project/final_project_vitis/fp_usb/_ide/bitstream/mb_usb_hdmi_top.bit"
17:20:07 INFO  : Context for processor 'microblaze_0' is selected.
17:20:07 INFO  : Hardware design and registers information is loaded from 'C:/385_Vivado_Projects/Final_Project/ECE-385-Final-Project/final_project_vitis/mb_usb_hdmi_top/export/mb_usb_hdmi_top/hw/mb_usb_hdmi_top.xsa'.
17:20:07 INFO  : 'configparams mdm-detect-bscan-mask 2' command is executed.
17:20:07 INFO  : Context for processor 'microblaze_0' is selected.
17:20:07 INFO  : System reset is completed.
17:20:10 INFO  : 'after 3000' command is executed.
17:20:10 INFO  : Context for processor 'microblaze_0' is selected.
17:20:10 INFO  : The application 'C:/385_Vivado_Projects/Final_Project/ECE-385-Final-Project/final_project_vitis/fp_usb/Debug/fp_usb.elf' is downloaded to processor 'microblaze_0'.
17:20:10 INFO  : ----------------XSDB Script----------------
connect -url tcp:127.0.0.1:3121
targets -set -filter {jtag_cable_name =~ "RealDigital Boo 8874292301F6A" && level==0 && jtag_device_ctx=="jsn1-0362f093-0"}
fpga -file C:/385_Vivado_Projects/Final_Project/ECE-385-Final-Project/final_project_vitis/fp_usb/_ide/bitstream/mb_usb_hdmi_top.bit
targets -set -nocase -filter {name =~ "*microblaze*#0" && bscan=="USER2" }
loadhw -hw C:/385_Vivado_Projects/Final_Project/ECE-385-Final-Project/final_project_vitis/mb_usb_hdmi_top/export/mb_usb_hdmi_top/hw/mb_usb_hdmi_top.xsa -regs
configparams mdm-detect-bscan-mask 2
targets -set -nocase -filter {name =~ "*microblaze*#0" && bscan=="USER2" }
rst -system
after 3000
targets -set -nocase -filter {name =~ "*microblaze*#0" && bscan=="USER2" }
dow C:/385_Vivado_Projects/Final_Project/ECE-385-Final-Project/final_project_vitis/fp_usb/Debug/fp_usb.elf
----------------End of Script----------------

17:20:11 INFO  : Context for processor 'microblaze_0' is selected.
17:20:11 INFO  : 'con' command is executed.
17:20:11 INFO  : ----------------XSDB Script (After Launch)----------------
targets -set -nocase -filter {name =~ "*microblaze*#0" && bscan=="USER2" }
con
----------------End of Script----------------

17:20:11 INFO  : Disconnected from the channel tcfchan#6.
23:09:15 DEBUG : Logs will be stored at 'C:/385_Vivado_Projects/Final_Project/ECE-385-Final-Project/final_project_vitis/IDE.log'.
23:09:16 INFO  : Launching XSCT server: xsct.bat -n  -interactive C:\385_Vivado_Projects\Final_Project\ECE-385-Final-Project\final_project_vitis\temp_xsdb_launch_script.tcl
23:09:18 INFO  : Platform repository initialization has completed.
23:09:20 INFO  : Registering command handlers for Vitis TCF services
23:09:20 INFO  : XSCT server has started successfully.
23:09:20 INFO  : plnx-install-location is set to ''
23:09:24 INFO  : Successfully done setting XSCT server connection channel  
23:09:24 INFO  : Successfully done query RDI_DATADIR 
23:09:24 INFO  : Successfully done setting workspace for the tool. 
23:14:55 INFO  : Hardware specification for platform project 'mb_usb_hdmi_top' is updated.
23:15:09 INFO  : Result from executing command 'getProjects': mb_usb_hdmi_top
23:15:09 INFO  : Result from executing command 'getPlatforms': mb_usb_hdmi_top|C:/385_Vivado_Projects/Final_Project/ECE-385-Final-Project/final_project_vitis/mb_usb_hdmi_top/export/mb_usb_hdmi_top/mb_usb_hdmi_top.xpfm
23:15:10 INFO  : Checking for BSP changes to sync application flags for project 'fp_usb'...
23:15:12 INFO  : The hardware specification used by project 'fp_usb' is out of sync with the platform. Resource files extracted from the hardware specification will be updated.
23:15:12 INFO  : The file 'C:\385_Vivado_Projects\Final_Project\ECE-385-Final-Project\final_project_vitis\fp_usb\_ide\bitstream\mb_usb_hdmi_top.bit' stored in project is removed.
23:15:12 INFO  : The file 'C:\385_Vivado_Projects\Final_Project\ECE-385-Final-Project\final_project_vitis\fp_usb\_ide\bitstream\mb_usb_hdmi_top.mmi' stored in project is removed.
23:15:12 INFO  : The updated bitstream files are copied from platform to folder 'C:\385_Vivado_Projects\Final_Project\ECE-385-Final-Project\final_project_vitis\fp_usb\_ide\bitstream' in project 'fp_usb'.
23:15:17 INFO  : Connected to target on host '127.0.0.1' and port '3121'.
23:15:19 INFO  : Jtag cable 'RealDigital Boo 8874292301F6A' is selected.
23:15:19 INFO  : 'jtag frequency' command is executed.
23:15:19 INFO  : 'targets -set -filter {jtag_cable_name =~ "RealDigital Boo 8874292301F6A" && level==0 && jtag_device_ctx=="jsn1-0362f093-0"}' command is executed.
23:15:21 INFO  : Device configured successfully with "C:/385_Vivado_Projects/Final_Project/ECE-385-Final-Project/final_project_vitis/fp_usb/_ide/bitstream/mb_usb_hdmi_top.bit"
23:15:21 INFO  : Context for processor 'microblaze_0' is selected.
23:15:21 INFO  : Hardware design and registers information is loaded from 'C:/385_Vivado_Projects/Final_Project/ECE-385-Final-Project/final_project_vitis/mb_usb_hdmi_top/export/mb_usb_hdmi_top/hw/mb_usb_hdmi_top.xsa'.
23:15:21 INFO  : 'configparams mdm-detect-bscan-mask 2' command is executed.
23:15:21 INFO  : Context for processor 'microblaze_0' is selected.
23:15:21 INFO  : System reset is completed.
23:15:24 INFO  : 'after 3000' command is executed.
23:15:24 INFO  : Context for processor 'microblaze_0' is selected.
23:15:24 INFO  : The application 'C:/385_Vivado_Projects/Final_Project/ECE-385-Final-Project/final_project_vitis/fp_usb/Debug/fp_usb.elf' is downloaded to processor 'microblaze_0'.
23:15:24 INFO  : ----------------XSDB Script----------------
connect -url tcp:127.0.0.1:3121
targets -set -filter {jtag_cable_name =~ "RealDigital Boo 8874292301F6A" && level==0 && jtag_device_ctx=="jsn1-0362f093-0"}
fpga -file C:/385_Vivado_Projects/Final_Project/ECE-385-Final-Project/final_project_vitis/fp_usb/_ide/bitstream/mb_usb_hdmi_top.bit
targets -set -nocase -filter {name =~ "*microblaze*#0" && bscan=="USER2" }
loadhw -hw C:/385_Vivado_Projects/Final_Project/ECE-385-Final-Project/final_project_vitis/mb_usb_hdmi_top/export/mb_usb_hdmi_top/hw/mb_usb_hdmi_top.xsa -regs
configparams mdm-detect-bscan-mask 2
targets -set -nocase -filter {name =~ "*microblaze*#0" && bscan=="USER2" }
rst -system
after 3000
targets -set -nocase -filter {name =~ "*microblaze*#0" && bscan=="USER2" }
dow C:/385_Vivado_Projects/Final_Project/ECE-385-Final-Project/final_project_vitis/fp_usb/Debug/fp_usb.elf
----------------End of Script----------------

23:15:24 INFO  : Context for processor 'microblaze_0' is selected.
23:15:24 INFO  : 'con' command is executed.
23:15:24 INFO  : ----------------XSDB Script (After Launch)----------------
targets -set -nocase -filter {name =~ "*microblaze*#0" && bscan=="USER2" }
con
----------------End of Script----------------

23:15:24 INFO  : Disconnected from the channel tcfchan#2.
23:25:05 INFO  : Hardware specification for platform project 'mb_usb_hdmi_top' is updated.
23:25:16 INFO  : Result from executing command 'getProjects': mb_usb_hdmi_top
23:25:16 INFO  : Result from executing command 'getPlatforms': mb_usb_hdmi_top|C:/385_Vivado_Projects/Final_Project/ECE-385-Final-Project/final_project_vitis/mb_usb_hdmi_top/export/mb_usb_hdmi_top/mb_usb_hdmi_top.xpfm
23:25:16 INFO  : Checking for BSP changes to sync application flags for project 'fp_usb'...
23:25:18 INFO  : The hardware specification used by project 'fp_usb' is out of sync with the platform. Resource files extracted from the hardware specification will be updated.
23:25:18 INFO  : The file 'C:\385_Vivado_Projects\Final_Project\ECE-385-Final-Project\final_project_vitis\fp_usb\_ide\bitstream\mb_usb_hdmi_top.bit' stored in project is removed.
23:25:18 INFO  : The file 'C:\385_Vivado_Projects\Final_Project\ECE-385-Final-Project\final_project_vitis\fp_usb\_ide\bitstream\mb_usb_hdmi_top.mmi' stored in project is removed.
23:25:18 INFO  : The updated bitstream files are copied from platform to folder 'C:\385_Vivado_Projects\Final_Project\ECE-385-Final-Project\final_project_vitis\fp_usb\_ide\bitstream' in project 'fp_usb'.
23:25:41 INFO  : Connected to target on host '127.0.0.1' and port '3121'.
23:25:41 INFO  : Jtag cable 'RealDigital Boo 8874292301F6A' is selected.
23:25:41 INFO  : 'jtag frequency' command is executed.
23:25:41 INFO  : 'targets -set -filter {jtag_cable_name =~ "RealDigital Boo 8874292301F6A" && level==0 && jtag_device_ctx=="jsn1-0362f093-0"}' command is executed.
23:25:42 INFO  : Device configured successfully with "C:/385_Vivado_Projects/Final_Project/ECE-385-Final-Project/final_project_vitis/fp_usb/_ide/bitstream/mb_usb_hdmi_top.bit"
23:25:42 INFO  : Context for processor 'microblaze_0' is selected.
23:25:42 INFO  : Hardware design and registers information is loaded from 'C:/385_Vivado_Projects/Final_Project/ECE-385-Final-Project/final_project_vitis/mb_usb_hdmi_top/export/mb_usb_hdmi_top/hw/mb_usb_hdmi_top.xsa'.
23:25:42 INFO  : 'configparams mdm-detect-bscan-mask 2' command is executed.
23:25:42 INFO  : Context for processor 'microblaze_0' is selected.
23:25:42 INFO  : System reset is completed.
23:25:45 INFO  : 'after 3000' command is executed.
23:25:45 INFO  : Context for processor 'microblaze_0' is selected.
23:25:46 INFO  : The application 'C:/385_Vivado_Projects/Final_Project/ECE-385-Final-Project/final_project_vitis/fp_usb/Debug/fp_usb.elf' is downloaded to processor 'microblaze_0'.
23:25:46 INFO  : ----------------XSDB Script----------------
connect -url tcp:127.0.0.1:3121
targets -set -filter {jtag_cable_name =~ "RealDigital Boo 8874292301F6A" && level==0 && jtag_device_ctx=="jsn1-0362f093-0"}
fpga -file C:/385_Vivado_Projects/Final_Project/ECE-385-Final-Project/final_project_vitis/fp_usb/_ide/bitstream/mb_usb_hdmi_top.bit
targets -set -nocase -filter {name =~ "*microblaze*#0" && bscan=="USER2" }
loadhw -hw C:/385_Vivado_Projects/Final_Project/ECE-385-Final-Project/final_project_vitis/mb_usb_hdmi_top/export/mb_usb_hdmi_top/hw/mb_usb_hdmi_top.xsa -regs
configparams mdm-detect-bscan-mask 2
targets -set -nocase -filter {name =~ "*microblaze*#0" && bscan=="USER2" }
rst -system
after 3000
targets -set -nocase -filter {name =~ "*microblaze*#0" && bscan=="USER2" }
dow C:/385_Vivado_Projects/Final_Project/ECE-385-Final-Project/final_project_vitis/fp_usb/Debug/fp_usb.elf
----------------End of Script----------------

23:25:46 INFO  : Context for processor 'microblaze_0' is selected.
23:25:46 INFO  : 'con' command is executed.
23:25:46 INFO  : ----------------XSDB Script (After Launch)----------------
targets -set -nocase -filter {name =~ "*microblaze*#0" && bscan=="USER2" }
con
----------------End of Script----------------

23:25:46 INFO  : Disconnected from the channel tcfchan#4.
23:37:39 INFO  : Hardware specification for platform project 'mb_usb_hdmi_top' is updated.
23:37:50 INFO  : Result from executing command 'getProjects': mb_usb_hdmi_top
23:37:50 INFO  : Result from executing command 'getPlatforms': mb_usb_hdmi_top|C:/385_Vivado_Projects/Final_Project/ECE-385-Final-Project/final_project_vitis/mb_usb_hdmi_top/export/mb_usb_hdmi_top/mb_usb_hdmi_top.xpfm
23:37:50 INFO  : Checking for BSP changes to sync application flags for project 'fp_usb'...
23:37:52 INFO  : The hardware specification used by project 'fp_usb' is out of sync with the platform. Resource files extracted from the hardware specification will be updated.
23:37:52 INFO  : The file 'C:\385_Vivado_Projects\Final_Project\ECE-385-Final-Project\final_project_vitis\fp_usb\_ide\bitstream\mb_usb_hdmi_top.bit' stored in project is removed.
23:37:52 INFO  : The file 'C:\385_Vivado_Projects\Final_Project\ECE-385-Final-Project\final_project_vitis\fp_usb\_ide\bitstream\mb_usb_hdmi_top.mmi' stored in project is removed.
23:37:52 INFO  : The updated bitstream files are copied from platform to folder 'C:\385_Vivado_Projects\Final_Project\ECE-385-Final-Project\final_project_vitis\fp_usb\_ide\bitstream' in project 'fp_usb'.
23:37:55 INFO  : Connected to target on host '127.0.0.1' and port '3121'.
23:37:56 INFO  : Jtag cable 'RealDigital Boo 8874292301F6A' is selected.
23:37:56 INFO  : 'jtag frequency' command is executed.
23:37:56 INFO  : 'targets -set -filter {jtag_cable_name =~ "RealDigital Boo 8874292301F6A" && level==0 && jtag_device_ctx=="jsn1-0362f093-0"}' command is executed.
23:37:57 INFO  : Device configured successfully with "C:/385_Vivado_Projects/Final_Project/ECE-385-Final-Project/final_project_vitis/fp_usb/_ide/bitstream/mb_usb_hdmi_top.bit"
23:37:57 INFO  : Context for processor 'microblaze_0' is selected.
23:37:57 INFO  : Hardware design and registers information is loaded from 'C:/385_Vivado_Projects/Final_Project/ECE-385-Final-Project/final_project_vitis/mb_usb_hdmi_top/export/mb_usb_hdmi_top/hw/mb_usb_hdmi_top.xsa'.
23:37:57 INFO  : 'configparams mdm-detect-bscan-mask 2' command is executed.
23:37:57 INFO  : Context for processor 'microblaze_0' is selected.
23:37:57 INFO  : System reset is completed.
23:38:00 INFO  : 'after 3000' command is executed.
23:38:00 INFO  : Context for processor 'microblaze_0' is selected.
23:38:00 INFO  : The application 'C:/385_Vivado_Projects/Final_Project/ECE-385-Final-Project/final_project_vitis/fp_usb/Debug/fp_usb.elf' is downloaded to processor 'microblaze_0'.
23:38:00 INFO  : ----------------XSDB Script----------------
connect -url tcp:127.0.0.1:3121
targets -set -filter {jtag_cable_name =~ "RealDigital Boo 8874292301F6A" && level==0 && jtag_device_ctx=="jsn1-0362f093-0"}
fpga -file C:/385_Vivado_Projects/Final_Project/ECE-385-Final-Project/final_project_vitis/fp_usb/_ide/bitstream/mb_usb_hdmi_top.bit
targets -set -nocase -filter {name =~ "*microblaze*#0" && bscan=="USER2" }
loadhw -hw C:/385_Vivado_Projects/Final_Project/ECE-385-Final-Project/final_project_vitis/mb_usb_hdmi_top/export/mb_usb_hdmi_top/hw/mb_usb_hdmi_top.xsa -regs
configparams mdm-detect-bscan-mask 2
targets -set -nocase -filter {name =~ "*microblaze*#0" && bscan=="USER2" }
rst -system
after 3000
targets -set -nocase -filter {name =~ "*microblaze*#0" && bscan=="USER2" }
dow C:/385_Vivado_Projects/Final_Project/ECE-385-Final-Project/final_project_vitis/fp_usb/Debug/fp_usb.elf
----------------End of Script----------------

23:38:00 INFO  : Context for processor 'microblaze_0' is selected.
23:38:01 INFO  : 'con' command is executed.
23:38:01 INFO  : ----------------XSDB Script (After Launch)----------------
targets -set -nocase -filter {name =~ "*microblaze*#0" && bscan=="USER2" }
con
----------------End of Script----------------

23:38:01 INFO  : Disconnected from the channel tcfchan#6.
23:43:38 INFO  : Hardware specification for platform project 'mb_usb_hdmi_top' is updated.
23:43:51 INFO  : Result from executing command 'getProjects': mb_usb_hdmi_top
23:43:51 INFO  : Result from executing command 'getPlatforms': mb_usb_hdmi_top|C:/385_Vivado_Projects/Final_Project/ECE-385-Final-Project/final_project_vitis/mb_usb_hdmi_top/export/mb_usb_hdmi_top/mb_usb_hdmi_top.xpfm
23:43:51 INFO  : Checking for BSP changes to sync application flags for project 'fp_usb'...
23:43:53 INFO  : The hardware specification used by project 'fp_usb' is out of sync with the platform. Resource files extracted from the hardware specification will be updated.
23:43:53 INFO  : The file 'C:\385_Vivado_Projects\Final_Project\ECE-385-Final-Project\final_project_vitis\fp_usb\_ide\bitstream\mb_usb_hdmi_top.bit' stored in project is removed.
23:43:53 INFO  : The file 'C:\385_Vivado_Projects\Final_Project\ECE-385-Final-Project\final_project_vitis\fp_usb\_ide\bitstream\mb_usb_hdmi_top.mmi' stored in project is removed.
23:43:53 INFO  : The updated bitstream files are copied from platform to folder 'C:\385_Vivado_Projects\Final_Project\ECE-385-Final-Project\final_project_vitis\fp_usb\_ide\bitstream' in project 'fp_usb'.
23:44:29 INFO  : Connected to target on host '127.0.0.1' and port '3121'.
23:44:30 INFO  : Jtag cable 'RealDigital Boo 8874292301F6A' is selected.
23:44:30 INFO  : 'jtag frequency' command is executed.
23:44:30 INFO  : 'targets -set -filter {jtag_cable_name =~ "RealDigital Boo 8874292301F6A" && level==0 && jtag_device_ctx=="jsn1-0362f093-0"}' command is executed.
23:44:31 INFO  : Device configured successfully with "C:/385_Vivado_Projects/Final_Project/ECE-385-Final-Project/final_project_vitis/fp_usb/_ide/bitstream/mb_usb_hdmi_top.bit"
23:44:31 INFO  : Context for processor 'microblaze_0' is selected.
23:44:31 INFO  : Hardware design and registers information is loaded from 'C:/385_Vivado_Projects/Final_Project/ECE-385-Final-Project/final_project_vitis/mb_usb_hdmi_top/export/mb_usb_hdmi_top/hw/mb_usb_hdmi_top.xsa'.
23:44:31 INFO  : 'configparams mdm-detect-bscan-mask 2' command is executed.
23:44:31 INFO  : Context for processor 'microblaze_0' is selected.
23:44:31 INFO  : System reset is completed.
23:44:34 INFO  : 'after 3000' command is executed.
23:44:35 INFO  : Context for processor 'microblaze_0' is selected.
23:44:35 INFO  : The application 'C:/385_Vivado_Projects/Final_Project/ECE-385-Final-Project/final_project_vitis/fp_usb/Debug/fp_usb.elf' is downloaded to processor 'microblaze_0'.
23:44:35 INFO  : ----------------XSDB Script----------------
connect -url tcp:127.0.0.1:3121
targets -set -filter {jtag_cable_name =~ "RealDigital Boo 8874292301F6A" && level==0 && jtag_device_ctx=="jsn1-0362f093-0"}
fpga -file C:/385_Vivado_Projects/Final_Project/ECE-385-Final-Project/final_project_vitis/fp_usb/_ide/bitstream/mb_usb_hdmi_top.bit
targets -set -nocase -filter {name =~ "*microblaze*#0" && bscan=="USER2" }
loadhw -hw C:/385_Vivado_Projects/Final_Project/ECE-385-Final-Project/final_project_vitis/mb_usb_hdmi_top/export/mb_usb_hdmi_top/hw/mb_usb_hdmi_top.xsa -regs
configparams mdm-detect-bscan-mask 2
targets -set -nocase -filter {name =~ "*microblaze*#0" && bscan=="USER2" }
rst -system
after 3000
targets -set -nocase -filter {name =~ "*microblaze*#0" && bscan=="USER2" }
dow C:/385_Vivado_Projects/Final_Project/ECE-385-Final-Project/final_project_vitis/fp_usb/Debug/fp_usb.elf
----------------End of Script----------------

23:44:35 INFO  : Context for processor 'microblaze_0' is selected.
23:44:35 INFO  : 'con' command is executed.
23:44:35 INFO  : ----------------XSDB Script (After Launch)----------------
targets -set -nocase -filter {name =~ "*microblaze*#0" && bscan=="USER2" }
con
----------------End of Script----------------

23:44:35 INFO  : Disconnected from the channel tcfchan#8.
23:44:40 INFO  : Connected to target on host '127.0.0.1' and port '3121'.
23:44:40 INFO  : Jtag cable 'RealDigital Boo 8874292301F6A' is selected.
23:44:40 INFO  : 'jtag frequency' command is executed.
23:44:43 ERROR : no targets found with "jtag_cable_name =~ "RealDigital Boo 8874292301F6A" && level==0 && jtag_device_ctx=="jsn1-0362f093-0"". available targets:
  1  xc7s50
     2  MicroBlaze Debug Module at USER2
        3  MicroBlaze #0 (Running)
23:44:43 ERROR : Exception occured while running Program Device.
java.lang.RuntimeException: no targets found with "jtag_cable_name =~ "RealDigital Boo 8874292301F6A" && level==0 && jtag_device_ctx=="jsn1-0362f093-0"". available targets:
  1  xc7s50
     2  MicroBlaze Debug Module at USER2
        3  MicroBlaze #0 (Running)
23:44:43 INFO  : ----------------XSDB Script----------------
connect -url tcp:127.0.0.1:3121
----------------End of Script----------------

23:44:43 ERROR : no targets found with "jtag_cable_name =~ "RealDigital Boo 8874292301F6A" && level==0 && jtag_device_ctx=="jsn1-0362f093-0"". available targets:
  1  xc7s50
     2  MicroBlaze Debug Module at USER2
        3  MicroBlaze #0 (Running)
23:44:53 INFO  : Checking for BSP changes to sync application flags for project 'fp_usb'...
23:44:57 INFO  : Connected to target on host '127.0.0.1' and port '3121'.
23:44:57 INFO  : Jtag cable 'RealDigital Boo 8874292301F6A' is selected.
23:44:57 INFO  : 'jtag frequency' command is executed.
23:45:01 ERROR : no targets found with "jtag_cable_name =~ "RealDigital Boo 8874292301F6A" && level==0 && jtag_device_ctx=="jsn1-0362f093-0"". available targets:
  1  xc7s50
23:45:01 ERROR : Exception occured while running Program Device.
java.lang.RuntimeException: no targets found with "jtag_cable_name =~ "RealDigital Boo 8874292301F6A" && level==0 && jtag_device_ctx=="jsn1-0362f093-0"". available targets:
  1  xc7s50
23:45:01 INFO  : ----------------XSDB Script----------------
connect -url tcp:127.0.0.1:3121
----------------End of Script----------------

23:45:01 ERROR : no targets found with "jtag_cable_name =~ "RealDigital Boo 8874292301F6A" && level==0 && jtag_device_ctx=="jsn1-0362f093-0"". available targets:
  1  xc7s50
23:45:10 INFO  : Checking for BSP changes to sync application flags for project 'fp_usb'...
23:45:21 INFO  : Connected to target on host '127.0.0.1' and port '3121'.
23:45:21 INFO  : Jtag cable 'RealDigital Boo 8874292301F6A' is selected.
23:45:21 INFO  : 'jtag frequency' command is executed.
23:45:24 ERROR : no targets found with "jtag_cable_name =~ "RealDigital Boo 8874292301F6A" && level==0 && jtag_device_ctx=="jsn1-0362f093-0"". available targets:
  1  xc7s50
23:45:24 ERROR : Exception occured while running Program Device.
java.lang.RuntimeException: no targets found with "jtag_cable_name =~ "RealDigital Boo 8874292301F6A" && level==0 && jtag_device_ctx=="jsn1-0362f093-0"". available targets:
  1  xc7s50
23:45:24 INFO  : ----------------XSDB Script----------------
connect -url tcp:127.0.0.1:3121
----------------End of Script----------------

23:45:24 ERROR : no targets found with "jtag_cable_name =~ "RealDigital Boo 8874292301F6A" && level==0 && jtag_device_ctx=="jsn1-0362f093-0"". available targets:
  1  xc7s50
23:46:08 DEBUG : Logs will be stored at 'C:/385_Vivado_Projects/Final_Project/ECE-385-Final-Project/final_project_vitis/IDE.log'.
23:46:09 INFO  : Launching XSCT server: xsct.bat -n  -interactive C:\385_Vivado_Projects\Final_Project\ECE-385-Final-Project\final_project_vitis\temp_xsdb_launch_script.tcl
23:46:11 INFO  : Platform repository initialization has completed.
23:46:13 INFO  : XSCT server has started successfully.
23:46:13 INFO  : plnx-install-location is set to ''
23:46:13 INFO  : Successfully done setting XSCT server connection channel  
23:46:13 INFO  : Successfully done setting workspace for the tool. 
23:46:14 INFO  : Successfully done query RDI_DATADIR 
23:46:14 INFO  : Registering command handlers for Vitis TCF services
23:46:25 INFO  : Checking for BSP changes to sync application flags for project 'fp_usb'...
23:46:35 INFO  : Connected to target on host '127.0.0.1' and port '3121'.
23:46:35 INFO  : Jtag cable 'RealDigital Boo 8874292301F6A' is selected.
23:46:35 INFO  : 'jtag frequency' command is executed.
23:46:35 INFO  : 'targets -set -filter {jtag_cable_name =~ "RealDigital Boo 8874292301F6A" && level==0 && jtag_device_ctx=="jsn1-0362f093-0"}' command is executed.
23:46:37 INFO  : Device configured successfully with "C:/385_Vivado_Projects/Final_Project/ECE-385-Final-Project/final_project_vitis/fp_usb/_ide/bitstream/mb_usb_hdmi_top.bit"
23:46:37 INFO  : Context for processor 'microblaze_0' is selected.
23:46:37 INFO  : Hardware design and registers information is loaded from 'C:/385_Vivado_Projects/Final_Project/ECE-385-Final-Project/final_project_vitis/mb_usb_hdmi_top/export/mb_usb_hdmi_top/hw/mb_usb_hdmi_top.xsa'.
23:46:37 INFO  : 'configparams mdm-detect-bscan-mask 2' command is executed.
23:46:37 INFO  : Context for processor 'microblaze_0' is selected.
23:46:37 INFO  : System reset is completed.
23:46:40 INFO  : 'after 3000' command is executed.
23:46:40 INFO  : Context for processor 'microblaze_0' is selected.
23:46:40 INFO  : The application 'C:/385_Vivado_Projects/Final_Project/ECE-385-Final-Project/final_project_vitis/fp_usb/Debug/fp_usb.elf' is downloaded to processor 'microblaze_0'.
23:46:40 INFO  : ----------------XSDB Script----------------
connect -url tcp:127.0.0.1:3121
targets -set -filter {jtag_cable_name =~ "RealDigital Boo 8874292301F6A" && level==0 && jtag_device_ctx=="jsn1-0362f093-0"}
fpga -file C:/385_Vivado_Projects/Final_Project/ECE-385-Final-Project/final_project_vitis/fp_usb/_ide/bitstream/mb_usb_hdmi_top.bit
targets -set -nocase -filter {name =~ "*microblaze*#0" && bscan=="USER2" }
loadhw -hw C:/385_Vivado_Projects/Final_Project/ECE-385-Final-Project/final_project_vitis/mb_usb_hdmi_top/export/mb_usb_hdmi_top/hw/mb_usb_hdmi_top.xsa -regs
configparams mdm-detect-bscan-mask 2
targets -set -nocase -filter {name =~ "*microblaze*#0" && bscan=="USER2" }
rst -system
after 3000
targets -set -nocase -filter {name =~ "*microblaze*#0" && bscan=="USER2" }
dow C:/385_Vivado_Projects/Final_Project/ECE-385-Final-Project/final_project_vitis/fp_usb/Debug/fp_usb.elf
----------------End of Script----------------

23:46:40 INFO  : Context for processor 'microblaze_0' is selected.
23:46:40 INFO  : 'con' command is executed.
23:46:40 INFO  : ----------------XSDB Script (After Launch)----------------
targets -set -nocase -filter {name =~ "*microblaze*#0" && bscan=="USER2" }
con
----------------End of Script----------------

23:46:40 INFO  : Disconnected from the channel tcfchan#1.
23:57:29 INFO  : Hardware specification for platform project 'mb_usb_hdmi_top' is updated.
23:57:43 INFO  : Result from executing command 'getProjects': mb_usb_hdmi_top
23:57:43 INFO  : Result from executing command 'getPlatforms': mb_usb_hdmi_top|C:/385_Vivado_Projects/Final_Project/ECE-385-Final-Project/final_project_vitis/mb_usb_hdmi_top/export/mb_usb_hdmi_top/mb_usb_hdmi_top.xpfm
23:57:43 INFO  : Checking for BSP changes to sync application flags for project 'fp_usb'...
23:57:43 WARN  : Failed to closehw "C:/385_Vivado_Projects/Final_Project/ECE-385-Final-Project/final_project_vitis/mb_usb_hdmi_top/export/mb_usb_hdmi_top/hw/mb_usb_hdmi_top.xsa"
Reason: Cannot close hw design 'C:/385_Vivado_Projects/Final_Project/ECE-385-Final-Project/final_project_vitis/mb_usb_hdmi_top/export/mb_usb_hdmi_top/hw/mb_usb_hdmi_top.xsa'.
Design is not opened in the current session.

23:57:46 INFO  : The hardware specification used by project 'fp_usb' is out of sync with the platform. Resource files extracted from the hardware specification will be updated.
23:57:46 INFO  : The file 'C:\385_Vivado_Projects\Final_Project\ECE-385-Final-Project\final_project_vitis\fp_usb\_ide\bitstream\mb_usb_hdmi_top.bit' stored in project is removed.
23:57:46 INFO  : The file 'C:\385_Vivado_Projects\Final_Project\ECE-385-Final-Project\final_project_vitis\fp_usb\_ide\bitstream\mb_usb_hdmi_top.mmi' stored in project is removed.
23:57:46 INFO  : The updated bitstream files are copied from platform to folder 'C:\385_Vivado_Projects\Final_Project\ECE-385-Final-Project\final_project_vitis\fp_usb\_ide\bitstream' in project 'fp_usb'.
23:57:53 INFO  : Connected to target on host '127.0.0.1' and port '3121'.
23:57:59 INFO  : Jtag cable 'RealDigital Boo 8874292301F6A' is selected.
23:57:59 INFO  : 'jtag frequency' command is executed.
23:57:59 INFO  : 'targets -set -filter {jtag_cable_name =~ "RealDigital Boo 8874292301F6A" && level==0 && jtag_device_ctx=="jsn1-0362f093-0"}' command is executed.
23:58:01 INFO  : Device configured successfully with "C:/385_Vivado_Projects/Final_Project/ECE-385-Final-Project/final_project_vitis/fp_usb/_ide/bitstream/mb_usb_hdmi_top.bit"
23:58:01 INFO  : Context for processor 'microblaze_0' is selected.
23:58:01 INFO  : Hardware design and registers information is loaded from 'C:/385_Vivado_Projects/Final_Project/ECE-385-Final-Project/final_project_vitis/mb_usb_hdmi_top/export/mb_usb_hdmi_top/hw/mb_usb_hdmi_top.xsa'.
23:58:01 INFO  : 'configparams mdm-detect-bscan-mask 2' command is executed.
23:58:01 INFO  : Context for processor 'microblaze_0' is selected.
23:58:01 INFO  : System reset is completed.
23:58:04 INFO  : 'after 3000' command is executed.
23:58:04 INFO  : Context for processor 'microblaze_0' is selected.
23:58:04 INFO  : The application 'C:/385_Vivado_Projects/Final_Project/ECE-385-Final-Project/final_project_vitis/fp_usb/Debug/fp_usb.elf' is downloaded to processor 'microblaze_0'.
23:58:04 INFO  : ----------------XSDB Script----------------
connect -url tcp:127.0.0.1:3121
targets -set -filter {jtag_cable_name =~ "RealDigital Boo 8874292301F6A" && level==0 && jtag_device_ctx=="jsn1-0362f093-0"}
fpga -file C:/385_Vivado_Projects/Final_Project/ECE-385-Final-Project/final_project_vitis/fp_usb/_ide/bitstream/mb_usb_hdmi_top.bit
targets -set -nocase -filter {name =~ "*microblaze*#0" && bscan=="USER2" }
loadhw -hw C:/385_Vivado_Projects/Final_Project/ECE-385-Final-Project/final_project_vitis/mb_usb_hdmi_top/export/mb_usb_hdmi_top/hw/mb_usb_hdmi_top.xsa -regs
configparams mdm-detect-bscan-mask 2
targets -set -nocase -filter {name =~ "*microblaze*#0" && bscan=="USER2" }
rst -system
after 3000
targets -set -nocase -filter {name =~ "*microblaze*#0" && bscan=="USER2" }
dow C:/385_Vivado_Projects/Final_Project/ECE-385-Final-Project/final_project_vitis/fp_usb/Debug/fp_usb.elf
----------------End of Script----------------

23:58:04 INFO  : Context for processor 'microblaze_0' is selected.
23:58:05 INFO  : 'con' command is executed.
23:58:05 INFO  : ----------------XSDB Script (After Launch)----------------
targets -set -nocase -filter {name =~ "*microblaze*#0" && bscan=="USER2" }
con
----------------End of Script----------------

23:58:05 INFO  : Disconnected from the channel tcfchan#3.
08:34:06 DEBUG : Logs will be stored at 'C:/385_Vivado_Projects/Final_Project/ECE-385-Final-Project/final_project_vitis/IDE.log'.
08:34:08 INFO  : Launching XSCT server: xsct.bat -n  -interactive C:\385_Vivado_Projects\Final_Project\ECE-385-Final-Project\final_project_vitis\temp_xsdb_launch_script.tcl
08:34:10 INFO  : Platform repository initialization has completed.
08:34:12 INFO  : XSCT server has started successfully.
08:34:12 INFO  : Successfully done setting XSCT server connection channel  
08:34:12 INFO  : plnx-install-location is set to ''
08:34:12 INFO  : Successfully done setting workspace for the tool. 
08:34:13 INFO  : Registering command handlers for Vitis TCF services
08:34:13 INFO  : Successfully done query RDI_DATADIR 
08:41:30 INFO  : Hardware specification for platform project 'mb_usb_hdmi_top' is updated.
08:41:45 INFO  : Result from executing command 'getProjects': mb_usb_hdmi_top
08:41:45 INFO  : Result from executing command 'getPlatforms': mb_usb_hdmi_top|C:/385_Vivado_Projects/Final_Project/ECE-385-Final-Project/final_project_vitis/mb_usb_hdmi_top/export/mb_usb_hdmi_top/mb_usb_hdmi_top.xpfm
08:41:45 INFO  : Checking for BSP changes to sync application flags for project 'fp_usb'...
08:41:48 INFO  : The hardware specification used by project 'fp_usb' is out of sync with the platform. Resource files extracted from the hardware specification will be updated.
08:41:48 INFO  : The file 'C:\385_Vivado_Projects\Final_Project\ECE-385-Final-Project\final_project_vitis\fp_usb\_ide\bitstream\mb_usb_hdmi_top.bit' stored in project is removed.
08:41:48 INFO  : The file 'C:\385_Vivado_Projects\Final_Project\ECE-385-Final-Project\final_project_vitis\fp_usb\_ide\bitstream\mb_usb_hdmi_top.mmi' stored in project is removed.
08:41:48 INFO  : The updated bitstream files are copied from platform to folder 'C:\385_Vivado_Projects\Final_Project\ECE-385-Final-Project\final_project_vitis\fp_usb\_ide\bitstream' in project 'fp_usb'.
08:41:54 INFO  : Connected to target on host '127.0.0.1' and port '3121'.
08:41:55 INFO  : Jtag cable 'RealDigital Boo 8874292301F6A' is selected.
08:41:55 INFO  : 'jtag frequency' command is executed.
08:41:55 INFO  : 'targets -set -filter {jtag_cable_name =~ "RealDigital Boo 8874292301F6A" && level==0 && jtag_device_ctx=="jsn1-0362f093-0"}' command is executed.
08:41:56 INFO  : Device configured successfully with "C:/385_Vivado_Projects/Final_Project/ECE-385-Final-Project/final_project_vitis/fp_usb/_ide/bitstream/mb_usb_hdmi_top.bit"
08:41:56 INFO  : Context for processor 'microblaze_0' is selected.
08:41:56 INFO  : Hardware design and registers information is loaded from 'C:/385_Vivado_Projects/Final_Project/ECE-385-Final-Project/final_project_vitis/mb_usb_hdmi_top/export/mb_usb_hdmi_top/hw/mb_usb_hdmi_top.xsa'.
08:41:56 INFO  : 'configparams mdm-detect-bscan-mask 2' command is executed.
08:41:56 INFO  : Context for processor 'microblaze_0' is selected.
08:41:56 INFO  : System reset is completed.
08:41:59 INFO  : 'after 3000' command is executed.
08:42:00 INFO  : Context for processor 'microblaze_0' is selected.
08:42:00 INFO  : The application 'C:/385_Vivado_Projects/Final_Project/ECE-385-Final-Project/final_project_vitis/fp_usb/Debug/fp_usb.elf' is downloaded to processor 'microblaze_0'.
08:42:00 INFO  : ----------------XSDB Script----------------
connect -url tcp:127.0.0.1:3121
targets -set -filter {jtag_cable_name =~ "RealDigital Boo 8874292301F6A" && level==0 && jtag_device_ctx=="jsn1-0362f093-0"}
fpga -file C:/385_Vivado_Projects/Final_Project/ECE-385-Final-Project/final_project_vitis/fp_usb/_ide/bitstream/mb_usb_hdmi_top.bit
targets -set -nocase -filter {name =~ "*microblaze*#0" && bscan=="USER2" }
loadhw -hw C:/385_Vivado_Projects/Final_Project/ECE-385-Final-Project/final_project_vitis/mb_usb_hdmi_top/export/mb_usb_hdmi_top/hw/mb_usb_hdmi_top.xsa -regs
configparams mdm-detect-bscan-mask 2
targets -set -nocase -filter {name =~ "*microblaze*#0" && bscan=="USER2" }
rst -system
after 3000
targets -set -nocase -filter {name =~ "*microblaze*#0" && bscan=="USER2" }
dow C:/385_Vivado_Projects/Final_Project/ECE-385-Final-Project/final_project_vitis/fp_usb/Debug/fp_usb.elf
----------------End of Script----------------

08:42:00 INFO  : Context for processor 'microblaze_0' is selected.
08:42:00 INFO  : 'con' command is executed.
08:42:00 INFO  : ----------------XSDB Script (After Launch)----------------
targets -set -nocase -filter {name =~ "*microblaze*#0" && bscan=="USER2" }
con
----------------End of Script----------------

08:42:00 INFO  : Disconnected from the channel tcfchan#2.
09:01:50 INFO  : Connected to target on host '127.0.0.1' and port '3121'.
09:01:50 INFO  : Jtag cable 'RealDigital Boo 8874292301F6A' is selected.
09:01:50 INFO  : 'jtag frequency' command is executed.
09:01:50 INFO  : 'targets -set -filter {jtag_cable_name =~ "RealDigital Boo 8874292301F6A" && level==0 && jtag_device_ctx=="jsn1-0362f093-0"}' command is executed.
09:01:52 INFO  : Device configured successfully with "C:/385_Vivado_Projects/Final_Project/ECE-385-Final-Project/final_project_vitis/fp_usb/_ide/bitstream/mb_usb_hdmi_top.bit"
09:01:52 INFO  : Context for processor 'microblaze_0' is selected.
09:01:52 INFO  : Hardware design and registers information is loaded from 'C:/385_Vivado_Projects/Final_Project/ECE-385-Final-Project/final_project_vitis/mb_usb_hdmi_top/export/mb_usb_hdmi_top/hw/mb_usb_hdmi_top.xsa'.
09:01:52 INFO  : 'configparams mdm-detect-bscan-mask 2' command is executed.
09:01:52 INFO  : Context for processor 'microblaze_0' is selected.
09:01:52 INFO  : System reset is completed.
09:01:55 INFO  : 'after 3000' command is executed.
09:01:55 INFO  : Context for processor 'microblaze_0' is selected.
09:01:55 INFO  : The application 'C:/385_Vivado_Projects/Final_Project/ECE-385-Final-Project/final_project_vitis/fp_usb/Debug/fp_usb.elf' is downloaded to processor 'microblaze_0'.
09:01:55 INFO  : ----------------XSDB Script----------------
connect -url tcp:127.0.0.1:3121
targets -set -filter {jtag_cable_name =~ "RealDigital Boo 8874292301F6A" && level==0 && jtag_device_ctx=="jsn1-0362f093-0"}
fpga -file C:/385_Vivado_Projects/Final_Project/ECE-385-Final-Project/final_project_vitis/fp_usb/_ide/bitstream/mb_usb_hdmi_top.bit
targets -set -nocase -filter {name =~ "*microblaze*#0" && bscan=="USER2" }
loadhw -hw C:/385_Vivado_Projects/Final_Project/ECE-385-Final-Project/final_project_vitis/mb_usb_hdmi_top/export/mb_usb_hdmi_top/hw/mb_usb_hdmi_top.xsa -regs
configparams mdm-detect-bscan-mask 2
targets -set -nocase -filter {name =~ "*microblaze*#0" && bscan=="USER2" }
rst -system
after 3000
targets -set -nocase -filter {name =~ "*microblaze*#0" && bscan=="USER2" }
dow C:/385_Vivado_Projects/Final_Project/ECE-385-Final-Project/final_project_vitis/fp_usb/Debug/fp_usb.elf
----------------End of Script----------------

09:01:55 INFO  : Context for processor 'microblaze_0' is selected.
09:01:55 INFO  : 'con' command is executed.
09:01:55 INFO  : ----------------XSDB Script (After Launch)----------------
targets -set -nocase -filter {name =~ "*microblaze*#0" && bscan=="USER2" }
con
----------------End of Script----------------

09:01:55 INFO  : Disconnected from the channel tcfchan#3.
09:02:42 INFO  : Connected to target on host '127.0.0.1' and port '3121'.
09:02:43 INFO  : Jtag cable 'RealDigital Boo 8874292301F6A' is selected.
09:02:43 INFO  : 'jtag frequency' command is executed.
09:02:43 INFO  : 'targets -set -filter {jtag_cable_name =~ "RealDigital Boo 8874292301F6A" && level==0 && jtag_device_ctx=="jsn1-0362f093-0"}' command is executed.
09:02:44 INFO  : Device configured successfully with "C:/385_Vivado_Projects/Final_Project/ECE-385-Final-Project/final_project_vitis/fp_usb/_ide/bitstream/mb_usb_hdmi_top.bit"
09:02:44 INFO  : Context for processor 'microblaze_0' is selected.
09:02:44 INFO  : Hardware design and registers information is loaded from 'C:/385_Vivado_Projects/Final_Project/ECE-385-Final-Project/final_project_vitis/mb_usb_hdmi_top/export/mb_usb_hdmi_top/hw/mb_usb_hdmi_top.xsa'.
09:02:44 INFO  : 'configparams mdm-detect-bscan-mask 2' command is executed.
09:02:44 INFO  : Context for processor 'microblaze_0' is selected.
09:02:44 INFO  : System reset is completed.
09:02:47 INFO  : 'after 3000' command is executed.
09:02:48 INFO  : Context for processor 'microblaze_0' is selected.
09:02:48 INFO  : The application 'C:/385_Vivado_Projects/Final_Project/ECE-385-Final-Project/final_project_vitis/fp_usb/Debug/fp_usb.elf' is downloaded to processor 'microblaze_0'.
09:02:48 INFO  : ----------------XSDB Script----------------
connect -url tcp:127.0.0.1:3121
targets -set -filter {jtag_cable_name =~ "RealDigital Boo 8874292301F6A" && level==0 && jtag_device_ctx=="jsn1-0362f093-0"}
fpga -file C:/385_Vivado_Projects/Final_Project/ECE-385-Final-Project/final_project_vitis/fp_usb/_ide/bitstream/mb_usb_hdmi_top.bit
targets -set -nocase -filter {name =~ "*microblaze*#0" && bscan=="USER2" }
loadhw -hw C:/385_Vivado_Projects/Final_Project/ECE-385-Final-Project/final_project_vitis/mb_usb_hdmi_top/export/mb_usb_hdmi_top/hw/mb_usb_hdmi_top.xsa -regs
configparams mdm-detect-bscan-mask 2
targets -set -nocase -filter {name =~ "*microblaze*#0" && bscan=="USER2" }
rst -system
after 3000
targets -set -nocase -filter {name =~ "*microblaze*#0" && bscan=="USER2" }
dow C:/385_Vivado_Projects/Final_Project/ECE-385-Final-Project/final_project_vitis/fp_usb/Debug/fp_usb.elf
----------------End of Script----------------

09:02:48 INFO  : Context for processor 'microblaze_0' is selected.
09:02:48 INFO  : 'con' command is executed.
09:02:48 INFO  : ----------------XSDB Script (After Launch)----------------
targets -set -nocase -filter {name =~ "*microblaze*#0" && bscan=="USER2" }
con
----------------End of Script----------------

09:02:48 INFO  : Disconnected from the channel tcfchan#4.
09:03:22 INFO  : Connected to target on host '127.0.0.1' and port '3121'.
09:03:23 INFO  : Jtag cable 'RealDigital Boo 8874292301F6A' is selected.
09:03:23 INFO  : 'jtag frequency' command is executed.
09:03:23 INFO  : 'targets -set -filter {jtag_cable_name =~ "RealDigital Boo 8874292301F6A" && level==0 && jtag_device_ctx=="jsn1-0362f093-0"}' command is executed.
09:03:24 INFO  : Device configured successfully with "C:/385_Vivado_Projects/Final_Project/ECE-385-Final-Project/final_project_vitis/fp_usb/_ide/bitstream/mb_usb_hdmi_top.bit"
09:03:25 INFO  : Context for processor 'microblaze_0' is selected.
09:03:25 INFO  : Hardware design and registers information is loaded from 'C:/385_Vivado_Projects/Final_Project/ECE-385-Final-Project/final_project_vitis/mb_usb_hdmi_top/export/mb_usb_hdmi_top/hw/mb_usb_hdmi_top.xsa'.
09:03:25 INFO  : 'configparams mdm-detect-bscan-mask 2' command is executed.
09:03:25 INFO  : Context for processor 'microblaze_0' is selected.
09:03:25 INFO  : System reset is completed.
09:03:28 INFO  : 'after 3000' command is executed.
09:03:28 INFO  : Context for processor 'microblaze_0' is selected.
09:03:28 INFO  : The application 'C:/385_Vivado_Projects/Final_Project/ECE-385-Final-Project/final_project_vitis/fp_usb/Debug/fp_usb.elf' is downloaded to processor 'microblaze_0'.
09:03:28 INFO  : ----------------XSDB Script----------------
connect -url tcp:127.0.0.1:3121
targets -set -filter {jtag_cable_name =~ "RealDigital Boo 8874292301F6A" && level==0 && jtag_device_ctx=="jsn1-0362f093-0"}
fpga -file C:/385_Vivado_Projects/Final_Project/ECE-385-Final-Project/final_project_vitis/fp_usb/_ide/bitstream/mb_usb_hdmi_top.bit
targets -set -nocase -filter {name =~ "*microblaze*#0" && bscan=="USER2" }
loadhw -hw C:/385_Vivado_Projects/Final_Project/ECE-385-Final-Project/final_project_vitis/mb_usb_hdmi_top/export/mb_usb_hdmi_top/hw/mb_usb_hdmi_top.xsa -regs
configparams mdm-detect-bscan-mask 2
targets -set -nocase -filter {name =~ "*microblaze*#0" && bscan=="USER2" }
rst -system
after 3000
targets -set -nocase -filter {name =~ "*microblaze*#0" && bscan=="USER2" }
dow C:/385_Vivado_Projects/Final_Project/ECE-385-Final-Project/final_project_vitis/fp_usb/Debug/fp_usb.elf
----------------End of Script----------------

09:03:28 INFO  : Context for processor 'microblaze_0' is selected.
09:03:28 INFO  : 'con' command is executed.
09:03:28 INFO  : ----------------XSDB Script (After Launch)----------------
targets -set -nocase -filter {name =~ "*microblaze*#0" && bscan=="USER2" }
con
----------------End of Script----------------

09:03:28 INFO  : Disconnected from the channel tcfchan#5.
09:37:34 INFO  : Hardware specification for platform project 'mb_usb_hdmi_top' is updated.
09:38:08 INFO  : Result from executing command 'getProjects': mb_usb_hdmi_top
09:38:08 INFO  : Result from executing command 'getPlatforms': mb_usb_hdmi_top|C:/385_Vivado_Projects/Final_Project/ECE-385-Final-Project/final_project_vitis/mb_usb_hdmi_top/export/mb_usb_hdmi_top/mb_usb_hdmi_top.xpfm
09:38:08 INFO  : Checking for BSP changes to sync application flags for project 'fp_usb'...
09:38:11 INFO  : The hardware specification used by project 'fp_usb' is out of sync with the platform. Resource files extracted from the hardware specification will be updated.
09:38:11 INFO  : The file 'C:\385_Vivado_Projects\Final_Project\ECE-385-Final-Project\final_project_vitis\fp_usb\_ide\bitstream\mb_usb_hdmi_top.bit' stored in project is removed.
09:38:11 INFO  : The file 'C:\385_Vivado_Projects\Final_Project\ECE-385-Final-Project\final_project_vitis\fp_usb\_ide\bitstream\mb_usb_hdmi_top.mmi' stored in project is removed.
09:38:11 INFO  : The updated bitstream files are copied from platform to folder 'C:\385_Vivado_Projects\Final_Project\ECE-385-Final-Project\final_project_vitis\fp_usb\_ide\bitstream' in project 'fp_usb'.
09:38:49 INFO  : Connected to target on host '127.0.0.1' and port '3121'.
09:38:49 INFO  : Jtag cable 'RealDigital Boo 8874292301F6A' is selected.
09:38:49 INFO  : 'jtag frequency' command is executed.
09:38:49 INFO  : 'targets -set -filter {jtag_cable_name =~ "RealDigital Boo 8874292301F6A" && level==0 && jtag_device_ctx=="jsn1-0362f093-0"}' command is executed.
09:38:51 INFO  : Device configured successfully with "C:/385_Vivado_Projects/Final_Project/ECE-385-Final-Project/final_project_vitis/fp_usb/_ide/bitstream/mb_usb_hdmi_top.bit"
09:38:51 INFO  : Context for processor 'microblaze_0' is selected.
09:38:51 INFO  : Hardware design and registers information is loaded from 'C:/385_Vivado_Projects/Final_Project/ECE-385-Final-Project/final_project_vitis/mb_usb_hdmi_top/export/mb_usb_hdmi_top/hw/mb_usb_hdmi_top.xsa'.
09:38:51 INFO  : 'configparams mdm-detect-bscan-mask 2' command is executed.
09:38:51 INFO  : Context for processor 'microblaze_0' is selected.
09:38:51 INFO  : System reset is completed.
09:38:54 INFO  : 'after 3000' command is executed.
09:38:54 INFO  : Context for processor 'microblaze_0' is selected.
09:38:54 INFO  : The application 'C:/385_Vivado_Projects/Final_Project/ECE-385-Final-Project/final_project_vitis/fp_usb/Debug/fp_usb.elf' is downloaded to processor 'microblaze_0'.
09:38:54 INFO  : ----------------XSDB Script----------------
connect -url tcp:127.0.0.1:3121
targets -set -filter {jtag_cable_name =~ "RealDigital Boo 8874292301F6A" && level==0 && jtag_device_ctx=="jsn1-0362f093-0"}
fpga -file C:/385_Vivado_Projects/Final_Project/ECE-385-Final-Project/final_project_vitis/fp_usb/_ide/bitstream/mb_usb_hdmi_top.bit
targets -set -nocase -filter {name =~ "*microblaze*#0" && bscan=="USER2" }
loadhw -hw C:/385_Vivado_Projects/Final_Project/ECE-385-Final-Project/final_project_vitis/mb_usb_hdmi_top/export/mb_usb_hdmi_top/hw/mb_usb_hdmi_top.xsa -regs
configparams mdm-detect-bscan-mask 2
targets -set -nocase -filter {name =~ "*microblaze*#0" && bscan=="USER2" }
rst -system
after 3000
targets -set -nocase -filter {name =~ "*microblaze*#0" && bscan=="USER2" }
dow C:/385_Vivado_Projects/Final_Project/ECE-385-Final-Project/final_project_vitis/fp_usb/Debug/fp_usb.elf
----------------End of Script----------------

09:38:54 INFO  : Context for processor 'microblaze_0' is selected.
09:38:54 INFO  : 'con' command is executed.
09:38:54 INFO  : ----------------XSDB Script (After Launch)----------------
targets -set -nocase -filter {name =~ "*microblaze*#0" && bscan=="USER2" }
con
----------------End of Script----------------

09:38:54 INFO  : Disconnected from the channel tcfchan#7.
10:08:22 INFO  : Hardware specification for platform project 'mb_usb_hdmi_top' is updated.
10:08:41 INFO  : Result from executing command 'getProjects': mb_usb_hdmi_top
10:08:41 INFO  : Result from executing command 'getPlatforms': mb_usb_hdmi_top|C:/385_Vivado_Projects/Final_Project/ECE-385-Final-Project/final_project_vitis/mb_usb_hdmi_top/export/mb_usb_hdmi_top/mb_usb_hdmi_top.xpfm
10:08:42 INFO  : Checking for BSP changes to sync application flags for project 'fp_usb'...
10:08:46 INFO  : The hardware specification used by project 'fp_usb' is out of sync with the platform. Resource files extracted from the hardware specification will be updated.
10:08:46 INFO  : The file 'C:\385_Vivado_Projects\Final_Project\ECE-385-Final-Project\final_project_vitis\fp_usb\_ide\bitstream\mb_usb_hdmi_top.bit' stored in project is removed.
10:08:46 INFO  : The file 'C:\385_Vivado_Projects\Final_Project\ECE-385-Final-Project\final_project_vitis\fp_usb\_ide\bitstream\mb_usb_hdmi_top.mmi' stored in project is removed.
10:08:46 INFO  : The updated bitstream files are copied from platform to folder 'C:\385_Vivado_Projects\Final_Project\ECE-385-Final-Project\final_project_vitis\fp_usb\_ide\bitstream' in project 'fp_usb'.
10:09:05 INFO  : Connected to target on host '127.0.0.1' and port '3121'.
10:09:05 INFO  : Jtag cable 'RealDigital Boo 8874292301F6A' is selected.
10:09:05 INFO  : 'jtag frequency' command is executed.
10:09:05 INFO  : 'targets -set -filter {jtag_cable_name =~ "RealDigital Boo 8874292301F6A" && level==0 && jtag_device_ctx=="jsn1-0362f093-0"}' command is executed.
10:09:07 INFO  : Device configured successfully with "C:/385_Vivado_Projects/Final_Project/ECE-385-Final-Project/final_project_vitis/fp_usb/_ide/bitstream/mb_usb_hdmi_top.bit"
10:09:07 INFO  : Context for processor 'microblaze_0' is selected.
10:09:07 INFO  : Hardware design and registers information is loaded from 'C:/385_Vivado_Projects/Final_Project/ECE-385-Final-Project/final_project_vitis/mb_usb_hdmi_top/export/mb_usb_hdmi_top/hw/mb_usb_hdmi_top.xsa'.
10:09:07 INFO  : 'configparams mdm-detect-bscan-mask 2' command is executed.
10:09:07 INFO  : Context for processor 'microblaze_0' is selected.
10:09:07 INFO  : System reset is completed.
10:09:10 INFO  : 'after 3000' command is executed.
10:09:10 INFO  : Context for processor 'microblaze_0' is selected.
10:09:10 INFO  : The application 'C:/385_Vivado_Projects/Final_Project/ECE-385-Final-Project/final_project_vitis/fp_usb/Debug/fp_usb.elf' is downloaded to processor 'microblaze_0'.
10:09:10 INFO  : ----------------XSDB Script----------------
connect -url tcp:127.0.0.1:3121
targets -set -filter {jtag_cable_name =~ "RealDigital Boo 8874292301F6A" && level==0 && jtag_device_ctx=="jsn1-0362f093-0"}
fpga -file C:/385_Vivado_Projects/Final_Project/ECE-385-Final-Project/final_project_vitis/fp_usb/_ide/bitstream/mb_usb_hdmi_top.bit
targets -set -nocase -filter {name =~ "*microblaze*#0" && bscan=="USER2" }
loadhw -hw C:/385_Vivado_Projects/Final_Project/ECE-385-Final-Project/final_project_vitis/mb_usb_hdmi_top/export/mb_usb_hdmi_top/hw/mb_usb_hdmi_top.xsa -regs
configparams mdm-detect-bscan-mask 2
targets -set -nocase -filter {name =~ "*microblaze*#0" && bscan=="USER2" }
rst -system
after 3000
targets -set -nocase -filter {name =~ "*microblaze*#0" && bscan=="USER2" }
dow C:/385_Vivado_Projects/Final_Project/ECE-385-Final-Project/final_project_vitis/fp_usb/Debug/fp_usb.elf
----------------End of Script----------------

10:09:10 INFO  : Context for processor 'microblaze_0' is selected.
10:09:10 INFO  : 'con' command is executed.
10:09:10 INFO  : ----------------XSDB Script (After Launch)----------------
targets -set -nocase -filter {name =~ "*microblaze*#0" && bscan=="USER2" }
con
----------------End of Script----------------

10:09:10 INFO  : Disconnected from the channel tcfchan#9.
10:50:16 INFO  : Hardware specification for platform project 'mb_usb_hdmi_top' is updated.
10:50:30 INFO  : Result from executing command 'getProjects': mb_usb_hdmi_top
10:50:30 INFO  : Result from executing command 'getPlatforms': mb_usb_hdmi_top|C:/385_Vivado_Projects/Final_Project/ECE-385-Final-Project/final_project_vitis/mb_usb_hdmi_top/export/mb_usb_hdmi_top/mb_usb_hdmi_top.xpfm
10:50:31 INFO  : Checking for BSP changes to sync application flags for project 'fp_usb'...
10:50:33 INFO  : The hardware specification used by project 'fp_usb' is out of sync with the platform. Resource files extracted from the hardware specification will be updated.
10:50:33 INFO  : The file 'C:\385_Vivado_Projects\Final_Project\ECE-385-Final-Project\final_project_vitis\fp_usb\_ide\bitstream\mb_usb_hdmi_top.bit' stored in project is removed.
10:50:33 INFO  : The file 'C:\385_Vivado_Projects\Final_Project\ECE-385-Final-Project\final_project_vitis\fp_usb\_ide\bitstream\mb_usb_hdmi_top.mmi' stored in project is removed.
10:50:33 INFO  : The updated bitstream files are copied from platform to folder 'C:\385_Vivado_Projects\Final_Project\ECE-385-Final-Project\final_project_vitis\fp_usb\_ide\bitstream' in project 'fp_usb'.
10:50:42 INFO  : Connected to target on host '127.0.0.1' and port '3121'.
10:50:42 INFO  : Jtag cable 'RealDigital Boo 8874292301F6A' is selected.
10:50:42 INFO  : 'jtag frequency' command is executed.
10:50:42 INFO  : 'targets -set -filter {jtag_cable_name =~ "RealDigital Boo 8874292301F6A" && level==0 && jtag_device_ctx=="jsn1-0362f093-0"}' command is executed.
10:50:43 INFO  : Device configured successfully with "C:/385_Vivado_Projects/Final_Project/ECE-385-Final-Project/final_project_vitis/fp_usb/_ide/bitstream/mb_usb_hdmi_top.bit"
10:50:43 INFO  : Context for processor 'microblaze_0' is selected.
10:50:43 INFO  : Hardware design and registers information is loaded from 'C:/385_Vivado_Projects/Final_Project/ECE-385-Final-Project/final_project_vitis/mb_usb_hdmi_top/export/mb_usb_hdmi_top/hw/mb_usb_hdmi_top.xsa'.
10:50:43 INFO  : 'configparams mdm-detect-bscan-mask 2' command is executed.
10:50:43 INFO  : Context for processor 'microblaze_0' is selected.
10:50:43 INFO  : System reset is completed.
10:50:46 INFO  : 'after 3000' command is executed.
10:50:46 INFO  : Context for processor 'microblaze_0' is selected.
10:50:47 INFO  : The application 'C:/385_Vivado_Projects/Final_Project/ECE-385-Final-Project/final_project_vitis/fp_usb/Debug/fp_usb.elf' is downloaded to processor 'microblaze_0'.
10:50:47 INFO  : ----------------XSDB Script----------------
connect -url tcp:127.0.0.1:3121
targets -set -filter {jtag_cable_name =~ "RealDigital Boo 8874292301F6A" && level==0 && jtag_device_ctx=="jsn1-0362f093-0"}
fpga -file C:/385_Vivado_Projects/Final_Project/ECE-385-Final-Project/final_project_vitis/fp_usb/_ide/bitstream/mb_usb_hdmi_top.bit
targets -set -nocase -filter {name =~ "*microblaze*#0" && bscan=="USER2" }
loadhw -hw C:/385_Vivado_Projects/Final_Project/ECE-385-Final-Project/final_project_vitis/mb_usb_hdmi_top/export/mb_usb_hdmi_top/hw/mb_usb_hdmi_top.xsa -regs
configparams mdm-detect-bscan-mask 2
targets -set -nocase -filter {name =~ "*microblaze*#0" && bscan=="USER2" }
rst -system
after 3000
targets -set -nocase -filter {name =~ "*microblaze*#0" && bscan=="USER2" }
dow C:/385_Vivado_Projects/Final_Project/ECE-385-Final-Project/final_project_vitis/fp_usb/Debug/fp_usb.elf
----------------End of Script----------------

10:50:47 INFO  : Context for processor 'microblaze_0' is selected.
10:50:47 INFO  : 'con' command is executed.
10:50:47 INFO  : ----------------XSDB Script (After Launch)----------------
targets -set -nocase -filter {name =~ "*microblaze*#0" && bscan=="USER2" }
con
----------------End of Script----------------

10:50:47 INFO  : Disconnected from the channel tcfchan#11.
11:06:30 INFO  : Hardware specification for platform project 'mb_usb_hdmi_top' is updated.
11:06:56 INFO  : Result from executing command 'getProjects': mb_usb_hdmi_top
11:06:56 INFO  : Result from executing command 'getPlatforms': mb_usb_hdmi_top|C:/385_Vivado_Projects/Final_Project/ECE-385-Final-Project/final_project_vitis/mb_usb_hdmi_top/export/mb_usb_hdmi_top/mb_usb_hdmi_top.xpfm
11:06:56 INFO  : Checking for BSP changes to sync application flags for project 'fp_usb'...
11:06:58 INFO  : The hardware specification used by project 'fp_usb' is out of sync with the platform. Resource files extracted from the hardware specification will be updated.
11:06:58 ERROR : Failed to delete existing hardware resource with extension 'bit;bmm;mmi' from project 'fp_usb'
11:06:58 INFO  : The updated bitstream files are copied from platform to folder 'C:\385_Vivado_Projects\Final_Project\ECE-385-Final-Project\final_project_vitis\fp_usb\_ide\bitstream' in project 'fp_usb'.
11:07:04 INFO  : Connected to target on host '127.0.0.1' and port '3121'.
11:07:05 INFO  : Jtag cable 'RealDigital Boo 8874292301F6A' is selected.
11:07:05 INFO  : 'jtag frequency' command is executed.
11:07:05 INFO  : 'targets -set -filter {jtag_cable_name =~ "RealDigital Boo 8874292301F6A" && level==0 && jtag_device_ctx=="jsn1-0362f093-0"}' command is executed.
11:07:06 INFO  : Device configured successfully with "C:/385_Vivado_Projects/Final_Project/ECE-385-Final-Project/final_project_vitis/fp_usb/_ide/bitstream/mb_usb_hdmi_top.bit"
11:07:06 INFO  : Context for processor 'microblaze_0' is selected.
11:07:06 INFO  : Hardware design and registers information is loaded from 'C:/385_Vivado_Projects/Final_Project/ECE-385-Final-Project/final_project_vitis/mb_usb_hdmi_top/export/mb_usb_hdmi_top/hw/mb_usb_hdmi_top.xsa'.
11:07:06 INFO  : 'configparams mdm-detect-bscan-mask 2' command is executed.
11:07:06 INFO  : Context for processor 'microblaze_0' is selected.
11:07:06 INFO  : System reset is completed.
11:07:09 INFO  : 'after 3000' command is executed.
11:07:09 INFO  : Context for processor 'microblaze_0' is selected.
11:07:10 INFO  : The application 'C:/385_Vivado_Projects/Final_Project/ECE-385-Final-Project/final_project_vitis/fp_usb/Debug/fp_usb.elf' is downloaded to processor 'microblaze_0'.
11:07:10 INFO  : ----------------XSDB Script----------------
connect -url tcp:127.0.0.1:3121
targets -set -filter {jtag_cable_name =~ "RealDigital Boo 8874292301F6A" && level==0 && jtag_device_ctx=="jsn1-0362f093-0"}
fpga -file C:/385_Vivado_Projects/Final_Project/ECE-385-Final-Project/final_project_vitis/fp_usb/_ide/bitstream/mb_usb_hdmi_top.bit
targets -set -nocase -filter {name =~ "*microblaze*#0" && bscan=="USER2" }
loadhw -hw C:/385_Vivado_Projects/Final_Project/ECE-385-Final-Project/final_project_vitis/mb_usb_hdmi_top/export/mb_usb_hdmi_top/hw/mb_usb_hdmi_top.xsa -regs
configparams mdm-detect-bscan-mask 2
targets -set -nocase -filter {name =~ "*microblaze*#0" && bscan=="USER2" }
rst -system
after 3000
targets -set -nocase -filter {name =~ "*microblaze*#0" && bscan=="USER2" }
dow C:/385_Vivado_Projects/Final_Project/ECE-385-Final-Project/final_project_vitis/fp_usb/Debug/fp_usb.elf
----------------End of Script----------------

11:07:10 INFO  : Context for processor 'microblaze_0' is selected.
11:07:10 INFO  : 'con' command is executed.
11:07:10 INFO  : ----------------XSDB Script (After Launch)----------------
targets -set -nocase -filter {name =~ "*microblaze*#0" && bscan=="USER2" }
con
----------------End of Script----------------

11:07:10 INFO  : Disconnected from the channel tcfchan#13.
11:08:52 INFO  : Connected to target on host '127.0.0.1' and port '3121'.
11:08:52 INFO  : Jtag cable 'RealDigital Boo 8874292301F6A' is selected.
11:08:52 INFO  : 'jtag frequency' command is executed.
11:08:52 INFO  : 'targets -set -filter {jtag_cable_name =~ "RealDigital Boo 8874292301F6A" && level==0 && jtag_device_ctx=="jsn1-0362f093-0"}' command is executed.
11:08:54 INFO  : Device configured successfully with "C:/385_Vivado_Projects/Final_Project/ECE-385-Final-Project/final_project_vitis/fp_usb/_ide/bitstream/mb_usb_hdmi_top.bit"
11:08:54 INFO  : Context for processor 'microblaze_0' is selected.
11:08:54 INFO  : Hardware design and registers information is loaded from 'C:/385_Vivado_Projects/Final_Project/ECE-385-Final-Project/final_project_vitis/mb_usb_hdmi_top/export/mb_usb_hdmi_top/hw/mb_usb_hdmi_top.xsa'.
11:08:54 INFO  : 'configparams mdm-detect-bscan-mask 2' command is executed.
11:08:54 INFO  : Context for processor 'microblaze_0' is selected.
11:08:54 INFO  : System reset is completed.
11:08:57 INFO  : 'after 3000' command is executed.
11:08:57 INFO  : Context for processor 'microblaze_0' is selected.
11:08:57 INFO  : The application 'C:/385_Vivado_Projects/Final_Project/ECE-385-Final-Project/final_project_vitis/fp_usb/Debug/fp_usb.elf' is downloaded to processor 'microblaze_0'.
11:08:57 INFO  : ----------------XSDB Script----------------
connect -url tcp:127.0.0.1:3121
targets -set -filter {jtag_cable_name =~ "RealDigital Boo 8874292301F6A" && level==0 && jtag_device_ctx=="jsn1-0362f093-0"}
fpga -file C:/385_Vivado_Projects/Final_Project/ECE-385-Final-Project/final_project_vitis/fp_usb/_ide/bitstream/mb_usb_hdmi_top.bit
targets -set -nocase -filter {name =~ "*microblaze*#0" && bscan=="USER2" }
loadhw -hw C:/385_Vivado_Projects/Final_Project/ECE-385-Final-Project/final_project_vitis/mb_usb_hdmi_top/export/mb_usb_hdmi_top/hw/mb_usb_hdmi_top.xsa -regs
configparams mdm-detect-bscan-mask 2
targets -set -nocase -filter {name =~ "*microblaze*#0" && bscan=="USER2" }
rst -system
after 3000
targets -set -nocase -filter {name =~ "*microblaze*#0" && bscan=="USER2" }
dow C:/385_Vivado_Projects/Final_Project/ECE-385-Final-Project/final_project_vitis/fp_usb/Debug/fp_usb.elf
----------------End of Script----------------

11:08:57 INFO  : Context for processor 'microblaze_0' is selected.
11:08:57 INFO  : 'con' command is executed.
11:08:57 INFO  : ----------------XSDB Script (After Launch)----------------
targets -set -nocase -filter {name =~ "*microblaze*#0" && bscan=="USER2" }
con
----------------End of Script----------------

11:08:57 INFO  : Disconnected from the channel tcfchan#14.
11:11:37 INFO  : Connected to target on host '127.0.0.1' and port '3121'.
11:11:37 INFO  : Jtag cable 'RealDigital Boo 8874292301F6A' is selected.
11:11:37 INFO  : 'jtag frequency' command is executed.
11:11:37 INFO  : 'targets -set -filter {jtag_cable_name =~ "RealDigital Boo 8874292301F6A" && level==0 && jtag_device_ctx=="jsn1-0362f093-0"}' command is executed.
11:11:38 INFO  : Device configured successfully with "C:/385_Vivado_Projects/Final_Project/ECE-385-Final-Project/final_project_vitis/fp_usb/_ide/bitstream/mb_usb_hdmi_top.bit"
11:11:38 INFO  : Context for processor 'microblaze_0' is selected.
11:11:38 INFO  : Hardware design and registers information is loaded from 'C:/385_Vivado_Projects/Final_Project/ECE-385-Final-Project/final_project_vitis/mb_usb_hdmi_top/export/mb_usb_hdmi_top/hw/mb_usb_hdmi_top.xsa'.
11:11:38 INFO  : 'configparams mdm-detect-bscan-mask 2' command is executed.
11:11:38 INFO  : Context for processor 'microblaze_0' is selected.
11:11:38 INFO  : System reset is completed.
11:11:41 INFO  : 'after 3000' command is executed.
11:11:41 INFO  : Context for processor 'microblaze_0' is selected.
11:11:42 INFO  : The application 'C:/385_Vivado_Projects/Final_Project/ECE-385-Final-Project/final_project_vitis/fp_usb/Debug/fp_usb.elf' is downloaded to processor 'microblaze_0'.
11:11:42 INFO  : ----------------XSDB Script----------------
connect -url tcp:127.0.0.1:3121
targets -set -filter {jtag_cable_name =~ "RealDigital Boo 8874292301F6A" && level==0 && jtag_device_ctx=="jsn1-0362f093-0"}
fpga -file C:/385_Vivado_Projects/Final_Project/ECE-385-Final-Project/final_project_vitis/fp_usb/_ide/bitstream/mb_usb_hdmi_top.bit
targets -set -nocase -filter {name =~ "*microblaze*#0" && bscan=="USER2" }
loadhw -hw C:/385_Vivado_Projects/Final_Project/ECE-385-Final-Project/final_project_vitis/mb_usb_hdmi_top/export/mb_usb_hdmi_top/hw/mb_usb_hdmi_top.xsa -regs
configparams mdm-detect-bscan-mask 2
targets -set -nocase -filter {name =~ "*microblaze*#0" && bscan=="USER2" }
rst -system
after 3000
targets -set -nocase -filter {name =~ "*microblaze*#0" && bscan=="USER2" }
dow C:/385_Vivado_Projects/Final_Project/ECE-385-Final-Project/final_project_vitis/fp_usb/Debug/fp_usb.elf
----------------End of Script----------------

11:11:42 INFO  : Context for processor 'microblaze_0' is selected.
11:11:42 INFO  : 'con' command is executed.
11:11:42 INFO  : ----------------XSDB Script (After Launch)----------------
targets -set -nocase -filter {name =~ "*microblaze*#0" && bscan=="USER2" }
con
----------------End of Script----------------

11:11:42 INFO  : Disconnected from the channel tcfchan#15.
11:11:52 INFO  : Connected to target on host '127.0.0.1' and port '3121'.
11:11:52 INFO  : Jtag cable 'RealDigital Boo 8874292301F6A' is selected.
11:11:52 INFO  : 'jtag frequency' command is executed.
11:11:55 ERROR : no targets found with "jtag_cable_name =~ "RealDigital Boo 8874292301F6A" && level==0 && jtag_device_ctx=="jsn1-0362f093-0"". available targets:
  1  xc7s50
     2  MicroBlaze Debug Module at USER2
        3  MicroBlaze #0 (Running)
11:11:55 ERROR : Exception occured while running Program Device.
java.lang.RuntimeException: no targets found with "jtag_cable_name =~ "RealDigital Boo 8874292301F6A" && level==0 && jtag_device_ctx=="jsn1-0362f093-0"". available targets:
  1  xc7s50
     2  MicroBlaze Debug Module at USER2
        3  MicroBlaze #0 (Running)
11:11:55 INFO  : ----------------XSDB Script----------------
connect -url tcp:127.0.0.1:3121
----------------End of Script----------------

11:11:55 ERROR : no targets found with "jtag_cable_name =~ "RealDigital Boo 8874292301F6A" && level==0 && jtag_device_ctx=="jsn1-0362f093-0"". available targets:
  1  xc7s50
     2  MicroBlaze Debug Module at USER2
        3  MicroBlaze #0 (Running)
11:20:44 INFO  : Hardware specification for platform project 'mb_usb_hdmi_top' is updated.
11:20:54 INFO  : Result from executing command 'getProjects': mb_usb_hdmi_top
11:20:54 INFO  : Result from executing command 'getPlatforms': mb_usb_hdmi_top|C:/385_Vivado_Projects/Final_Project/ECE-385-Final-Project/final_project_vitis/mb_usb_hdmi_top/export/mb_usb_hdmi_top/mb_usb_hdmi_top.xpfm
11:20:54 INFO  : Checking for BSP changes to sync application flags for project 'fp_usb'...
11:20:58 INFO  : The hardware specification used by project 'fp_usb' is out of sync with the platform. Resource files extracted from the hardware specification will be updated.
11:20:58 INFO  : The file 'C:\385_Vivado_Projects\Final_Project\ECE-385-Final-Project\final_project_vitis\fp_usb\_ide\bitstream\mb_usb_hdmi_top.bit' stored in project is removed.
11:20:58 INFO  : The file 'C:\385_Vivado_Projects\Final_Project\ECE-385-Final-Project\final_project_vitis\fp_usb\_ide\bitstream\mb_usb_hdmi_top.mmi' stored in project is removed.
11:20:58 INFO  : The updated bitstream files are copied from platform to folder 'C:\385_Vivado_Projects\Final_Project\ECE-385-Final-Project\final_project_vitis\fp_usb\_ide\bitstream' in project 'fp_usb'.
11:21:05 INFO  : Connected to target on host '127.0.0.1' and port '3121'.
11:21:05 INFO  : Jtag cable 'RealDigital Boo 8874292301F6A' is selected.
11:21:05 INFO  : 'jtag frequency' command is executed.
11:21:08 ERROR : no targets found with "jtag_cable_name =~ "RealDigital Boo 8874292301F6A" && level==0 && jtag_device_ctx=="jsn1-0362f093-0"". available targets:
  1  xc7s50
11:21:08 ERROR : Exception occured while running Program Device.
java.lang.RuntimeException: no targets found with "jtag_cable_name =~ "RealDigital Boo 8874292301F6A" && level==0 && jtag_device_ctx=="jsn1-0362f093-0"". available targets:
  1  xc7s50
11:21:08 INFO  : ----------------XSDB Script----------------
connect -url tcp:127.0.0.1:3121
----------------End of Script----------------

11:21:08 ERROR : no targets found with "jtag_cable_name =~ "RealDigital Boo 8874292301F6A" && level==0 && jtag_device_ctx=="jsn1-0362f093-0"". available targets:
  1  xc7s50
11:21:20 INFO  : Hardware specification for platform project 'mb_usb_hdmi_top' is updated.
11:21:31 INFO  : Result from executing command 'getProjects': mb_usb_hdmi_top
11:21:31 INFO  : Result from executing command 'getPlatforms': mb_usb_hdmi_top|C:/385_Vivado_Projects/Final_Project/ECE-385-Final-Project/final_project_vitis/mb_usb_hdmi_top/export/mb_usb_hdmi_top/mb_usb_hdmi_top.xpfm
11:21:32 INFO  : Checking for BSP changes to sync application flags for project 'fp_usb'...
11:21:36 INFO  : Connected to target on host '127.0.0.1' and port '3121'.
11:21:36 INFO  : Jtag cable 'RealDigital Boo 8874292301F6A' is selected.
11:21:36 INFO  : 'jtag frequency' command is executed.
11:21:39 ERROR : no targets found with "jtag_cable_name =~ "RealDigital Boo 8874292301F6A" && level==0 && jtag_device_ctx=="jsn1-0362f093-0"". available targets:
  1  xc7s50
11:21:39 ERROR : Exception occured while running Program Device.
java.lang.RuntimeException: no targets found with "jtag_cable_name =~ "RealDigital Boo 8874292301F6A" && level==0 && jtag_device_ctx=="jsn1-0362f093-0"". available targets:
  1  xc7s50
11:21:39 INFO  : ----------------XSDB Script----------------
connect -url tcp:127.0.0.1:3121
----------------End of Script----------------

11:21:39 ERROR : no targets found with "jtag_cable_name =~ "RealDigital Boo 8874292301F6A" && level==0 && jtag_device_ctx=="jsn1-0362f093-0"". available targets:
  1  xc7s50
11:21:49 INFO  : Connected to target on host '127.0.0.1' and port '3121'.
11:21:49 INFO  : Jtag cable 'RealDigital Boo 8874292301F6A' is selected.
11:21:49 INFO  : 'jtag frequency' command is executed.
11:21:53 ERROR : no targets found with "jtag_cable_name =~ "RealDigital Boo 8874292301F6A" && level==0 && jtag_device_ctx=="jsn1-0362f093-0"". available targets:
  1  xc7s50
11:21:53 ERROR : Exception occured while running Program Device.
java.lang.RuntimeException: no targets found with "jtag_cable_name =~ "RealDigital Boo 8874292301F6A" && level==0 && jtag_device_ctx=="jsn1-0362f093-0"". available targets:
  1  xc7s50
11:21:53 INFO  : ----------------XSDB Script----------------
connect -url tcp:127.0.0.1:3121
----------------End of Script----------------

11:21:53 ERROR : no targets found with "jtag_cable_name =~ "RealDigital Boo 8874292301F6A" && level==0 && jtag_device_ctx=="jsn1-0362f093-0"". available targets:
  1  xc7s50
11:22:41 DEBUG : Logs will be stored at 'C:/385_Vivado_Projects/Final_Project/ECE-385-Final-Project/final_project_vitis/IDE.log'.
11:22:42 INFO  : Launching XSCT server: xsct.bat -n  -interactive C:\385_Vivado_Projects\Final_Project\ECE-385-Final-Project\final_project_vitis\temp_xsdb_launch_script.tcl
11:22:43 INFO  : Platform repository initialization has completed.
11:22:45 INFO  : XSCT server has started successfully.
11:22:45 INFO  : Registering command handlers for Vitis TCF services
11:22:49 INFO  : Successfully done setting XSCT server connection channel  
11:22:49 INFO  : plnx-install-location is set to ''
11:22:49 INFO  : Successfully done query RDI_DATADIR 
11:22:49 INFO  : Successfully done setting workspace for the tool. 
11:22:55 INFO  : Hardware specification for platform project 'mb_usb_hdmi_top' is updated.
11:23:06 INFO  : Result from executing command 'getProjects': mb_usb_hdmi_top
11:23:06 INFO  : Result from executing command 'getPlatforms': mb_usb_hdmi_top|C:/385_Vivado_Projects/Final_Project/ECE-385-Final-Project/final_project_vitis/mb_usb_hdmi_top/export/mb_usb_hdmi_top/mb_usb_hdmi_top.xpfm
11:23:06 INFO  : Checking for BSP changes to sync application flags for project 'fp_usb'...
11:23:14 INFO  : Connected to target on host '127.0.0.1' and port '3121'.
11:23:14 INFO  : Jtag cable 'RealDigital Boo 8874292301F6A' is selected.
11:23:14 INFO  : 'jtag frequency' command is executed.
11:23:14 INFO  : 'targets -set -filter {jtag_cable_name =~ "RealDigital Boo 8874292301F6A" && level==0 && jtag_device_ctx=="jsn1-0362f093-0"}' command is executed.
11:23:16 INFO  : Device configured successfully with "C:/385_Vivado_Projects/Final_Project/ECE-385-Final-Project/final_project_vitis/fp_usb/_ide/bitstream/mb_usb_hdmi_top.bit"
11:23:16 INFO  : Context for processor 'microblaze_0' is selected.
11:23:16 INFO  : Hardware design and registers information is loaded from 'C:/385_Vivado_Projects/Final_Project/ECE-385-Final-Project/final_project_vitis/mb_usb_hdmi_top/export/mb_usb_hdmi_top/hw/mb_usb_hdmi_top.xsa'.
11:23:16 INFO  : 'configparams mdm-detect-bscan-mask 2' command is executed.
11:23:16 INFO  : Context for processor 'microblaze_0' is selected.
11:23:16 INFO  : System reset is completed.
11:23:19 INFO  : 'after 3000' command is executed.
11:23:19 INFO  : Context for processor 'microblaze_0' is selected.
11:23:19 INFO  : The application 'C:/385_Vivado_Projects/Final_Project/ECE-385-Final-Project/final_project_vitis/fp_usb/Debug/fp_usb.elf' is downloaded to processor 'microblaze_0'.
11:23:19 INFO  : ----------------XSDB Script----------------
connect -url tcp:127.0.0.1:3121
targets -set -filter {jtag_cable_name =~ "RealDigital Boo 8874292301F6A" && level==0 && jtag_device_ctx=="jsn1-0362f093-0"}
fpga -file C:/385_Vivado_Projects/Final_Project/ECE-385-Final-Project/final_project_vitis/fp_usb/_ide/bitstream/mb_usb_hdmi_top.bit
targets -set -nocase -filter {name =~ "*microblaze*#0" && bscan=="USER2" }
loadhw -hw C:/385_Vivado_Projects/Final_Project/ECE-385-Final-Project/final_project_vitis/mb_usb_hdmi_top/export/mb_usb_hdmi_top/hw/mb_usb_hdmi_top.xsa -regs
configparams mdm-detect-bscan-mask 2
targets -set -nocase -filter {name =~ "*microblaze*#0" && bscan=="USER2" }
rst -system
after 3000
targets -set -nocase -filter {name =~ "*microblaze*#0" && bscan=="USER2" }
dow C:/385_Vivado_Projects/Final_Project/ECE-385-Final-Project/final_project_vitis/fp_usb/Debug/fp_usb.elf
----------------End of Script----------------

11:23:19 INFO  : Context for processor 'microblaze_0' is selected.
11:23:19 INFO  : 'con' command is executed.
11:23:19 INFO  : ----------------XSDB Script (After Launch)----------------
targets -set -nocase -filter {name =~ "*microblaze*#0" && bscan=="USER2" }
con
----------------End of Script----------------

11:23:19 INFO  : Disconnected from the channel tcfchan#2.
11:23:33 INFO  : Connected to target on host '127.0.0.1' and port '3121'.
11:23:33 INFO  : Jtag cable 'RealDigital Boo 8874292301F6A' is selected.
11:23:33 INFO  : 'jtag frequency' command is executed.
11:23:33 INFO  : 'targets -set -filter {jtag_cable_name =~ "RealDigital Boo 8874292301F6A" && level==0 && jtag_device_ctx=="jsn1-0362f093-0"}' command is executed.
11:23:35 INFO  : Device configured successfully with "C:/385_Vivado_Projects/Final_Project/ECE-385-Final-Project/final_project_vitis/fp_usb/_ide/bitstream/mb_usb_hdmi_top.bit"
11:23:35 INFO  : Context for processor 'microblaze_0' is selected.
11:23:35 INFO  : Hardware design and registers information is loaded from 'C:/385_Vivado_Projects/Final_Project/ECE-385-Final-Project/final_project_vitis/mb_usb_hdmi_top/export/mb_usb_hdmi_top/hw/mb_usb_hdmi_top.xsa'.
11:23:35 INFO  : 'configparams mdm-detect-bscan-mask 2' command is executed.
11:23:35 INFO  : Context for processor 'microblaze_0' is selected.
11:23:35 INFO  : System reset is completed.
11:23:38 INFO  : 'after 3000' command is executed.
11:23:38 INFO  : Context for processor 'microblaze_0' is selected.
11:23:38 INFO  : The application 'C:/385_Vivado_Projects/Final_Project/ECE-385-Final-Project/final_project_vitis/fp_usb/Debug/fp_usb.elf' is downloaded to processor 'microblaze_0'.
11:23:38 INFO  : ----------------XSDB Script----------------
connect -url tcp:127.0.0.1:3121
targets -set -filter {jtag_cable_name =~ "RealDigital Boo 8874292301F6A" && level==0 && jtag_device_ctx=="jsn1-0362f093-0"}
fpga -file C:/385_Vivado_Projects/Final_Project/ECE-385-Final-Project/final_project_vitis/fp_usb/_ide/bitstream/mb_usb_hdmi_top.bit
targets -set -nocase -filter {name =~ "*microblaze*#0" && bscan=="USER2" }
loadhw -hw C:/385_Vivado_Projects/Final_Project/ECE-385-Final-Project/final_project_vitis/mb_usb_hdmi_top/export/mb_usb_hdmi_top/hw/mb_usb_hdmi_top.xsa -regs
configparams mdm-detect-bscan-mask 2
targets -set -nocase -filter {name =~ "*microblaze*#0" && bscan=="USER2" }
rst -system
after 3000
targets -set -nocase -filter {name =~ "*microblaze*#0" && bscan=="USER2" }
dow C:/385_Vivado_Projects/Final_Project/ECE-385-Final-Project/final_project_vitis/fp_usb/Debug/fp_usb.elf
----------------End of Script----------------

11:23:38 INFO  : Context for processor 'microblaze_0' is selected.
11:23:38 INFO  : 'con' command is executed.
11:23:38 INFO  : ----------------XSDB Script (After Launch)----------------
targets -set -nocase -filter {name =~ "*microblaze*#0" && bscan=="USER2" }
con
----------------End of Script----------------

11:23:38 INFO  : Disconnected from the channel tcfchan#3.
15:10:14 INFO  : Connected to target on host '127.0.0.1' and port '3121'.
15:10:14 INFO  : Jtag cable 'RealDigital Boo 8874292301F6A' is selected.
15:10:14 INFO  : 'jtag frequency' command is executed.
15:10:14 INFO  : 'targets -set -filter {jtag_cable_name =~ "RealDigital Boo 8874292301F6A" && level==0 && jtag_device_ctx=="jsn1-0362f093-0"}' command is executed.
15:10:16 INFO  : Device configured successfully with "C:/385_Vivado_Projects/Final_Project/ECE-385-Final-Project/final_project_vitis/fp_usb/_ide/bitstream/mb_usb_hdmi_top.bit"
15:10:16 INFO  : Context for processor 'microblaze_0' is selected.
15:10:16 INFO  : Hardware design and registers information is loaded from 'C:/385_Vivado_Projects/Final_Project/ECE-385-Final-Project/final_project_vitis/mb_usb_hdmi_top/export/mb_usb_hdmi_top/hw/mb_usb_hdmi_top.xsa'.
15:10:16 INFO  : 'configparams mdm-detect-bscan-mask 2' command is executed.
15:10:16 INFO  : Context for processor 'microblaze_0' is selected.
15:10:16 INFO  : System reset is completed.
15:10:19 INFO  : 'after 3000' command is executed.
15:10:19 INFO  : Context for processor 'microblaze_0' is selected.
15:10:19 INFO  : The application 'C:/385_Vivado_Projects/Final_Project/ECE-385-Final-Project/final_project_vitis/fp_usb/Debug/fp_usb.elf' is downloaded to processor 'microblaze_0'.
15:10:19 INFO  : ----------------XSDB Script----------------
connect -url tcp:127.0.0.1:3121
targets -set -filter {jtag_cable_name =~ "RealDigital Boo 8874292301F6A" && level==0 && jtag_device_ctx=="jsn1-0362f093-0"}
fpga -file C:/385_Vivado_Projects/Final_Project/ECE-385-Final-Project/final_project_vitis/fp_usb/_ide/bitstream/mb_usb_hdmi_top.bit
targets -set -nocase -filter {name =~ "*microblaze*#0" && bscan=="USER2" }
loadhw -hw C:/385_Vivado_Projects/Final_Project/ECE-385-Final-Project/final_project_vitis/mb_usb_hdmi_top/export/mb_usb_hdmi_top/hw/mb_usb_hdmi_top.xsa -regs
configparams mdm-detect-bscan-mask 2
targets -set -nocase -filter {name =~ "*microblaze*#0" && bscan=="USER2" }
rst -system
after 3000
targets -set -nocase -filter {name =~ "*microblaze*#0" && bscan=="USER2" }
dow C:/385_Vivado_Projects/Final_Project/ECE-385-Final-Project/final_project_vitis/fp_usb/Debug/fp_usb.elf
----------------End of Script----------------

15:10:19 INFO  : Context for processor 'microblaze_0' is selected.
15:10:19 INFO  : 'con' command is executed.
15:10:19 INFO  : ----------------XSDB Script (After Launch)----------------
targets -set -nocase -filter {name =~ "*microblaze*#0" && bscan=="USER2" }
con
----------------End of Script----------------

15:10:19 INFO  : Disconnected from the channel tcfchan#4.
15:54:46 INFO  : Hardware specification for platform project 'mb_usb_hdmi_top' is updated.
15:54:58 INFO  : Result from executing command 'getProjects': mb_usb_hdmi_top
15:54:58 INFO  : Result from executing command 'getPlatforms': mb_usb_hdmi_top|C:/385_Vivado_Projects/Final_Project/ECE-385-Final-Project/final_project_vitis/mb_usb_hdmi_top/export/mb_usb_hdmi_top/mb_usb_hdmi_top.xpfm
15:54:58 INFO  : Checking for BSP changes to sync application flags for project 'fp_usb'...
15:55:02 INFO  : The hardware specification used by project 'fp_usb' is out of sync with the platform. Resource files extracted from the hardware specification will be updated.
15:55:02 INFO  : The file 'C:\385_Vivado_Projects\Final_Project\ECE-385-Final-Project\final_project_vitis\fp_usb\_ide\bitstream\mb_usb_hdmi_top.bit' stored in project is removed.
15:55:02 INFO  : The file 'C:\385_Vivado_Projects\Final_Project\ECE-385-Final-Project\final_project_vitis\fp_usb\_ide\bitstream\mb_usb_hdmi_top.mmi' stored in project is removed.
15:55:02 INFO  : The updated bitstream files are copied from platform to folder 'C:\385_Vivado_Projects\Final_Project\ECE-385-Final-Project\final_project_vitis\fp_usb\_ide\bitstream' in project 'fp_usb'.
15:55:58 INFO  : Connected to target on host '127.0.0.1' and port '3121'.
15:55:59 INFO  : Jtag cable 'RealDigital Boo 8874292301F6A' is selected.
15:55:59 INFO  : 'jtag frequency' command is executed.
15:55:59 INFO  : 'targets -set -filter {jtag_cable_name =~ "RealDigital Boo 8874292301F6A" && level==0 && jtag_device_ctx=="jsn1-0362f093-0"}' command is executed.
15:56:01 INFO  : Device configured successfully with "C:/385_Vivado_Projects/Final_Project/ECE-385-Final-Project/final_project_vitis/fp_usb/_ide/bitstream/mb_usb_hdmi_top.bit"
15:56:01 INFO  : Context for processor 'microblaze_0' is selected.
15:56:01 INFO  : Hardware design and registers information is loaded from 'C:/385_Vivado_Projects/Final_Project/ECE-385-Final-Project/final_project_vitis/mb_usb_hdmi_top/export/mb_usb_hdmi_top/hw/mb_usb_hdmi_top.xsa'.
15:56:01 INFO  : 'configparams mdm-detect-bscan-mask 2' command is executed.
15:56:01 INFO  : Context for processor 'microblaze_0' is selected.
15:56:01 INFO  : System reset is completed.
15:56:04 INFO  : 'after 3000' command is executed.
15:56:04 INFO  : Context for processor 'microblaze_0' is selected.
15:56:04 INFO  : The application 'C:/385_Vivado_Projects/Final_Project/ECE-385-Final-Project/final_project_vitis/fp_usb/Debug/fp_usb.elf' is downloaded to processor 'microblaze_0'.
15:56:04 INFO  : ----------------XSDB Script----------------
connect -url tcp:127.0.0.1:3121
targets -set -filter {jtag_cable_name =~ "RealDigital Boo 8874292301F6A" && level==0 && jtag_device_ctx=="jsn1-0362f093-0"}
fpga -file C:/385_Vivado_Projects/Final_Project/ECE-385-Final-Project/final_project_vitis/fp_usb/_ide/bitstream/mb_usb_hdmi_top.bit
targets -set -nocase -filter {name =~ "*microblaze*#0" && bscan=="USER2" }
loadhw -hw C:/385_Vivado_Projects/Final_Project/ECE-385-Final-Project/final_project_vitis/mb_usb_hdmi_top/export/mb_usb_hdmi_top/hw/mb_usb_hdmi_top.xsa -regs
configparams mdm-detect-bscan-mask 2
targets -set -nocase -filter {name =~ "*microblaze*#0" && bscan=="USER2" }
rst -system
after 3000
targets -set -nocase -filter {name =~ "*microblaze*#0" && bscan=="USER2" }
dow C:/385_Vivado_Projects/Final_Project/ECE-385-Final-Project/final_project_vitis/fp_usb/Debug/fp_usb.elf
----------------End of Script----------------

15:56:04 INFO  : Context for processor 'microblaze_0' is selected.
15:56:04 INFO  : 'con' command is executed.
15:56:04 INFO  : ----------------XSDB Script (After Launch)----------------
targets -set -nocase -filter {name =~ "*microblaze*#0" && bscan=="USER2" }
con
----------------End of Script----------------

15:56:04 INFO  : Disconnected from the channel tcfchan#6.
15:56:49 INFO  : Connected to target on host '127.0.0.1' and port '3121'.
15:56:50 INFO  : Jtag cable 'RealDigital Boo 8874292301F6A' is selected.
15:56:50 INFO  : 'jtag frequency' command is executed.
15:56:50 INFO  : 'targets -set -filter {jtag_cable_name =~ "RealDigital Boo 8874292301F6A" && level==0 && jtag_device_ctx=="jsn1-0362f093-0"}' command is executed.
15:56:51 INFO  : Device configured successfully with "C:/385_Vivado_Projects/Final_Project/ECE-385-Final-Project/final_project_vitis/fp_usb/_ide/bitstream/mb_usb_hdmi_top.bit"
15:56:51 INFO  : Context for processor 'microblaze_0' is selected.
15:56:51 INFO  : Hardware design and registers information is loaded from 'C:/385_Vivado_Projects/Final_Project/ECE-385-Final-Project/final_project_vitis/mb_usb_hdmi_top/export/mb_usb_hdmi_top/hw/mb_usb_hdmi_top.xsa'.
15:56:51 INFO  : 'configparams mdm-detect-bscan-mask 2' command is executed.
15:56:51 INFO  : Context for processor 'microblaze_0' is selected.
15:56:51 INFO  : System reset is completed.
15:56:54 INFO  : 'after 3000' command is executed.
15:56:55 INFO  : Context for processor 'microblaze_0' is selected.
15:56:55 INFO  : The application 'C:/385_Vivado_Projects/Final_Project/ECE-385-Final-Project/final_project_vitis/fp_usb/Debug/fp_usb.elf' is downloaded to processor 'microblaze_0'.
15:56:55 INFO  : ----------------XSDB Script----------------
connect -url tcp:127.0.0.1:3121
targets -set -filter {jtag_cable_name =~ "RealDigital Boo 8874292301F6A" && level==0 && jtag_device_ctx=="jsn1-0362f093-0"}
fpga -file C:/385_Vivado_Projects/Final_Project/ECE-385-Final-Project/final_project_vitis/fp_usb/_ide/bitstream/mb_usb_hdmi_top.bit
targets -set -nocase -filter {name =~ "*microblaze*#0" && bscan=="USER2" }
loadhw -hw C:/385_Vivado_Projects/Final_Project/ECE-385-Final-Project/final_project_vitis/mb_usb_hdmi_top/export/mb_usb_hdmi_top/hw/mb_usb_hdmi_top.xsa -regs
configparams mdm-detect-bscan-mask 2
targets -set -nocase -filter {name =~ "*microblaze*#0" && bscan=="USER2" }
rst -system
after 3000
targets -set -nocase -filter {name =~ "*microblaze*#0" && bscan=="USER2" }
dow C:/385_Vivado_Projects/Final_Project/ECE-385-Final-Project/final_project_vitis/fp_usb/Debug/fp_usb.elf
----------------End of Script----------------

15:56:55 INFO  : Context for processor 'microblaze_0' is selected.
15:56:55 INFO  : 'con' command is executed.
15:56:55 INFO  : ----------------XSDB Script (After Launch)----------------
targets -set -nocase -filter {name =~ "*microblaze*#0" && bscan=="USER2" }
con
----------------End of Script----------------

15:56:55 INFO  : Disconnected from the channel tcfchan#7.
16:15:30 INFO  : Hardware specification for platform project 'mb_usb_hdmi_top' is updated.
16:15:44 INFO  : Result from executing command 'getProjects': mb_usb_hdmi_top
16:15:44 INFO  : Result from executing command 'getPlatforms': mb_usb_hdmi_top|C:/385_Vivado_Projects/Final_Project/ECE-385-Final-Project/final_project_vitis/mb_usb_hdmi_top/export/mb_usb_hdmi_top/mb_usb_hdmi_top.xpfm
16:15:44 INFO  : Checking for BSP changes to sync application flags for project 'fp_usb'...
16:15:47 INFO  : The hardware specification used by project 'fp_usb' is out of sync with the platform. Resource files extracted from the hardware specification will be updated.
16:15:47 INFO  : The file 'C:\385_Vivado_Projects\Final_Project\ECE-385-Final-Project\final_project_vitis\fp_usb\_ide\bitstream\mb_usb_hdmi_top.bit' stored in project is removed.
16:15:47 INFO  : The file 'C:\385_Vivado_Projects\Final_Project\ECE-385-Final-Project\final_project_vitis\fp_usb\_ide\bitstream\mb_usb_hdmi_top.mmi' stored in project is removed.
16:15:47 INFO  : The updated bitstream files are copied from platform to folder 'C:\385_Vivado_Projects\Final_Project\ECE-385-Final-Project\final_project_vitis\fp_usb\_ide\bitstream' in project 'fp_usb'.
16:16:25 INFO  : Connected to target on host '127.0.0.1' and port '3121'.
16:16:25 INFO  : Jtag cable 'RealDigital Boo 8874292301F6A' is selected.
16:16:25 INFO  : 'jtag frequency' command is executed.
16:16:25 INFO  : 'targets -set -filter {jtag_cable_name =~ "RealDigital Boo 8874292301F6A" && level==0 && jtag_device_ctx=="jsn1-0362f093-0"}' command is executed.
16:16:27 INFO  : Device configured successfully with "C:/385_Vivado_Projects/Final_Project/ECE-385-Final-Project/final_project_vitis/fp_usb/_ide/bitstream/mb_usb_hdmi_top.bit"
16:16:27 INFO  : Context for processor 'microblaze_0' is selected.
16:16:27 INFO  : Hardware design and registers information is loaded from 'C:/385_Vivado_Projects/Final_Project/ECE-385-Final-Project/final_project_vitis/mb_usb_hdmi_top/export/mb_usb_hdmi_top/hw/mb_usb_hdmi_top.xsa'.
16:16:27 INFO  : 'configparams mdm-detect-bscan-mask 2' command is executed.
16:16:27 INFO  : Context for processor 'microblaze_0' is selected.
16:16:27 INFO  : System reset is completed.
16:16:30 INFO  : 'after 3000' command is executed.
16:16:30 INFO  : Context for processor 'microblaze_0' is selected.
16:16:30 INFO  : The application 'C:/385_Vivado_Projects/Final_Project/ECE-385-Final-Project/final_project_vitis/fp_usb/Debug/fp_usb.elf' is downloaded to processor 'microblaze_0'.
16:16:30 INFO  : ----------------XSDB Script----------------
connect -url tcp:127.0.0.1:3121
targets -set -filter {jtag_cable_name =~ "RealDigital Boo 8874292301F6A" && level==0 && jtag_device_ctx=="jsn1-0362f093-0"}
fpga -file C:/385_Vivado_Projects/Final_Project/ECE-385-Final-Project/final_project_vitis/fp_usb/_ide/bitstream/mb_usb_hdmi_top.bit
targets -set -nocase -filter {name =~ "*microblaze*#0" && bscan=="USER2" }
loadhw -hw C:/385_Vivado_Projects/Final_Project/ECE-385-Final-Project/final_project_vitis/mb_usb_hdmi_top/export/mb_usb_hdmi_top/hw/mb_usb_hdmi_top.xsa -regs
configparams mdm-detect-bscan-mask 2
targets -set -nocase -filter {name =~ "*microblaze*#0" && bscan=="USER2" }
rst -system
after 3000
targets -set -nocase -filter {name =~ "*microblaze*#0" && bscan=="USER2" }
dow C:/385_Vivado_Projects/Final_Project/ECE-385-Final-Project/final_project_vitis/fp_usb/Debug/fp_usb.elf
----------------End of Script----------------

16:16:30 INFO  : Context for processor 'microblaze_0' is selected.
16:16:30 INFO  : 'con' command is executed.
16:16:30 INFO  : ----------------XSDB Script (After Launch)----------------
targets -set -nocase -filter {name =~ "*microblaze*#0" && bscan=="USER2" }
con
----------------End of Script----------------

16:16:30 INFO  : Disconnected from the channel tcfchan#9.
16:30:35 INFO  : Hardware specification for platform project 'mb_usb_hdmi_top' is updated.
16:30:48 INFO  : Result from executing command 'getProjects': mb_usb_hdmi_top
16:30:48 INFO  : Result from executing command 'getPlatforms': mb_usb_hdmi_top|C:/385_Vivado_Projects/Final_Project/ECE-385-Final-Project/final_project_vitis/mb_usb_hdmi_top/export/mb_usb_hdmi_top/mb_usb_hdmi_top.xpfm
16:30:48 INFO  : Checking for BSP changes to sync application flags for project 'fp_usb'...
16:30:50 INFO  : The hardware specification used by project 'fp_usb' is out of sync with the platform. Resource files extracted from the hardware specification will be updated.
16:30:50 INFO  : The file 'C:\385_Vivado_Projects\Final_Project\ECE-385-Final-Project\final_project_vitis\fp_usb\_ide\bitstream\mb_usb_hdmi_top.bit' stored in project is removed.
16:30:50 INFO  : The file 'C:\385_Vivado_Projects\Final_Project\ECE-385-Final-Project\final_project_vitis\fp_usb\_ide\bitstream\mb_usb_hdmi_top.mmi' stored in project is removed.
16:30:50 INFO  : The updated bitstream files are copied from platform to folder 'C:\385_Vivado_Projects\Final_Project\ECE-385-Final-Project\final_project_vitis\fp_usb\_ide\bitstream' in project 'fp_usb'.
16:30:54 INFO  : Connected to target on host '127.0.0.1' and port '3121'.
16:30:55 INFO  : Jtag cable 'RealDigital Boo 8874292301F6A' is selected.
16:30:55 INFO  : 'jtag frequency' command is executed.
16:30:55 INFO  : 'targets -set -filter {jtag_cable_name =~ "RealDigital Boo 8874292301F6A" && level==0 && jtag_device_ctx=="jsn1-0362f093-0"}' command is executed.
16:30:56 INFO  : Device configured successfully with "C:/385_Vivado_Projects/Final_Project/ECE-385-Final-Project/final_project_vitis/fp_usb/_ide/bitstream/mb_usb_hdmi_top.bit"
16:30:56 INFO  : Context for processor 'microblaze_0' is selected.
16:30:56 INFO  : Hardware design and registers information is loaded from 'C:/385_Vivado_Projects/Final_Project/ECE-385-Final-Project/final_project_vitis/mb_usb_hdmi_top/export/mb_usb_hdmi_top/hw/mb_usb_hdmi_top.xsa'.
16:30:56 INFO  : 'configparams mdm-detect-bscan-mask 2' command is executed.
16:30:56 INFO  : Context for processor 'microblaze_0' is selected.
16:30:56 INFO  : System reset is completed.
16:30:59 INFO  : 'after 3000' command is executed.
16:30:59 INFO  : Context for processor 'microblaze_0' is selected.
16:30:59 INFO  : The application 'C:/385_Vivado_Projects/Final_Project/ECE-385-Final-Project/final_project_vitis/fp_usb/Debug/fp_usb.elf' is downloaded to processor 'microblaze_0'.
16:30:59 INFO  : ----------------XSDB Script----------------
connect -url tcp:127.0.0.1:3121
targets -set -filter {jtag_cable_name =~ "RealDigital Boo 8874292301F6A" && level==0 && jtag_device_ctx=="jsn1-0362f093-0"}
fpga -file C:/385_Vivado_Projects/Final_Project/ECE-385-Final-Project/final_project_vitis/fp_usb/_ide/bitstream/mb_usb_hdmi_top.bit
targets -set -nocase -filter {name =~ "*microblaze*#0" && bscan=="USER2" }
loadhw -hw C:/385_Vivado_Projects/Final_Project/ECE-385-Final-Project/final_project_vitis/mb_usb_hdmi_top/export/mb_usb_hdmi_top/hw/mb_usb_hdmi_top.xsa -regs
configparams mdm-detect-bscan-mask 2
targets -set -nocase -filter {name =~ "*microblaze*#0" && bscan=="USER2" }
rst -system
after 3000
targets -set -nocase -filter {name =~ "*microblaze*#0" && bscan=="USER2" }
dow C:/385_Vivado_Projects/Final_Project/ECE-385-Final-Project/final_project_vitis/fp_usb/Debug/fp_usb.elf
----------------End of Script----------------

16:30:59 INFO  : Context for processor 'microblaze_0' is selected.
16:30:59 INFO  : 'con' command is executed.
16:30:59 INFO  : ----------------XSDB Script (After Launch)----------------
targets -set -nocase -filter {name =~ "*microblaze*#0" && bscan=="USER2" }
con
----------------End of Script----------------

16:30:59 INFO  : Disconnected from the channel tcfchan#11.
16:50:23 INFO  : Hardware specification for platform project 'mb_usb_hdmi_top' is updated.
16:50:44 INFO  : Result from executing command 'getProjects': mb_usb_hdmi_top
16:50:44 INFO  : Result from executing command 'getPlatforms': mb_usb_hdmi_top|C:/385_Vivado_Projects/Final_Project/ECE-385-Final-Project/final_project_vitis/mb_usb_hdmi_top/export/mb_usb_hdmi_top/mb_usb_hdmi_top.xpfm
16:50:45 INFO  : Checking for BSP changes to sync application flags for project 'fp_usb'...
16:50:47 INFO  : The hardware specification used by project 'fp_usb' is out of sync with the platform. Resource files extracted from the hardware specification will be updated.
16:50:47 INFO  : The file 'C:\385_Vivado_Projects\Final_Project\ECE-385-Final-Project\final_project_vitis\fp_usb\_ide\bitstream\mb_usb_hdmi_top.bit' stored in project is removed.
16:50:47 INFO  : The file 'C:\385_Vivado_Projects\Final_Project\ECE-385-Final-Project\final_project_vitis\fp_usb\_ide\bitstream\mb_usb_hdmi_top.mmi' stored in project is removed.
16:50:47 INFO  : The updated bitstream files are copied from platform to folder 'C:\385_Vivado_Projects\Final_Project\ECE-385-Final-Project\final_project_vitis\fp_usb\_ide\bitstream' in project 'fp_usb'.
16:50:50 INFO  : Connected to target on host '127.0.0.1' and port '3121'.
16:50:51 INFO  : Jtag cable 'RealDigital Boo 8874292301F6A' is selected.
16:50:51 INFO  : 'jtag frequency' command is executed.
16:50:51 INFO  : 'targets -set -filter {jtag_cable_name =~ "RealDigital Boo 8874292301F6A" && level==0 && jtag_device_ctx=="jsn1-0362f093-0"}' command is executed.
16:50:52 INFO  : Device configured successfully with "C:/385_Vivado_Projects/Final_Project/ECE-385-Final-Project/final_project_vitis/fp_usb/_ide/bitstream/mb_usb_hdmi_top.bit"
16:50:52 INFO  : Context for processor 'microblaze_0' is selected.
16:50:52 INFO  : Hardware design and registers information is loaded from 'C:/385_Vivado_Projects/Final_Project/ECE-385-Final-Project/final_project_vitis/mb_usb_hdmi_top/export/mb_usb_hdmi_top/hw/mb_usb_hdmi_top.xsa'.
16:50:52 INFO  : 'configparams mdm-detect-bscan-mask 2' command is executed.
16:50:52 INFO  : Context for processor 'microblaze_0' is selected.
16:50:52 INFO  : System reset is completed.
16:50:55 INFO  : 'after 3000' command is executed.
16:50:55 INFO  : Context for processor 'microblaze_0' is selected.
16:50:55 INFO  : The application 'C:/385_Vivado_Projects/Final_Project/ECE-385-Final-Project/final_project_vitis/fp_usb/Debug/fp_usb.elf' is downloaded to processor 'microblaze_0'.
16:50:55 INFO  : ----------------XSDB Script----------------
connect -url tcp:127.0.0.1:3121
targets -set -filter {jtag_cable_name =~ "RealDigital Boo 8874292301F6A" && level==0 && jtag_device_ctx=="jsn1-0362f093-0"}
fpga -file C:/385_Vivado_Projects/Final_Project/ECE-385-Final-Project/final_project_vitis/fp_usb/_ide/bitstream/mb_usb_hdmi_top.bit
targets -set -nocase -filter {name =~ "*microblaze*#0" && bscan=="USER2" }
loadhw -hw C:/385_Vivado_Projects/Final_Project/ECE-385-Final-Project/final_project_vitis/mb_usb_hdmi_top/export/mb_usb_hdmi_top/hw/mb_usb_hdmi_top.xsa -regs
configparams mdm-detect-bscan-mask 2
targets -set -nocase -filter {name =~ "*microblaze*#0" && bscan=="USER2" }
rst -system
after 3000
targets -set -nocase -filter {name =~ "*microblaze*#0" && bscan=="USER2" }
dow C:/385_Vivado_Projects/Final_Project/ECE-385-Final-Project/final_project_vitis/fp_usb/Debug/fp_usb.elf
----------------End of Script----------------

16:50:56 INFO  : Context for processor 'microblaze_0' is selected.
16:50:56 INFO  : 'con' command is executed.
16:50:56 INFO  : ----------------XSDB Script (After Launch)----------------
targets -set -nocase -filter {name =~ "*microblaze*#0" && bscan=="USER2" }
con
----------------End of Script----------------

16:50:56 INFO  : Disconnected from the channel tcfchan#13.
16:51:14 INFO  : Connected to target on host '127.0.0.1' and port '3121'.
16:51:14 INFO  : Jtag cable 'RealDigital Boo 8874292301F6A' is selected.
16:51:14 INFO  : 'jtag frequency' command is executed.
16:51:14 INFO  : 'targets -set -filter {jtag_cable_name =~ "RealDigital Boo 8874292301F6A" && level==0 && jtag_device_ctx=="jsn1-0362f093-0"}' command is executed.
16:51:16 INFO  : Device configured successfully with "C:/385_Vivado_Projects/Final_Project/ECE-385-Final-Project/final_project_vitis/fp_usb/_ide/bitstream/mb_usb_hdmi_top.bit"
16:51:16 INFO  : Context for processor 'microblaze_0' is selected.
16:51:16 INFO  : Hardware design and registers information is loaded from 'C:/385_Vivado_Projects/Final_Project/ECE-385-Final-Project/final_project_vitis/mb_usb_hdmi_top/export/mb_usb_hdmi_top/hw/mb_usb_hdmi_top.xsa'.
16:51:16 INFO  : 'configparams mdm-detect-bscan-mask 2' command is executed.
16:51:16 INFO  : Context for processor 'microblaze_0' is selected.
16:51:16 INFO  : System reset is completed.
16:51:19 INFO  : 'after 3000' command is executed.
16:51:19 INFO  : Context for processor 'microblaze_0' is selected.
16:51:19 INFO  : The application 'C:/385_Vivado_Projects/Final_Project/ECE-385-Final-Project/final_project_vitis/fp_usb/Debug/fp_usb.elf' is downloaded to processor 'microblaze_0'.
16:51:19 INFO  : ----------------XSDB Script----------------
connect -url tcp:127.0.0.1:3121
targets -set -filter {jtag_cable_name =~ "RealDigital Boo 8874292301F6A" && level==0 && jtag_device_ctx=="jsn1-0362f093-0"}
fpga -file C:/385_Vivado_Projects/Final_Project/ECE-385-Final-Project/final_project_vitis/fp_usb/_ide/bitstream/mb_usb_hdmi_top.bit
targets -set -nocase -filter {name =~ "*microblaze*#0" && bscan=="USER2" }
loadhw -hw C:/385_Vivado_Projects/Final_Project/ECE-385-Final-Project/final_project_vitis/mb_usb_hdmi_top/export/mb_usb_hdmi_top/hw/mb_usb_hdmi_top.xsa -regs
configparams mdm-detect-bscan-mask 2
targets -set -nocase -filter {name =~ "*microblaze*#0" && bscan=="USER2" }
rst -system
after 3000
targets -set -nocase -filter {name =~ "*microblaze*#0" && bscan=="USER2" }
dow C:/385_Vivado_Projects/Final_Project/ECE-385-Final-Project/final_project_vitis/fp_usb/Debug/fp_usb.elf
----------------End of Script----------------

16:51:19 INFO  : Context for processor 'microblaze_0' is selected.
16:51:19 INFO  : 'con' command is executed.
16:51:19 INFO  : ----------------XSDB Script (After Launch)----------------
targets -set -nocase -filter {name =~ "*microblaze*#0" && bscan=="USER2" }
con
----------------End of Script----------------

16:51:19 INFO  : Disconnected from the channel tcfchan#14.
17:13:54 INFO  : Hardware specification for platform project 'mb_usb_hdmi_top' is updated.
17:14:07 INFO  : Result from executing command 'getProjects': mb_usb_hdmi_top
17:14:07 INFO  : Result from executing command 'getPlatforms': mb_usb_hdmi_top|C:/385_Vivado_Projects/Final_Project/ECE-385-Final-Project/final_project_vitis/mb_usb_hdmi_top/export/mb_usb_hdmi_top/mb_usb_hdmi_top.xpfm
17:14:07 INFO  : Checking for BSP changes to sync application flags for project 'fp_usb'...
17:14:09 INFO  : The hardware specification used by project 'fp_usb' is out of sync with the platform. Resource files extracted from the hardware specification will be updated.
17:14:09 INFO  : The file 'C:\385_Vivado_Projects\Final_Project\ECE-385-Final-Project\final_project_vitis\fp_usb\_ide\bitstream\mb_usb_hdmi_top.bit' stored in project is removed.
17:14:09 INFO  : The file 'C:\385_Vivado_Projects\Final_Project\ECE-385-Final-Project\final_project_vitis\fp_usb\_ide\bitstream\mb_usb_hdmi_top.mmi' stored in project is removed.
17:14:09 INFO  : The updated bitstream files are copied from platform to folder 'C:\385_Vivado_Projects\Final_Project\ECE-385-Final-Project\final_project_vitis\fp_usb\_ide\bitstream' in project 'fp_usb'.
17:14:12 INFO  : Checking for BSP changes to sync application flags for project 'fp_usb'...
17:14:23 INFO  : Connected to target on host '127.0.0.1' and port '3121'.
17:14:24 INFO  : Jtag cable 'RealDigital Boo 8874292301F6A' is selected.
17:14:24 INFO  : 'jtag frequency' command is executed.
17:14:24 INFO  : 'targets -set -filter {jtag_cable_name =~ "RealDigital Boo 8874292301F6A" && level==0 && jtag_device_ctx=="jsn1-0362f093-0"}' command is executed.
17:14:25 INFO  : Device configured successfully with "C:/385_Vivado_Projects/Final_Project/ECE-385-Final-Project/final_project_vitis/fp_usb/_ide/bitstream/mb_usb_hdmi_top.bit"
17:14:25 INFO  : Context for processor 'microblaze_0' is selected.
17:14:25 INFO  : Hardware design and registers information is loaded from 'C:/385_Vivado_Projects/Final_Project/ECE-385-Final-Project/final_project_vitis/mb_usb_hdmi_top/export/mb_usb_hdmi_top/hw/mb_usb_hdmi_top.xsa'.
17:14:25 INFO  : 'configparams mdm-detect-bscan-mask 2' command is executed.
17:14:25 INFO  : Context for processor 'microblaze_0' is selected.
17:14:25 INFO  : System reset is completed.
17:14:28 INFO  : 'after 3000' command is executed.
17:14:28 INFO  : Context for processor 'microblaze_0' is selected.
17:14:29 INFO  : The application 'C:/385_Vivado_Projects/Final_Project/ECE-385-Final-Project/final_project_vitis/fp_usb/Debug/fp_usb.elf' is downloaded to processor 'microblaze_0'.
17:14:29 INFO  : ----------------XSDB Script----------------
connect -url tcp:127.0.0.1:3121
targets -set -filter {jtag_cable_name =~ "RealDigital Boo 8874292301F6A" && level==0 && jtag_device_ctx=="jsn1-0362f093-0"}
fpga -file C:/385_Vivado_Projects/Final_Project/ECE-385-Final-Project/final_project_vitis/fp_usb/_ide/bitstream/mb_usb_hdmi_top.bit
targets -set -nocase -filter {name =~ "*microblaze*#0" && bscan=="USER2" }
loadhw -hw C:/385_Vivado_Projects/Final_Project/ECE-385-Final-Project/final_project_vitis/mb_usb_hdmi_top/export/mb_usb_hdmi_top/hw/mb_usb_hdmi_top.xsa -regs
configparams mdm-detect-bscan-mask 2
targets -set -nocase -filter {name =~ "*microblaze*#0" && bscan=="USER2" }
rst -system
after 3000
targets -set -nocase -filter {name =~ "*microblaze*#0" && bscan=="USER2" }
dow C:/385_Vivado_Projects/Final_Project/ECE-385-Final-Project/final_project_vitis/fp_usb/Debug/fp_usb.elf
----------------End of Script----------------

17:14:29 INFO  : Context for processor 'microblaze_0' is selected.
17:14:29 INFO  : 'con' command is executed.
17:14:29 INFO  : ----------------XSDB Script (After Launch)----------------
targets -set -nocase -filter {name =~ "*microblaze*#0" && bscan=="USER2" }
con
----------------End of Script----------------

17:14:29 INFO  : Disconnected from the channel tcfchan#16.
17:15:35 INFO  : Connected to target on host '127.0.0.1' and port '3121'.
17:15:35 INFO  : Jtag cable 'RealDigital Boo 8874292301F6A' is selected.
17:15:35 INFO  : 'jtag frequency' command is executed.
17:15:35 INFO  : 'targets -set -filter {jtag_cable_name =~ "RealDigital Boo 8874292301F6A" && level==0 && jtag_device_ctx=="jsn1-0362f093-0"}' command is executed.
17:15:36 INFO  : Device configured successfully with "C:/385_Vivado_Projects/Final_Project/ECE-385-Final-Project/final_project_vitis/fp_usb/_ide/bitstream/mb_usb_hdmi_top.bit"
17:15:36 INFO  : Context for processor 'microblaze_0' is selected.
17:15:36 INFO  : Hardware design and registers information is loaded from 'C:/385_Vivado_Projects/Final_Project/ECE-385-Final-Project/final_project_vitis/mb_usb_hdmi_top/export/mb_usb_hdmi_top/hw/mb_usb_hdmi_top.xsa'.
17:15:36 INFO  : 'configparams mdm-detect-bscan-mask 2' command is executed.
17:15:36 INFO  : Context for processor 'microblaze_0' is selected.
17:15:36 INFO  : System reset is completed.
17:15:39 INFO  : 'after 3000' command is executed.
17:15:40 INFO  : Context for processor 'microblaze_0' is selected.
17:15:40 INFO  : The application 'C:/385_Vivado_Projects/Final_Project/ECE-385-Final-Project/final_project_vitis/fp_usb/Debug/fp_usb.elf' is downloaded to processor 'microblaze_0'.
17:15:40 INFO  : ----------------XSDB Script----------------
connect -url tcp:127.0.0.1:3121
targets -set -filter {jtag_cable_name =~ "RealDigital Boo 8874292301F6A" && level==0 && jtag_device_ctx=="jsn1-0362f093-0"}
fpga -file C:/385_Vivado_Projects/Final_Project/ECE-385-Final-Project/final_project_vitis/fp_usb/_ide/bitstream/mb_usb_hdmi_top.bit
targets -set -nocase -filter {name =~ "*microblaze*#0" && bscan=="USER2" }
loadhw -hw C:/385_Vivado_Projects/Final_Project/ECE-385-Final-Project/final_project_vitis/mb_usb_hdmi_top/export/mb_usb_hdmi_top/hw/mb_usb_hdmi_top.xsa -regs
configparams mdm-detect-bscan-mask 2
targets -set -nocase -filter {name =~ "*microblaze*#0" && bscan=="USER2" }
rst -system
after 3000
targets -set -nocase -filter {name =~ "*microblaze*#0" && bscan=="USER2" }
dow C:/385_Vivado_Projects/Final_Project/ECE-385-Final-Project/final_project_vitis/fp_usb/Debug/fp_usb.elf
----------------End of Script----------------

17:15:40 INFO  : Context for processor 'microblaze_0' is selected.
17:15:40 INFO  : 'con' command is executed.
17:15:40 INFO  : ----------------XSDB Script (After Launch)----------------
targets -set -nocase -filter {name =~ "*microblaze*#0" && bscan=="USER2" }
con
----------------End of Script----------------

17:15:40 INFO  : Disconnected from the channel tcfchan#17.
17:16:03 INFO  : Connected to target on host '127.0.0.1' and port '3121'.
17:16:03 INFO  : Jtag cable 'RealDigital Boo 8874292301F6A' is selected.
17:16:03 INFO  : 'jtag frequency' command is executed.
17:16:03 INFO  : 'targets -set -filter {jtag_cable_name =~ "RealDigital Boo 8874292301F6A" && level==0 && jtag_device_ctx=="jsn1-0362f093-0"}' command is executed.
17:16:04 INFO  : Device configured successfully with "C:/385_Vivado_Projects/Final_Project/ECE-385-Final-Project/final_project_vitis/fp_usb/_ide/bitstream/mb_usb_hdmi_top.bit"
17:16:04 INFO  : Context for processor 'microblaze_0' is selected.
17:16:05 INFO  : Hardware design and registers information is loaded from 'C:/385_Vivado_Projects/Final_Project/ECE-385-Final-Project/final_project_vitis/mb_usb_hdmi_top/export/mb_usb_hdmi_top/hw/mb_usb_hdmi_top.xsa'.
17:16:05 INFO  : 'configparams mdm-detect-bscan-mask 2' command is executed.
17:16:05 INFO  : Context for processor 'microblaze_0' is selected.
17:16:05 INFO  : System reset is completed.
17:16:08 INFO  : 'after 3000' command is executed.
17:16:08 INFO  : Context for processor 'microblaze_0' is selected.
17:16:08 INFO  : The application 'C:/385_Vivado_Projects/Final_Project/ECE-385-Final-Project/final_project_vitis/fp_usb/Debug/fp_usb.elf' is downloaded to processor 'microblaze_0'.
17:16:08 INFO  : ----------------XSDB Script----------------
connect -url tcp:127.0.0.1:3121
targets -set -filter {jtag_cable_name =~ "RealDigital Boo 8874292301F6A" && level==0 && jtag_device_ctx=="jsn1-0362f093-0"}
fpga -file C:/385_Vivado_Projects/Final_Project/ECE-385-Final-Project/final_project_vitis/fp_usb/_ide/bitstream/mb_usb_hdmi_top.bit
targets -set -nocase -filter {name =~ "*microblaze*#0" && bscan=="USER2" }
loadhw -hw C:/385_Vivado_Projects/Final_Project/ECE-385-Final-Project/final_project_vitis/mb_usb_hdmi_top/export/mb_usb_hdmi_top/hw/mb_usb_hdmi_top.xsa -regs
configparams mdm-detect-bscan-mask 2
targets -set -nocase -filter {name =~ "*microblaze*#0" && bscan=="USER2" }
rst -system
after 3000
targets -set -nocase -filter {name =~ "*microblaze*#0" && bscan=="USER2" }
dow C:/385_Vivado_Projects/Final_Project/ECE-385-Final-Project/final_project_vitis/fp_usb/Debug/fp_usb.elf
----------------End of Script----------------

17:16:08 INFO  : Context for processor 'microblaze_0' is selected.
17:16:08 INFO  : 'con' command is executed.
17:16:08 INFO  : ----------------XSDB Script (After Launch)----------------
targets -set -nocase -filter {name =~ "*microblaze*#0" && bscan=="USER2" }
con
----------------End of Script----------------

17:16:08 INFO  : Disconnected from the channel tcfchan#18.
17:27:02 INFO  : Hardware specification for platform project 'mb_usb_hdmi_top' is updated.
17:27:15 INFO  : Result from executing command 'getProjects': mb_usb_hdmi_top
17:27:15 INFO  : Result from executing command 'getPlatforms': mb_usb_hdmi_top|C:/385_Vivado_Projects/Final_Project/ECE-385-Final-Project/final_project_vitis/mb_usb_hdmi_top/export/mb_usb_hdmi_top/mb_usb_hdmi_top.xpfm
17:27:16 INFO  : Checking for BSP changes to sync application flags for project 'fp_usb'...
17:27:18 INFO  : The hardware specification used by project 'fp_usb' is out of sync with the platform. Resource files extracted from the hardware specification will be updated.
17:27:18 INFO  : The file 'C:\385_Vivado_Projects\Final_Project\ECE-385-Final-Project\final_project_vitis\fp_usb\_ide\bitstream\mb_usb_hdmi_top.bit' stored in project is removed.
17:27:18 INFO  : The file 'C:\385_Vivado_Projects\Final_Project\ECE-385-Final-Project\final_project_vitis\fp_usb\_ide\bitstream\mb_usb_hdmi_top.mmi' stored in project is removed.
17:27:18 INFO  : The updated bitstream files are copied from platform to folder 'C:\385_Vivado_Projects\Final_Project\ECE-385-Final-Project\final_project_vitis\fp_usb\_ide\bitstream' in project 'fp_usb'.
17:27:21 INFO  : Connected to target on host '127.0.0.1' and port '3121'.
17:27:21 INFO  : Jtag cable 'RealDigital Boo 8874292301F6A' is selected.
17:27:21 INFO  : 'jtag frequency' command is executed.
17:27:21 INFO  : 'targets -set -filter {jtag_cable_name =~ "RealDigital Boo 8874292301F6A" && level==0 && jtag_device_ctx=="jsn1-0362f093-0"}' command is executed.
17:27:22 INFO  : Device configured successfully with "C:/385_Vivado_Projects/Final_Project/ECE-385-Final-Project/final_project_vitis/fp_usb/_ide/bitstream/mb_usb_hdmi_top.bit"
17:27:22 INFO  : Context for processor 'microblaze_0' is selected.
17:27:23 INFO  : Hardware design and registers information is loaded from 'C:/385_Vivado_Projects/Final_Project/ECE-385-Final-Project/final_project_vitis/mb_usb_hdmi_top/export/mb_usb_hdmi_top/hw/mb_usb_hdmi_top.xsa'.
17:27:23 INFO  : 'configparams mdm-detect-bscan-mask 2' command is executed.
17:27:23 INFO  : Context for processor 'microblaze_0' is selected.
17:27:23 INFO  : System reset is completed.
17:27:26 INFO  : 'after 3000' command is executed.
17:27:26 INFO  : Context for processor 'microblaze_0' is selected.
17:27:26 INFO  : The application 'C:/385_Vivado_Projects/Final_Project/ECE-385-Final-Project/final_project_vitis/fp_usb/Debug/fp_usb.elf' is downloaded to processor 'microblaze_0'.
17:27:26 INFO  : ----------------XSDB Script----------------
connect -url tcp:127.0.0.1:3121
targets -set -filter {jtag_cable_name =~ "RealDigital Boo 8874292301F6A" && level==0 && jtag_device_ctx=="jsn1-0362f093-0"}
fpga -file C:/385_Vivado_Projects/Final_Project/ECE-385-Final-Project/final_project_vitis/fp_usb/_ide/bitstream/mb_usb_hdmi_top.bit
targets -set -nocase -filter {name =~ "*microblaze*#0" && bscan=="USER2" }
loadhw -hw C:/385_Vivado_Projects/Final_Project/ECE-385-Final-Project/final_project_vitis/mb_usb_hdmi_top/export/mb_usb_hdmi_top/hw/mb_usb_hdmi_top.xsa -regs
configparams mdm-detect-bscan-mask 2
targets -set -nocase -filter {name =~ "*microblaze*#0" && bscan=="USER2" }
rst -system
after 3000
targets -set -nocase -filter {name =~ "*microblaze*#0" && bscan=="USER2" }
dow C:/385_Vivado_Projects/Final_Project/ECE-385-Final-Project/final_project_vitis/fp_usb/Debug/fp_usb.elf
----------------End of Script----------------

17:27:26 INFO  : Context for processor 'microblaze_0' is selected.
17:27:26 INFO  : 'con' command is executed.
17:27:26 INFO  : ----------------XSDB Script (After Launch)----------------
targets -set -nocase -filter {name =~ "*microblaze*#0" && bscan=="USER2" }
con
----------------End of Script----------------

17:27:26 INFO  : Disconnected from the channel tcfchan#20.
17:28:17 INFO  : Connected to target on host '127.0.0.1' and port '3121'.
17:28:17 INFO  : Jtag cable 'RealDigital Boo 8874292301F6A' is selected.
17:28:17 INFO  : 'jtag frequency' command is executed.
17:28:17 INFO  : 'targets -set -filter {jtag_cable_name =~ "RealDigital Boo 8874292301F6A" && level==0 && jtag_device_ctx=="jsn1-0362f093-0"}' command is executed.
17:28:18 INFO  : Device configured successfully with "C:/385_Vivado_Projects/Final_Project/ECE-385-Final-Project/final_project_vitis/fp_usb/_ide/bitstream/mb_usb_hdmi_top.bit"
17:28:18 INFO  : Context for processor 'microblaze_0' is selected.
17:28:18 INFO  : Hardware design and registers information is loaded from 'C:/385_Vivado_Projects/Final_Project/ECE-385-Final-Project/final_project_vitis/mb_usb_hdmi_top/export/mb_usb_hdmi_top/hw/mb_usb_hdmi_top.xsa'.
17:28:18 INFO  : 'configparams mdm-detect-bscan-mask 2' command is executed.
17:28:19 INFO  : Context for processor 'microblaze_0' is selected.
17:28:19 INFO  : System reset is completed.
17:28:22 INFO  : 'after 3000' command is executed.
17:28:22 INFO  : Context for processor 'microblaze_0' is selected.
17:28:22 INFO  : The application 'C:/385_Vivado_Projects/Final_Project/ECE-385-Final-Project/final_project_vitis/fp_usb/Debug/fp_usb.elf' is downloaded to processor 'microblaze_0'.
17:28:22 INFO  : ----------------XSDB Script----------------
connect -url tcp:127.0.0.1:3121
targets -set -filter {jtag_cable_name =~ "RealDigital Boo 8874292301F6A" && level==0 && jtag_device_ctx=="jsn1-0362f093-0"}
fpga -file C:/385_Vivado_Projects/Final_Project/ECE-385-Final-Project/final_project_vitis/fp_usb/_ide/bitstream/mb_usb_hdmi_top.bit
targets -set -nocase -filter {name =~ "*microblaze*#0" && bscan=="USER2" }
loadhw -hw C:/385_Vivado_Projects/Final_Project/ECE-385-Final-Project/final_project_vitis/mb_usb_hdmi_top/export/mb_usb_hdmi_top/hw/mb_usb_hdmi_top.xsa -regs
configparams mdm-detect-bscan-mask 2
targets -set -nocase -filter {name =~ "*microblaze*#0" && bscan=="USER2" }
rst -system
after 3000
targets -set -nocase -filter {name =~ "*microblaze*#0" && bscan=="USER2" }
dow C:/385_Vivado_Projects/Final_Project/ECE-385-Final-Project/final_project_vitis/fp_usb/Debug/fp_usb.elf
----------------End of Script----------------

17:28:22 INFO  : Context for processor 'microblaze_0' is selected.
17:28:22 INFO  : 'con' command is executed.
17:28:22 INFO  : ----------------XSDB Script (After Launch)----------------
targets -set -nocase -filter {name =~ "*microblaze*#0" && bscan=="USER2" }
con
----------------End of Script----------------

17:28:22 INFO  : Disconnected from the channel tcfchan#21.
17:29:01 INFO  : Connected to target on host '127.0.0.1' and port '3121'.
17:29:02 INFO  : Jtag cable 'RealDigital Boo 8874292301F6A' is selected.
17:29:02 INFO  : 'jtag frequency' command is executed.
17:29:02 INFO  : 'targets -set -filter {jtag_cable_name =~ "RealDigital Boo 8874292301F6A" && level==0 && jtag_device_ctx=="jsn1-0362f093-0"}' command is executed.
17:29:03 INFO  : Device configured successfully with "C:/385_Vivado_Projects/Final_Project/ECE-385-Final-Project/final_project_vitis/fp_usb/_ide/bitstream/mb_usb_hdmi_top.bit"
17:29:03 INFO  : Context for processor 'microblaze_0' is selected.
17:29:03 INFO  : Hardware design and registers information is loaded from 'C:/385_Vivado_Projects/Final_Project/ECE-385-Final-Project/final_project_vitis/mb_usb_hdmi_top/export/mb_usb_hdmi_top/hw/mb_usb_hdmi_top.xsa'.
17:29:03 INFO  : 'configparams mdm-detect-bscan-mask 2' command is executed.
17:29:03 INFO  : Context for processor 'microblaze_0' is selected.
17:29:03 INFO  : System reset is completed.
17:29:06 INFO  : 'after 3000' command is executed.
17:29:06 INFO  : Context for processor 'microblaze_0' is selected.
17:29:06 INFO  : The application 'C:/385_Vivado_Projects/Final_Project/ECE-385-Final-Project/final_project_vitis/fp_usb/Debug/fp_usb.elf' is downloaded to processor 'microblaze_0'.
17:29:06 INFO  : ----------------XSDB Script----------------
connect -url tcp:127.0.0.1:3121
targets -set -filter {jtag_cable_name =~ "RealDigital Boo 8874292301F6A" && level==0 && jtag_device_ctx=="jsn1-0362f093-0"}
fpga -file C:/385_Vivado_Projects/Final_Project/ECE-385-Final-Project/final_project_vitis/fp_usb/_ide/bitstream/mb_usb_hdmi_top.bit
targets -set -nocase -filter {name =~ "*microblaze*#0" && bscan=="USER2" }
loadhw -hw C:/385_Vivado_Projects/Final_Project/ECE-385-Final-Project/final_project_vitis/mb_usb_hdmi_top/export/mb_usb_hdmi_top/hw/mb_usb_hdmi_top.xsa -regs
configparams mdm-detect-bscan-mask 2
targets -set -nocase -filter {name =~ "*microblaze*#0" && bscan=="USER2" }
rst -system
after 3000
targets -set -nocase -filter {name =~ "*microblaze*#0" && bscan=="USER2" }
dow C:/385_Vivado_Projects/Final_Project/ECE-385-Final-Project/final_project_vitis/fp_usb/Debug/fp_usb.elf
----------------End of Script----------------

17:29:06 INFO  : Context for processor 'microblaze_0' is selected.
17:29:06 INFO  : 'con' command is executed.
17:29:06 INFO  : ----------------XSDB Script (After Launch)----------------
targets -set -nocase -filter {name =~ "*microblaze*#0" && bscan=="USER2" }
con
----------------End of Script----------------

17:29:06 INFO  : Disconnected from the channel tcfchan#22.
17:29:34 INFO  : Connected to target on host '127.0.0.1' and port '3121'.
17:29:34 INFO  : Jtag cable 'RealDigital Boo 8874292301F6A' is selected.
17:29:34 INFO  : 'jtag frequency' command is executed.
17:29:34 INFO  : 'targets -set -filter {jtag_cable_name =~ "RealDigital Boo 8874292301F6A" && level==0 && jtag_device_ctx=="jsn1-0362f093-0"}' command is executed.
17:29:35 INFO  : Device configured successfully with "C:/385_Vivado_Projects/Final_Project/ECE-385-Final-Project/final_project_vitis/fp_usb/_ide/bitstream/mb_usb_hdmi_top.bit"
17:29:36 INFO  : Context for processor 'microblaze_0' is selected.
17:29:36 INFO  : Hardware design and registers information is loaded from 'C:/385_Vivado_Projects/Final_Project/ECE-385-Final-Project/final_project_vitis/mb_usb_hdmi_top/export/mb_usb_hdmi_top/hw/mb_usb_hdmi_top.xsa'.
17:29:36 INFO  : 'configparams mdm-detect-bscan-mask 2' command is executed.
17:29:36 INFO  : Context for processor 'microblaze_0' is selected.
17:29:36 INFO  : System reset is completed.
17:29:39 INFO  : 'after 3000' command is executed.
17:29:39 INFO  : Context for processor 'microblaze_0' is selected.
17:29:39 INFO  : The application 'C:/385_Vivado_Projects/Final_Project/ECE-385-Final-Project/final_project_vitis/fp_usb/Debug/fp_usb.elf' is downloaded to processor 'microblaze_0'.
17:29:39 INFO  : ----------------XSDB Script----------------
connect -url tcp:127.0.0.1:3121
targets -set -filter {jtag_cable_name =~ "RealDigital Boo 8874292301F6A" && level==0 && jtag_device_ctx=="jsn1-0362f093-0"}
fpga -file C:/385_Vivado_Projects/Final_Project/ECE-385-Final-Project/final_project_vitis/fp_usb/_ide/bitstream/mb_usb_hdmi_top.bit
targets -set -nocase -filter {name =~ "*microblaze*#0" && bscan=="USER2" }
loadhw -hw C:/385_Vivado_Projects/Final_Project/ECE-385-Final-Project/final_project_vitis/mb_usb_hdmi_top/export/mb_usb_hdmi_top/hw/mb_usb_hdmi_top.xsa -regs
configparams mdm-detect-bscan-mask 2
targets -set -nocase -filter {name =~ "*microblaze*#0" && bscan=="USER2" }
rst -system
after 3000
targets -set -nocase -filter {name =~ "*microblaze*#0" && bscan=="USER2" }
dow C:/385_Vivado_Projects/Final_Project/ECE-385-Final-Project/final_project_vitis/fp_usb/Debug/fp_usb.elf
----------------End of Script----------------

17:29:39 INFO  : Context for processor 'microblaze_0' is selected.
17:29:39 INFO  : 'con' command is executed.
17:29:39 INFO  : ----------------XSDB Script (After Launch)----------------
targets -set -nocase -filter {name =~ "*microblaze*#0" && bscan=="USER2" }
con
----------------End of Script----------------

17:29:39 INFO  : Disconnected from the channel tcfchan#23.
17:30:14 INFO  : Connected to target on host '127.0.0.1' and port '3121'.
17:30:14 INFO  : Jtag cable 'RealDigital Boo 8874292301F6A' is selected.
17:30:14 INFO  : 'jtag frequency' command is executed.
17:30:14 INFO  : 'targets -set -filter {jtag_cable_name =~ "RealDigital Boo 8874292301F6A" && level==0 && jtag_device_ctx=="jsn1-0362f093-0"}' command is executed.
17:30:15 INFO  : Device configured successfully with "C:/385_Vivado_Projects/Final_Project/ECE-385-Final-Project/final_project_vitis/fp_usb/_ide/bitstream/mb_usb_hdmi_top.bit"
17:30:15 INFO  : Context for processor 'microblaze_0' is selected.
17:30:15 INFO  : Hardware design and registers information is loaded from 'C:/385_Vivado_Projects/Final_Project/ECE-385-Final-Project/final_project_vitis/mb_usb_hdmi_top/export/mb_usb_hdmi_top/hw/mb_usb_hdmi_top.xsa'.
17:30:15 INFO  : 'configparams mdm-detect-bscan-mask 2' command is executed.
17:30:15 INFO  : Context for processor 'microblaze_0' is selected.
17:30:15 INFO  : System reset is completed.
17:30:18 INFO  : 'after 3000' command is executed.
17:30:19 INFO  : Context for processor 'microblaze_0' is selected.
17:30:19 INFO  : The application 'C:/385_Vivado_Projects/Final_Project/ECE-385-Final-Project/final_project_vitis/fp_usb/Debug/fp_usb.elf' is downloaded to processor 'microblaze_0'.
17:30:19 INFO  : ----------------XSDB Script----------------
connect -url tcp:127.0.0.1:3121
targets -set -filter {jtag_cable_name =~ "RealDigital Boo 8874292301F6A" && level==0 && jtag_device_ctx=="jsn1-0362f093-0"}
fpga -file C:/385_Vivado_Projects/Final_Project/ECE-385-Final-Project/final_project_vitis/fp_usb/_ide/bitstream/mb_usb_hdmi_top.bit
targets -set -nocase -filter {name =~ "*microblaze*#0" && bscan=="USER2" }
loadhw -hw C:/385_Vivado_Projects/Final_Project/ECE-385-Final-Project/final_project_vitis/mb_usb_hdmi_top/export/mb_usb_hdmi_top/hw/mb_usb_hdmi_top.xsa -regs
configparams mdm-detect-bscan-mask 2
targets -set -nocase -filter {name =~ "*microblaze*#0" && bscan=="USER2" }
rst -system
after 3000
targets -set -nocase -filter {name =~ "*microblaze*#0" && bscan=="USER2" }
dow C:/385_Vivado_Projects/Final_Project/ECE-385-Final-Project/final_project_vitis/fp_usb/Debug/fp_usb.elf
----------------End of Script----------------

17:30:19 INFO  : Context for processor 'microblaze_0' is selected.
17:30:19 INFO  : 'con' command is executed.
17:30:19 INFO  : ----------------XSDB Script (After Launch)----------------
targets -set -nocase -filter {name =~ "*microblaze*#0" && bscan=="USER2" }
con
----------------End of Script----------------

17:30:19 INFO  : Disconnected from the channel tcfchan#24.
17:30:33 INFO  : Connected to target on host '127.0.0.1' and port '3121'.
17:30:34 INFO  : Jtag cable 'RealDigital Boo 8874292301F6A' is selected.
17:30:34 INFO  : 'jtag frequency' command is executed.
17:30:34 INFO  : 'targets -set -filter {jtag_cable_name =~ "RealDigital Boo 8874292301F6A" && level==0 && jtag_device_ctx=="jsn1-0362f093-0"}' command is executed.
17:30:35 INFO  : Device configured successfully with "C:/385_Vivado_Projects/Final_Project/ECE-385-Final-Project/final_project_vitis/fp_usb/_ide/bitstream/mb_usb_hdmi_top.bit"
17:30:40 INFO  : Context for processor 'microblaze_0' is selected.
17:30:40 INFO  : Hardware design and registers information is loaded from 'C:/385_Vivado_Projects/Final_Project/ECE-385-Final-Project/final_project_vitis/mb_usb_hdmi_top/export/mb_usb_hdmi_top/hw/mb_usb_hdmi_top.xsa'.
17:30:40 INFO  : 'configparams mdm-detect-bscan-mask 2' command is executed.
17:30:40 INFO  : Context for processor 'microblaze_0' is selected.
17:30:40 INFO  : System reset is completed.
17:30:43 INFO  : 'after 3000' command is executed.
17:30:43 INFO  : Context for processor 'microblaze_0' is selected.
17:30:43 INFO  : The application 'C:/385_Vivado_Projects/Final_Project/ECE-385-Final-Project/final_project_vitis/fp_usb/Debug/fp_usb.elf' is downloaded to processor 'microblaze_0'.
17:30:43 INFO  : ----------------XSDB Script----------------
connect -url tcp:127.0.0.1:3121
targets -set -filter {jtag_cable_name =~ "RealDigital Boo 8874292301F6A" && level==0 && jtag_device_ctx=="jsn1-0362f093-0"}
fpga -file C:/385_Vivado_Projects/Final_Project/ECE-385-Final-Project/final_project_vitis/fp_usb/_ide/bitstream/mb_usb_hdmi_top.bit
targets -set -nocase -filter {name =~ "*microblaze*#0" && bscan=="USER2" }
loadhw -hw C:/385_Vivado_Projects/Final_Project/ECE-385-Final-Project/final_project_vitis/mb_usb_hdmi_top/export/mb_usb_hdmi_top/hw/mb_usb_hdmi_top.xsa -regs
configparams mdm-detect-bscan-mask 2
targets -set -nocase -filter {name =~ "*microblaze*#0" && bscan=="USER2" }
rst -system
after 3000
targets -set -nocase -filter {name =~ "*microblaze*#0" && bscan=="USER2" }
dow C:/385_Vivado_Projects/Final_Project/ECE-385-Final-Project/final_project_vitis/fp_usb/Debug/fp_usb.elf
----------------End of Script----------------

17:30:43 INFO  : Context for processor 'microblaze_0' is selected.
17:30:43 INFO  : 'con' command is executed.
17:30:43 INFO  : ----------------XSDB Script (After Launch)----------------
targets -set -nocase -filter {name =~ "*microblaze*#0" && bscan=="USER2" }
con
----------------End of Script----------------

17:30:43 INFO  : Disconnected from the channel tcfchan#25.
17:33:40 INFO  : Connected to target on host '127.0.0.1' and port '3121'.
17:33:41 INFO  : Jtag cable 'RealDigital Boo 8874292301F6A' is selected.
17:33:41 INFO  : 'jtag frequency' command is executed.
17:33:41 INFO  : 'targets -set -filter {jtag_cable_name =~ "RealDigital Boo 8874292301F6A" && level==0 && jtag_device_ctx=="jsn1-0362f093-0"}' command is executed.
17:33:42 INFO  : Device configured successfully with "C:/385_Vivado_Projects/Final_Project/ECE-385-Final-Project/final_project_vitis/fp_usb/_ide/bitstream/mb_usb_hdmi_top.bit"
17:33:42 INFO  : Context for processor 'microblaze_0' is selected.
17:33:42 INFO  : Hardware design and registers information is loaded from 'C:/385_Vivado_Projects/Final_Project/ECE-385-Final-Project/final_project_vitis/mb_usb_hdmi_top/export/mb_usb_hdmi_top/hw/mb_usb_hdmi_top.xsa'.
17:33:42 INFO  : 'configparams mdm-detect-bscan-mask 2' command is executed.
17:33:42 INFO  : Context for processor 'microblaze_0' is selected.
17:33:42 INFO  : System reset is completed.
17:33:45 INFO  : 'after 3000' command is executed.
17:33:45 INFO  : Context for processor 'microblaze_0' is selected.
17:33:45 INFO  : The application 'C:/385_Vivado_Projects/Final_Project/ECE-385-Final-Project/final_project_vitis/fp_usb/Debug/fp_usb.elf' is downloaded to processor 'microblaze_0'.
17:33:45 INFO  : ----------------XSDB Script----------------
connect -url tcp:127.0.0.1:3121
targets -set -filter {jtag_cable_name =~ "RealDigital Boo 8874292301F6A" && level==0 && jtag_device_ctx=="jsn1-0362f093-0"}
fpga -file C:/385_Vivado_Projects/Final_Project/ECE-385-Final-Project/final_project_vitis/fp_usb/_ide/bitstream/mb_usb_hdmi_top.bit
targets -set -nocase -filter {name =~ "*microblaze*#0" && bscan=="USER2" }
loadhw -hw C:/385_Vivado_Projects/Final_Project/ECE-385-Final-Project/final_project_vitis/mb_usb_hdmi_top/export/mb_usb_hdmi_top/hw/mb_usb_hdmi_top.xsa -regs
configparams mdm-detect-bscan-mask 2
targets -set -nocase -filter {name =~ "*microblaze*#0" && bscan=="USER2" }
rst -system
after 3000
targets -set -nocase -filter {name =~ "*microblaze*#0" && bscan=="USER2" }
dow C:/385_Vivado_Projects/Final_Project/ECE-385-Final-Project/final_project_vitis/fp_usb/Debug/fp_usb.elf
----------------End of Script----------------

17:33:45 INFO  : Context for processor 'microblaze_0' is selected.
17:33:45 INFO  : 'con' command is executed.
17:33:45 INFO  : ----------------XSDB Script (After Launch)----------------
targets -set -nocase -filter {name =~ "*microblaze*#0" && bscan=="USER2" }
con
----------------End of Script----------------

17:33:45 INFO  : Disconnected from the channel tcfchan#26.
17:34:18 INFO  : Connected to target on host '127.0.0.1' and port '3121'.
17:34:19 INFO  : Jtag cable 'RealDigital Boo 8874292301F6A' is selected.
17:34:19 INFO  : 'jtag frequency' command is executed.
17:34:19 INFO  : 'targets -set -filter {jtag_cable_name =~ "RealDigital Boo 8874292301F6A" && level==0 && jtag_device_ctx=="jsn1-0362f093-0"}' command is executed.
17:34:20 INFO  : Device configured successfully with "C:/385_Vivado_Projects/Final_Project/ECE-385-Final-Project/final_project_vitis/fp_usb/_ide/bitstream/mb_usb_hdmi_top.bit"
17:34:20 INFO  : Context for processor 'microblaze_0' is selected.
17:34:20 INFO  : Hardware design and registers information is loaded from 'C:/385_Vivado_Projects/Final_Project/ECE-385-Final-Project/final_project_vitis/mb_usb_hdmi_top/export/mb_usb_hdmi_top/hw/mb_usb_hdmi_top.xsa'.
17:34:20 INFO  : 'configparams mdm-detect-bscan-mask 2' command is executed.
17:34:20 INFO  : Context for processor 'microblaze_0' is selected.
17:34:20 INFO  : System reset is completed.
17:34:23 INFO  : 'after 3000' command is executed.
17:34:23 INFO  : Context for processor 'microblaze_0' is selected.
17:34:23 INFO  : The application 'C:/385_Vivado_Projects/Final_Project/ECE-385-Final-Project/final_project_vitis/fp_usb/Debug/fp_usb.elf' is downloaded to processor 'microblaze_0'.
17:34:23 INFO  : ----------------XSDB Script----------------
connect -url tcp:127.0.0.1:3121
targets -set -filter {jtag_cable_name =~ "RealDigital Boo 8874292301F6A" && level==0 && jtag_device_ctx=="jsn1-0362f093-0"}
fpga -file C:/385_Vivado_Projects/Final_Project/ECE-385-Final-Project/final_project_vitis/fp_usb/_ide/bitstream/mb_usb_hdmi_top.bit
targets -set -nocase -filter {name =~ "*microblaze*#0" && bscan=="USER2" }
loadhw -hw C:/385_Vivado_Projects/Final_Project/ECE-385-Final-Project/final_project_vitis/mb_usb_hdmi_top/export/mb_usb_hdmi_top/hw/mb_usb_hdmi_top.xsa -regs
configparams mdm-detect-bscan-mask 2
targets -set -nocase -filter {name =~ "*microblaze*#0" && bscan=="USER2" }
rst -system
after 3000
targets -set -nocase -filter {name =~ "*microblaze*#0" && bscan=="USER2" }
dow C:/385_Vivado_Projects/Final_Project/ECE-385-Final-Project/final_project_vitis/fp_usb/Debug/fp_usb.elf
----------------End of Script----------------

17:34:23 INFO  : Context for processor 'microblaze_0' is selected.
17:34:23 INFO  : 'con' command is executed.
17:34:23 INFO  : ----------------XSDB Script (After Launch)----------------
targets -set -nocase -filter {name =~ "*microblaze*#0" && bscan=="USER2" }
con
----------------End of Script----------------

17:34:23 INFO  : Disconnected from the channel tcfchan#27.
17:42:18 INFO  : Hardware specification for platform project 'mb_usb_hdmi_top' is updated.
17:42:29 INFO  : Result from executing command 'getProjects': mb_usb_hdmi_top
17:42:29 INFO  : Result from executing command 'getPlatforms': mb_usb_hdmi_top|C:/385_Vivado_Projects/Final_Project/ECE-385-Final-Project/final_project_vitis/mb_usb_hdmi_top/export/mb_usb_hdmi_top/mb_usb_hdmi_top.xpfm
17:42:29 INFO  : Checking for BSP changes to sync application flags for project 'fp_usb'...
17:42:31 INFO  : The hardware specification used by project 'fp_usb' is out of sync with the platform. Resource files extracted from the hardware specification will be updated.
17:42:31 INFO  : The file 'C:\385_Vivado_Projects\Final_Project\ECE-385-Final-Project\final_project_vitis\fp_usb\_ide\bitstream\mb_usb_hdmi_top.bit' stored in project is removed.
17:42:31 INFO  : The file 'C:\385_Vivado_Projects\Final_Project\ECE-385-Final-Project\final_project_vitis\fp_usb\_ide\bitstream\mb_usb_hdmi_top.mmi' stored in project is removed.
17:42:31 INFO  : The updated bitstream files are copied from platform to folder 'C:\385_Vivado_Projects\Final_Project\ECE-385-Final-Project\final_project_vitis\fp_usb\_ide\bitstream' in project 'fp_usb'.
17:42:35 INFO  : Connected to target on host '127.0.0.1' and port '3121'.
17:42:35 INFO  : Jtag cable 'RealDigital Boo 8874292301F6A' is selected.
17:42:35 INFO  : 'jtag frequency' command is executed.
17:42:35 INFO  : 'targets -set -filter {jtag_cable_name =~ "RealDigital Boo 8874292301F6A" && level==0 && jtag_device_ctx=="jsn1-0362f093-0"}' command is executed.
17:42:36 INFO  : Device configured successfully with "C:/385_Vivado_Projects/Final_Project/ECE-385-Final-Project/final_project_vitis/fp_usb/_ide/bitstream/mb_usb_hdmi_top.bit"
17:42:37 INFO  : Context for processor 'microblaze_0' is selected.
17:42:37 INFO  : Hardware design and registers information is loaded from 'C:/385_Vivado_Projects/Final_Project/ECE-385-Final-Project/final_project_vitis/mb_usb_hdmi_top/export/mb_usb_hdmi_top/hw/mb_usb_hdmi_top.xsa'.
17:42:37 INFO  : 'configparams mdm-detect-bscan-mask 2' command is executed.
17:42:37 INFO  : Context for processor 'microblaze_0' is selected.
17:42:37 INFO  : System reset is completed.
17:42:40 INFO  : 'after 3000' command is executed.
17:42:40 INFO  : Context for processor 'microblaze_0' is selected.
17:42:40 INFO  : The application 'C:/385_Vivado_Projects/Final_Project/ECE-385-Final-Project/final_project_vitis/fp_usb/Debug/fp_usb.elf' is downloaded to processor 'microblaze_0'.
17:42:40 INFO  : ----------------XSDB Script----------------
connect -url tcp:127.0.0.1:3121
targets -set -filter {jtag_cable_name =~ "RealDigital Boo 8874292301F6A" && level==0 && jtag_device_ctx=="jsn1-0362f093-0"}
fpga -file C:/385_Vivado_Projects/Final_Project/ECE-385-Final-Project/final_project_vitis/fp_usb/_ide/bitstream/mb_usb_hdmi_top.bit
targets -set -nocase -filter {name =~ "*microblaze*#0" && bscan=="USER2" }
loadhw -hw C:/385_Vivado_Projects/Final_Project/ECE-385-Final-Project/final_project_vitis/mb_usb_hdmi_top/export/mb_usb_hdmi_top/hw/mb_usb_hdmi_top.xsa -regs
configparams mdm-detect-bscan-mask 2
targets -set -nocase -filter {name =~ "*microblaze*#0" && bscan=="USER2" }
rst -system
after 3000
targets -set -nocase -filter {name =~ "*microblaze*#0" && bscan=="USER2" }
dow C:/385_Vivado_Projects/Final_Project/ECE-385-Final-Project/final_project_vitis/fp_usb/Debug/fp_usb.elf
----------------End of Script----------------

17:42:40 INFO  : Context for processor 'microblaze_0' is selected.
17:42:40 INFO  : 'con' command is executed.
17:42:40 INFO  : ----------------XSDB Script (After Launch)----------------
targets -set -nocase -filter {name =~ "*microblaze*#0" && bscan=="USER2" }
con
----------------End of Script----------------

17:42:40 INFO  : Disconnected from the channel tcfchan#29.
17:43:03 INFO  : Connected to target on host '127.0.0.1' and port '3121'.
17:43:04 INFO  : Jtag cable 'RealDigital Boo 8874292301F6A' is selected.
17:43:04 INFO  : 'jtag frequency' command is executed.
17:43:04 INFO  : 'targets -set -filter {jtag_cable_name =~ "RealDigital Boo 8874292301F6A" && level==0 && jtag_device_ctx=="jsn1-0362f093-0"}' command is executed.
17:43:05 INFO  : Device configured successfully with "C:/385_Vivado_Projects/Final_Project/ECE-385-Final-Project/final_project_vitis/fp_usb/_ide/bitstream/mb_usb_hdmi_top.bit"
17:43:05 INFO  : Context for processor 'microblaze_0' is selected.
17:43:05 INFO  : Hardware design and registers information is loaded from 'C:/385_Vivado_Projects/Final_Project/ECE-385-Final-Project/final_project_vitis/mb_usb_hdmi_top/export/mb_usb_hdmi_top/hw/mb_usb_hdmi_top.xsa'.
17:43:05 INFO  : 'configparams mdm-detect-bscan-mask 2' command is executed.
17:43:05 INFO  : Context for processor 'microblaze_0' is selected.
17:43:05 INFO  : System reset is completed.
17:43:08 INFO  : 'after 3000' command is executed.
17:43:08 INFO  : Context for processor 'microblaze_0' is selected.
17:43:08 INFO  : The application 'C:/385_Vivado_Projects/Final_Project/ECE-385-Final-Project/final_project_vitis/fp_usb/Debug/fp_usb.elf' is downloaded to processor 'microblaze_0'.
17:43:08 INFO  : ----------------XSDB Script----------------
connect -url tcp:127.0.0.1:3121
targets -set -filter {jtag_cable_name =~ "RealDigital Boo 8874292301F6A" && level==0 && jtag_device_ctx=="jsn1-0362f093-0"}
fpga -file C:/385_Vivado_Projects/Final_Project/ECE-385-Final-Project/final_project_vitis/fp_usb/_ide/bitstream/mb_usb_hdmi_top.bit
targets -set -nocase -filter {name =~ "*microblaze*#0" && bscan=="USER2" }
loadhw -hw C:/385_Vivado_Projects/Final_Project/ECE-385-Final-Project/final_project_vitis/mb_usb_hdmi_top/export/mb_usb_hdmi_top/hw/mb_usb_hdmi_top.xsa -regs
configparams mdm-detect-bscan-mask 2
targets -set -nocase -filter {name =~ "*microblaze*#0" && bscan=="USER2" }
rst -system
after 3000
targets -set -nocase -filter {name =~ "*microblaze*#0" && bscan=="USER2" }
dow C:/385_Vivado_Projects/Final_Project/ECE-385-Final-Project/final_project_vitis/fp_usb/Debug/fp_usb.elf
----------------End of Script----------------

17:43:09 INFO  : Context for processor 'microblaze_0' is selected.
17:43:09 INFO  : 'con' command is executed.
17:43:09 INFO  : ----------------XSDB Script (After Launch)----------------
targets -set -nocase -filter {name =~ "*microblaze*#0" && bscan=="USER2" }
con
----------------End of Script----------------

17:43:09 INFO  : Disconnected from the channel tcfchan#30.
17:43:32 INFO  : Connected to target on host '127.0.0.1' and port '3121'.
17:43:33 INFO  : Jtag cable 'RealDigital Boo 8874292301F6A' is selected.
17:43:33 INFO  : 'jtag frequency' command is executed.
17:43:33 INFO  : 'targets -set -filter {jtag_cable_name =~ "RealDigital Boo 8874292301F6A" && level==0 && jtag_device_ctx=="jsn1-0362f093-0"}' command is executed.
17:43:34 INFO  : Device configured successfully with "C:/385_Vivado_Projects/Final_Project/ECE-385-Final-Project/final_project_vitis/fp_usb/_ide/bitstream/mb_usb_hdmi_top.bit"
17:43:34 INFO  : Context for processor 'microblaze_0' is selected.
17:43:34 INFO  : Hardware design and registers information is loaded from 'C:/385_Vivado_Projects/Final_Project/ECE-385-Final-Project/final_project_vitis/mb_usb_hdmi_top/export/mb_usb_hdmi_top/hw/mb_usb_hdmi_top.xsa'.
17:43:34 INFO  : 'configparams mdm-detect-bscan-mask 2' command is executed.
17:43:34 INFO  : Context for processor 'microblaze_0' is selected.
17:43:34 INFO  : System reset is completed.
17:43:37 INFO  : 'after 3000' command is executed.
17:43:37 INFO  : Context for processor 'microblaze_0' is selected.
17:43:37 INFO  : The application 'C:/385_Vivado_Projects/Final_Project/ECE-385-Final-Project/final_project_vitis/fp_usb/Debug/fp_usb.elf' is downloaded to processor 'microblaze_0'.
17:43:37 INFO  : ----------------XSDB Script----------------
connect -url tcp:127.0.0.1:3121
targets -set -filter {jtag_cable_name =~ "RealDigital Boo 8874292301F6A" && level==0 && jtag_device_ctx=="jsn1-0362f093-0"}
fpga -file C:/385_Vivado_Projects/Final_Project/ECE-385-Final-Project/final_project_vitis/fp_usb/_ide/bitstream/mb_usb_hdmi_top.bit
targets -set -nocase -filter {name =~ "*microblaze*#0" && bscan=="USER2" }
loadhw -hw C:/385_Vivado_Projects/Final_Project/ECE-385-Final-Project/final_project_vitis/mb_usb_hdmi_top/export/mb_usb_hdmi_top/hw/mb_usb_hdmi_top.xsa -regs
configparams mdm-detect-bscan-mask 2
targets -set -nocase -filter {name =~ "*microblaze*#0" && bscan=="USER2" }
rst -system
after 3000
targets -set -nocase -filter {name =~ "*microblaze*#0" && bscan=="USER2" }
dow C:/385_Vivado_Projects/Final_Project/ECE-385-Final-Project/final_project_vitis/fp_usb/Debug/fp_usb.elf
----------------End of Script----------------

17:43:37 INFO  : Context for processor 'microblaze_0' is selected.
17:43:37 INFO  : 'con' command is executed.
17:43:37 INFO  : ----------------XSDB Script (After Launch)----------------
targets -set -nocase -filter {name =~ "*microblaze*#0" && bscan=="USER2" }
con
----------------End of Script----------------

17:43:37 INFO  : Disconnected from the channel tcfchan#31.
17:53:18 INFO  : Connected to target on host '127.0.0.1' and port '3121'.
17:53:19 INFO  : Jtag cable 'RealDigital Boo 8874292301F6A' is selected.
17:53:19 INFO  : 'jtag frequency' command is executed.
17:53:19 INFO  : 'targets -set -filter {jtag_cable_name =~ "RealDigital Boo 8874292301F6A" && level==0 && jtag_device_ctx=="jsn1-0362f093-0"}' command is executed.
17:53:20 INFO  : Device configured successfully with "C:/385_Vivado_Projects/Final_Project/ECE-385-Final-Project/final_project_vitis/fp_usb/_ide/bitstream/mb_usb_hdmi_top.bit"
17:53:20 INFO  : Context for processor 'microblaze_0' is selected.
17:53:20 INFO  : Hardware design and registers information is loaded from 'C:/385_Vivado_Projects/Final_Project/ECE-385-Final-Project/final_project_vitis/mb_usb_hdmi_top/export/mb_usb_hdmi_top/hw/mb_usb_hdmi_top.xsa'.
17:53:20 INFO  : 'configparams mdm-detect-bscan-mask 2' command is executed.
17:53:20 INFO  : Context for processor 'microblaze_0' is selected.
17:53:20 INFO  : System reset is completed.
17:53:23 INFO  : 'after 3000' command is executed.
17:53:23 INFO  : Context for processor 'microblaze_0' is selected.
17:53:23 INFO  : The application 'C:/385_Vivado_Projects/Final_Project/ECE-385-Final-Project/final_project_vitis/fp_usb/Debug/fp_usb.elf' is downloaded to processor 'microblaze_0'.
17:53:23 INFO  : ----------------XSDB Script----------------
connect -url tcp:127.0.0.1:3121
targets -set -filter {jtag_cable_name =~ "RealDigital Boo 8874292301F6A" && level==0 && jtag_device_ctx=="jsn1-0362f093-0"}
fpga -file C:/385_Vivado_Projects/Final_Project/ECE-385-Final-Project/final_project_vitis/fp_usb/_ide/bitstream/mb_usb_hdmi_top.bit
targets -set -nocase -filter {name =~ "*microblaze*#0" && bscan=="USER2" }
loadhw -hw C:/385_Vivado_Projects/Final_Project/ECE-385-Final-Project/final_project_vitis/mb_usb_hdmi_top/export/mb_usb_hdmi_top/hw/mb_usb_hdmi_top.xsa -regs
configparams mdm-detect-bscan-mask 2
targets -set -nocase -filter {name =~ "*microblaze*#0" && bscan=="USER2" }
rst -system
after 3000
targets -set -nocase -filter {name =~ "*microblaze*#0" && bscan=="USER2" }
dow C:/385_Vivado_Projects/Final_Project/ECE-385-Final-Project/final_project_vitis/fp_usb/Debug/fp_usb.elf
----------------End of Script----------------

17:53:23 INFO  : Context for processor 'microblaze_0' is selected.
17:53:23 INFO  : 'con' command is executed.
17:53:23 INFO  : ----------------XSDB Script (After Launch)----------------
targets -set -nocase -filter {name =~ "*microblaze*#0" && bscan=="USER2" }
con
----------------End of Script----------------

17:53:23 INFO  : Disconnected from the channel tcfchan#32.
17:54:11 INFO  : Hardware specification for platform project 'mb_usb_hdmi_top' is updated.
17:54:18 INFO  : Result from executing command 'getProjects': mb_usb_hdmi_top
17:54:18 INFO  : Result from executing command 'getPlatforms': mb_usb_hdmi_top|C:/385_Vivado_Projects/Final_Project/ECE-385-Final-Project/final_project_vitis/mb_usb_hdmi_top/export/mb_usb_hdmi_top/mb_usb_hdmi_top.xpfm
17:54:19 INFO  : Checking for BSP changes to sync application flags for project 'fp_usb'...
17:54:21 INFO  : The hardware specification used by project 'fp_usb' is out of sync with the platform. Resource files extracted from the hardware specification will be updated.
17:54:21 INFO  : The file 'C:\385_Vivado_Projects\Final_Project\ECE-385-Final-Project\final_project_vitis\fp_usb\_ide\bitstream\mb_usb_hdmi_top.bit' stored in project is removed.
17:54:21 INFO  : The file 'C:\385_Vivado_Projects\Final_Project\ECE-385-Final-Project\final_project_vitis\fp_usb\_ide\bitstream\mb_usb_hdmi_top.mmi' stored in project is removed.
17:54:21 INFO  : The updated bitstream files are copied from platform to folder 'C:\385_Vivado_Projects\Final_Project\ECE-385-Final-Project\final_project_vitis\fp_usb\_ide\bitstream' in project 'fp_usb'.
17:54:26 INFO  : Connected to target on host '127.0.0.1' and port '3121'.
17:54:27 INFO  : Jtag cable 'RealDigital Boo 8874292301F6A' is selected.
17:54:27 INFO  : 'jtag frequency' command is executed.
17:54:27 INFO  : 'targets -set -filter {jtag_cable_name =~ "RealDigital Boo 8874292301F6A" && level==0 && jtag_device_ctx=="jsn1-0362f093-0"}' command is executed.
17:54:28 INFO  : Device configured successfully with "C:/385_Vivado_Projects/Final_Project/ECE-385-Final-Project/final_project_vitis/fp_usb/_ide/bitstream/mb_usb_hdmi_top.bit"
17:54:28 INFO  : Context for processor 'microblaze_0' is selected.
17:54:28 INFO  : Hardware design and registers information is loaded from 'C:/385_Vivado_Projects/Final_Project/ECE-385-Final-Project/final_project_vitis/mb_usb_hdmi_top/export/mb_usb_hdmi_top/hw/mb_usb_hdmi_top.xsa'.
17:54:28 INFO  : 'configparams mdm-detect-bscan-mask 2' command is executed.
17:54:28 INFO  : Context for processor 'microblaze_0' is selected.
17:54:28 INFO  : System reset is completed.
17:54:31 INFO  : 'after 3000' command is executed.
17:54:31 INFO  : Context for processor 'microblaze_0' is selected.
17:54:31 INFO  : The application 'C:/385_Vivado_Projects/Final_Project/ECE-385-Final-Project/final_project_vitis/fp_usb/Debug/fp_usb.elf' is downloaded to processor 'microblaze_0'.
17:54:31 INFO  : ----------------XSDB Script----------------
connect -url tcp:127.0.0.1:3121
targets -set -filter {jtag_cable_name =~ "RealDigital Boo 8874292301F6A" && level==0 && jtag_device_ctx=="jsn1-0362f093-0"}
fpga -file C:/385_Vivado_Projects/Final_Project/ECE-385-Final-Project/final_project_vitis/fp_usb/_ide/bitstream/mb_usb_hdmi_top.bit
targets -set -nocase -filter {name =~ "*microblaze*#0" && bscan=="USER2" }
loadhw -hw C:/385_Vivado_Projects/Final_Project/ECE-385-Final-Project/final_project_vitis/mb_usb_hdmi_top/export/mb_usb_hdmi_top/hw/mb_usb_hdmi_top.xsa -regs
configparams mdm-detect-bscan-mask 2
targets -set -nocase -filter {name =~ "*microblaze*#0" && bscan=="USER2" }
rst -system
after 3000
targets -set -nocase -filter {name =~ "*microblaze*#0" && bscan=="USER2" }
dow C:/385_Vivado_Projects/Final_Project/ECE-385-Final-Project/final_project_vitis/fp_usb/Debug/fp_usb.elf
----------------End of Script----------------

17:54:31 INFO  : Context for processor 'microblaze_0' is selected.
17:54:31 INFO  : 'con' command is executed.
17:54:31 INFO  : ----------------XSDB Script (After Launch)----------------
targets -set -nocase -filter {name =~ "*microblaze*#0" && bscan=="USER2" }
con
----------------End of Script----------------

17:54:32 INFO  : Disconnected from the channel tcfchan#34.
18:05:04 INFO  : Connected to target on host '127.0.0.1' and port '3121'.
18:05:05 INFO  : Jtag cable 'RealDigital Boo 8874292301F6A' is selected.
18:05:05 INFO  : 'jtag frequency' command is executed.
18:05:05 INFO  : 'targets -set -filter {jtag_cable_name =~ "RealDigital Boo 8874292301F6A" && level==0 && jtag_device_ctx=="jsn1-0362f093-0"}' command is executed.
18:05:06 INFO  : Device configured successfully with "C:/385_Vivado_Projects/Final_Project/ECE-385-Final-Project/final_project_vitis/fp_usb/_ide/bitstream/mb_usb_hdmi_top.bit"
18:05:06 INFO  : Context for processor 'microblaze_0' is selected.
18:05:06 INFO  : Hardware design and registers information is loaded from 'C:/385_Vivado_Projects/Final_Project/ECE-385-Final-Project/final_project_vitis/mb_usb_hdmi_top/export/mb_usb_hdmi_top/hw/mb_usb_hdmi_top.xsa'.
18:05:06 INFO  : 'configparams mdm-detect-bscan-mask 2' command is executed.
18:05:06 INFO  : Context for processor 'microblaze_0' is selected.
18:05:06 INFO  : System reset is completed.
18:05:09 INFO  : 'after 3000' command is executed.
18:05:09 INFO  : Context for processor 'microblaze_0' is selected.
18:05:09 INFO  : The application 'C:/385_Vivado_Projects/Final_Project/ECE-385-Final-Project/final_project_vitis/fp_usb/Debug/fp_usb.elf' is downloaded to processor 'microblaze_0'.
18:05:09 INFO  : ----------------XSDB Script----------------
connect -url tcp:127.0.0.1:3121
targets -set -filter {jtag_cable_name =~ "RealDigital Boo 8874292301F6A" && level==0 && jtag_device_ctx=="jsn1-0362f093-0"}
fpga -file C:/385_Vivado_Projects/Final_Project/ECE-385-Final-Project/final_project_vitis/fp_usb/_ide/bitstream/mb_usb_hdmi_top.bit
targets -set -nocase -filter {name =~ "*microblaze*#0" && bscan=="USER2" }
loadhw -hw C:/385_Vivado_Projects/Final_Project/ECE-385-Final-Project/final_project_vitis/mb_usb_hdmi_top/export/mb_usb_hdmi_top/hw/mb_usb_hdmi_top.xsa -regs
configparams mdm-detect-bscan-mask 2
targets -set -nocase -filter {name =~ "*microblaze*#0" && bscan=="USER2" }
rst -system
after 3000
targets -set -nocase -filter {name =~ "*microblaze*#0" && bscan=="USER2" }
dow C:/385_Vivado_Projects/Final_Project/ECE-385-Final-Project/final_project_vitis/fp_usb/Debug/fp_usb.elf
----------------End of Script----------------

18:05:09 INFO  : Context for processor 'microblaze_0' is selected.
18:05:09 INFO  : 'con' command is executed.
18:05:09 INFO  : ----------------XSDB Script (After Launch)----------------
targets -set -nocase -filter {name =~ "*microblaze*#0" && bscan=="USER2" }
con
----------------End of Script----------------

18:05:09 INFO  : Disconnected from the channel tcfchan#35.
20:17:14 INFO  : Hardware specification for platform project 'mb_usb_hdmi_top' is updated.
20:17:30 INFO  : Result from executing command 'getProjects': mb_usb_hdmi_top
20:17:30 INFO  : Result from executing command 'getPlatforms': mb_usb_hdmi_top|C:/385_Vivado_Projects/Final_Project/ECE-385-Final-Project/final_project_vitis/mb_usb_hdmi_top/export/mb_usb_hdmi_top/mb_usb_hdmi_top.xpfm
20:17:54 INFO  : Connected to target on host '127.0.0.1' and port '3121'.
20:17:54 INFO  : Jtag cable 'RealDigital Boo 8874292301F6A' is selected.
20:17:54 INFO  : 'jtag frequency' command is executed.
20:17:55 INFO  : 'targets -set -filter {jtag_cable_name =~ "RealDigital Boo 8874292301F6A" && level==0 && jtag_device_ctx=="jsn1-0362f093-0"}' command is executed.
20:17:56 INFO  : Device configured successfully with "C:/385_Vivado_Projects/Final_Project/ECE-385-Final-Project/final_project_vitis/fp_usb/_ide/bitstream/mb_usb_hdmi_top.bit"
20:17:56 INFO  : Context for processor 'microblaze_0' is selected.
20:17:56 INFO  : Hardware design and registers information is loaded from 'C:/385_Vivado_Projects/Final_Project/ECE-385-Final-Project/final_project_vitis/mb_usb_hdmi_top/export/mb_usb_hdmi_top/hw/mb_usb_hdmi_top.xsa'.
20:17:56 INFO  : 'configparams mdm-detect-bscan-mask 2' command is executed.
20:17:56 INFO  : Context for processor 'microblaze_0' is selected.
20:17:56 INFO  : System reset is completed.
20:17:59 INFO  : 'after 3000' command is executed.
20:17:59 INFO  : Context for processor 'microblaze_0' is selected.
20:17:59 INFO  : The application 'C:/385_Vivado_Projects/Final_Project/ECE-385-Final-Project/final_project_vitis/fp_usb/Debug/fp_usb.elf' is downloaded to processor 'microblaze_0'.
20:17:59 INFO  : ----------------XSDB Script----------------
connect -url tcp:127.0.0.1:3121
targets -set -filter {jtag_cable_name =~ "RealDigital Boo 8874292301F6A" && level==0 && jtag_device_ctx=="jsn1-0362f093-0"}
fpga -file C:/385_Vivado_Projects/Final_Project/ECE-385-Final-Project/final_project_vitis/fp_usb/_ide/bitstream/mb_usb_hdmi_top.bit
targets -set -nocase -filter {name =~ "*microblaze*#0" && bscan=="USER2" }
loadhw -hw C:/385_Vivado_Projects/Final_Project/ECE-385-Final-Project/final_project_vitis/mb_usb_hdmi_top/export/mb_usb_hdmi_top/hw/mb_usb_hdmi_top.xsa -regs
configparams mdm-detect-bscan-mask 2
targets -set -nocase -filter {name =~ "*microblaze*#0" && bscan=="USER2" }
rst -system
after 3000
targets -set -nocase -filter {name =~ "*microblaze*#0" && bscan=="USER2" }
dow C:/385_Vivado_Projects/Final_Project/ECE-385-Final-Project/final_project_vitis/fp_usb/Debug/fp_usb.elf
----------------End of Script----------------

20:17:59 INFO  : Context for processor 'microblaze_0' is selected.
20:17:59 INFO  : 'con' command is executed.
20:17:59 INFO  : ----------------XSDB Script (After Launch)----------------
targets -set -nocase -filter {name =~ "*microblaze*#0" && bscan=="USER2" }
con
----------------End of Script----------------

20:17:59 INFO  : Disconnected from the channel tcfchan#37.
20:18:33 INFO  : Connected to target on host '127.0.0.1' and port '3121'.
20:18:33 INFO  : Jtag cable 'RealDigital Boo 8874292301F6A' is selected.
20:18:33 INFO  : 'jtag frequency' command is executed.
20:18:33 INFO  : 'targets -set -filter {jtag_cable_name =~ "RealDigital Boo 8874292301F6A" && level==0 && jtag_device_ctx=="jsn1-0362f093-0"}' command is executed.
20:18:34 INFO  : Device configured successfully with "C:/385_Vivado_Projects/Final_Project/ECE-385-Final-Project/final_project_vitis/fp_usb/_ide/bitstream/mb_usb_hdmi_top.bit"
20:18:35 INFO  : Context for processor 'microblaze_0' is selected.
20:18:35 INFO  : Hardware design and registers information is loaded from 'C:/385_Vivado_Projects/Final_Project/ECE-385-Final-Project/final_project_vitis/mb_usb_hdmi_top/export/mb_usb_hdmi_top/hw/mb_usb_hdmi_top.xsa'.
20:18:35 INFO  : 'configparams mdm-detect-bscan-mask 2' command is executed.
20:18:35 INFO  : Context for processor 'microblaze_0' is selected.
20:18:35 INFO  : System reset is completed.
20:18:38 INFO  : 'after 3000' command is executed.
20:18:38 INFO  : Context for processor 'microblaze_0' is selected.
20:18:38 INFO  : The application 'C:/385_Vivado_Projects/Final_Project/ECE-385-Final-Project/final_project_vitis/fp_usb/Debug/fp_usb.elf' is downloaded to processor 'microblaze_0'.
20:18:38 INFO  : ----------------XSDB Script----------------
connect -url tcp:127.0.0.1:3121
targets -set -filter {jtag_cable_name =~ "RealDigital Boo 8874292301F6A" && level==0 && jtag_device_ctx=="jsn1-0362f093-0"}
fpga -file C:/385_Vivado_Projects/Final_Project/ECE-385-Final-Project/final_project_vitis/fp_usb/_ide/bitstream/mb_usb_hdmi_top.bit
targets -set -nocase -filter {name =~ "*microblaze*#0" && bscan=="USER2" }
loadhw -hw C:/385_Vivado_Projects/Final_Project/ECE-385-Final-Project/final_project_vitis/mb_usb_hdmi_top/export/mb_usb_hdmi_top/hw/mb_usb_hdmi_top.xsa -regs
configparams mdm-detect-bscan-mask 2
targets -set -nocase -filter {name =~ "*microblaze*#0" && bscan=="USER2" }
rst -system
after 3000
targets -set -nocase -filter {name =~ "*microblaze*#0" && bscan=="USER2" }
dow C:/385_Vivado_Projects/Final_Project/ECE-385-Final-Project/final_project_vitis/fp_usb/Debug/fp_usb.elf
----------------End of Script----------------

20:18:38 INFO  : Context for processor 'microblaze_0' is selected.
20:18:38 INFO  : 'con' command is executed.
20:18:38 INFO  : ----------------XSDB Script (After Launch)----------------
targets -set -nocase -filter {name =~ "*microblaze*#0" && bscan=="USER2" }
con
----------------End of Script----------------

20:18:38 INFO  : Disconnected from the channel tcfchan#38.
20:19:41 INFO  : Hardware specification for platform project 'mb_usb_hdmi_top' is updated.
20:19:52 INFO  : Result from executing command 'getProjects': mb_usb_hdmi_top
20:19:52 INFO  : Result from executing command 'getPlatforms': mb_usb_hdmi_top|C:/385_Vivado_Projects/Final_Project/ECE-385-Final-Project/final_project_vitis/mb_usb_hdmi_top/export/mb_usb_hdmi_top/mb_usb_hdmi_top.xpfm
20:19:52 INFO  : Checking for BSP changes to sync application flags for project 'fp_usb'...
20:19:54 INFO  : The hardware specification used by project 'fp_usb' is out of sync with the platform. Resource files extracted from the hardware specification will be updated.
20:19:54 INFO  : The file 'C:\385_Vivado_Projects\Final_Project\ECE-385-Final-Project\final_project_vitis\fp_usb\_ide\bitstream\mb_usb_hdmi_top.bit' stored in project is removed.
20:19:54 INFO  : The file 'C:\385_Vivado_Projects\Final_Project\ECE-385-Final-Project\final_project_vitis\fp_usb\_ide\bitstream\mb_usb_hdmi_top.mmi' stored in project is removed.
20:19:54 INFO  : The updated bitstream files are copied from platform to folder 'C:\385_Vivado_Projects\Final_Project\ECE-385-Final-Project\final_project_vitis\fp_usb\_ide\bitstream' in project 'fp_usb'.
20:20:01 INFO  : Connected to target on host '127.0.0.1' and port '3121'.
20:20:02 INFO  : Jtag cable 'RealDigital Boo 8874292301F6A' is selected.
20:20:02 INFO  : 'jtag frequency' command is executed.
20:20:02 INFO  : 'targets -set -filter {jtag_cable_name =~ "RealDigital Boo 8874292301F6A" && level==0 && jtag_device_ctx=="jsn1-0362f093-0"}' command is executed.
20:20:03 INFO  : Device configured successfully with "C:/385_Vivado_Projects/Final_Project/ECE-385-Final-Project/final_project_vitis/fp_usb/_ide/bitstream/mb_usb_hdmi_top.bit"
20:20:03 INFO  : Context for processor 'microblaze_0' is selected.
20:20:03 INFO  : Hardware design and registers information is loaded from 'C:/385_Vivado_Projects/Final_Project/ECE-385-Final-Project/final_project_vitis/mb_usb_hdmi_top/export/mb_usb_hdmi_top/hw/mb_usb_hdmi_top.xsa'.
20:20:03 INFO  : 'configparams mdm-detect-bscan-mask 2' command is executed.
20:20:03 INFO  : Context for processor 'microblaze_0' is selected.
20:20:03 INFO  : System reset is completed.
20:20:06 INFO  : 'after 3000' command is executed.
20:20:06 INFO  : Context for processor 'microblaze_0' is selected.
20:20:06 INFO  : The application 'C:/385_Vivado_Projects/Final_Project/ECE-385-Final-Project/final_project_vitis/fp_usb/Debug/fp_usb.elf' is downloaded to processor 'microblaze_0'.
20:20:06 INFO  : ----------------XSDB Script----------------
connect -url tcp:127.0.0.1:3121
targets -set -filter {jtag_cable_name =~ "RealDigital Boo 8874292301F6A" && level==0 && jtag_device_ctx=="jsn1-0362f093-0"}
fpga -file C:/385_Vivado_Projects/Final_Project/ECE-385-Final-Project/final_project_vitis/fp_usb/_ide/bitstream/mb_usb_hdmi_top.bit
targets -set -nocase -filter {name =~ "*microblaze*#0" && bscan=="USER2" }
loadhw -hw C:/385_Vivado_Projects/Final_Project/ECE-385-Final-Project/final_project_vitis/mb_usb_hdmi_top/export/mb_usb_hdmi_top/hw/mb_usb_hdmi_top.xsa -regs
configparams mdm-detect-bscan-mask 2
targets -set -nocase -filter {name =~ "*microblaze*#0" && bscan=="USER2" }
rst -system
after 3000
targets -set -nocase -filter {name =~ "*microblaze*#0" && bscan=="USER2" }
dow C:/385_Vivado_Projects/Final_Project/ECE-385-Final-Project/final_project_vitis/fp_usb/Debug/fp_usb.elf
----------------End of Script----------------

20:20:06 INFO  : Context for processor 'microblaze_0' is selected.
20:20:06 INFO  : 'con' command is executed.
20:20:06 INFO  : ----------------XSDB Script (After Launch)----------------
targets -set -nocase -filter {name =~ "*microblaze*#0" && bscan=="USER2" }
con
----------------End of Script----------------

20:20:06 INFO  : Disconnected from the channel tcfchan#40.
20:20:41 INFO  : Connected to target on host '127.0.0.1' and port '3121'.
20:20:41 INFO  : Jtag cable 'RealDigital Boo 8874292301F6A' is selected.
20:20:41 INFO  : 'jtag frequency' command is executed.
20:20:41 INFO  : 'targets -set -filter {jtag_cable_name =~ "RealDigital Boo 8874292301F6A" && level==0 && jtag_device_ctx=="jsn1-0362f093-0"}' command is executed.
20:20:43 INFO  : Device configured successfully with "C:/385_Vivado_Projects/Final_Project/ECE-385-Final-Project/final_project_vitis/fp_usb/_ide/bitstream/mb_usb_hdmi_top.bit"
20:20:43 INFO  : Context for processor 'microblaze_0' is selected.
20:20:43 INFO  : Hardware design and registers information is loaded from 'C:/385_Vivado_Projects/Final_Project/ECE-385-Final-Project/final_project_vitis/mb_usb_hdmi_top/export/mb_usb_hdmi_top/hw/mb_usb_hdmi_top.xsa'.
20:20:43 INFO  : 'configparams mdm-detect-bscan-mask 2' command is executed.
20:20:43 INFO  : Context for processor 'microblaze_0' is selected.
20:20:43 INFO  : System reset is completed.
20:20:46 INFO  : 'after 3000' command is executed.
20:20:46 INFO  : Context for processor 'microblaze_0' is selected.
20:20:46 INFO  : The application 'C:/385_Vivado_Projects/Final_Project/ECE-385-Final-Project/final_project_vitis/fp_usb/Debug/fp_usb.elf' is downloaded to processor 'microblaze_0'.
20:20:46 INFO  : ----------------XSDB Script----------------
connect -url tcp:127.0.0.1:3121
targets -set -filter {jtag_cable_name =~ "RealDigital Boo 8874292301F6A" && level==0 && jtag_device_ctx=="jsn1-0362f093-0"}
fpga -file C:/385_Vivado_Projects/Final_Project/ECE-385-Final-Project/final_project_vitis/fp_usb/_ide/bitstream/mb_usb_hdmi_top.bit
targets -set -nocase -filter {name =~ "*microblaze*#0" && bscan=="USER2" }
loadhw -hw C:/385_Vivado_Projects/Final_Project/ECE-385-Final-Project/final_project_vitis/mb_usb_hdmi_top/export/mb_usb_hdmi_top/hw/mb_usb_hdmi_top.xsa -regs
configparams mdm-detect-bscan-mask 2
targets -set -nocase -filter {name =~ "*microblaze*#0" && bscan=="USER2" }
rst -system
after 3000
targets -set -nocase -filter {name =~ "*microblaze*#0" && bscan=="USER2" }
dow C:/385_Vivado_Projects/Final_Project/ECE-385-Final-Project/final_project_vitis/fp_usb/Debug/fp_usb.elf
----------------End of Script----------------

20:20:46 INFO  : Context for processor 'microblaze_0' is selected.
20:20:46 INFO  : 'con' command is executed.
20:20:46 INFO  : ----------------XSDB Script (After Launch)----------------
targets -set -nocase -filter {name =~ "*microblaze*#0" && bscan=="USER2" }
con
----------------End of Script----------------

20:20:46 INFO  : Disconnected from the channel tcfchan#41.
20:21:32 INFO  : Connected to target on host '127.0.0.1' and port '3121'.
20:21:33 INFO  : Jtag cable 'RealDigital Boo 8874292301F6A' is selected.
20:21:33 INFO  : 'jtag frequency' command is executed.
20:21:33 INFO  : 'targets -set -filter {jtag_cable_name =~ "RealDigital Boo 8874292301F6A" && level==0 && jtag_device_ctx=="jsn1-0362f093-0"}' command is executed.
20:21:34 INFO  : Device configured successfully with "C:/385_Vivado_Projects/Final_Project/ECE-385-Final-Project/final_project_vitis/fp_usb/_ide/bitstream/mb_usb_hdmi_top.bit"
20:21:34 INFO  : Context for processor 'microblaze_0' is selected.
20:21:34 INFO  : Hardware design and registers information is loaded from 'C:/385_Vivado_Projects/Final_Project/ECE-385-Final-Project/final_project_vitis/mb_usb_hdmi_top/export/mb_usb_hdmi_top/hw/mb_usb_hdmi_top.xsa'.
20:21:34 INFO  : 'configparams mdm-detect-bscan-mask 2' command is executed.
20:21:34 INFO  : Context for processor 'microblaze_0' is selected.
20:21:34 INFO  : System reset is completed.
20:21:37 INFO  : 'after 3000' command is executed.
20:21:37 INFO  : Context for processor 'microblaze_0' is selected.
20:21:37 INFO  : The application 'C:/385_Vivado_Projects/Final_Project/ECE-385-Final-Project/final_project_vitis/fp_usb/Debug/fp_usb.elf' is downloaded to processor 'microblaze_0'.
20:21:37 INFO  : ----------------XSDB Script----------------
connect -url tcp:127.0.0.1:3121
targets -set -filter {jtag_cable_name =~ "RealDigital Boo 8874292301F6A" && level==0 && jtag_device_ctx=="jsn1-0362f093-0"}
fpga -file C:/385_Vivado_Projects/Final_Project/ECE-385-Final-Project/final_project_vitis/fp_usb/_ide/bitstream/mb_usb_hdmi_top.bit
targets -set -nocase -filter {name =~ "*microblaze*#0" && bscan=="USER2" }
loadhw -hw C:/385_Vivado_Projects/Final_Project/ECE-385-Final-Project/final_project_vitis/mb_usb_hdmi_top/export/mb_usb_hdmi_top/hw/mb_usb_hdmi_top.xsa -regs
configparams mdm-detect-bscan-mask 2
targets -set -nocase -filter {name =~ "*microblaze*#0" && bscan=="USER2" }
rst -system
after 3000
targets -set -nocase -filter {name =~ "*microblaze*#0" && bscan=="USER2" }
dow C:/385_Vivado_Projects/Final_Project/ECE-385-Final-Project/final_project_vitis/fp_usb/Debug/fp_usb.elf
----------------End of Script----------------

20:21:37 INFO  : Context for processor 'microblaze_0' is selected.
20:21:37 INFO  : 'con' command is executed.
20:21:37 INFO  : ----------------XSDB Script (After Launch)----------------
targets -set -nocase -filter {name =~ "*microblaze*#0" && bscan=="USER2" }
con
----------------End of Script----------------

20:21:37 INFO  : Disconnected from the channel tcfchan#42.
20:51:28 INFO  : Hardware specification for platform project 'mb_usb_hdmi_top' is updated.
20:51:42 INFO  : Result from executing command 'getProjects': mb_usb_hdmi_top
20:51:42 INFO  : Result from executing command 'getPlatforms': mb_usb_hdmi_top|C:/385_Vivado_Projects/Final_Project/ECE-385-Final-Project/final_project_vitis/mb_usb_hdmi_top/export/mb_usb_hdmi_top/mb_usb_hdmi_top.xpfm
20:51:43 INFO  : Checking for BSP changes to sync application flags for project 'fp_usb'...
20:51:45 INFO  : The hardware specification used by project 'fp_usb' is out of sync with the platform. Resource files extracted from the hardware specification will be updated.
20:51:45 INFO  : The file 'C:\385_Vivado_Projects\Final_Project\ECE-385-Final-Project\final_project_vitis\fp_usb\_ide\bitstream\mb_usb_hdmi_top.bit' stored in project is removed.
20:51:45 INFO  : The file 'C:\385_Vivado_Projects\Final_Project\ECE-385-Final-Project\final_project_vitis\fp_usb\_ide\bitstream\mb_usb_hdmi_top.mmi' stored in project is removed.
20:51:45 INFO  : The updated bitstream files are copied from platform to folder 'C:\385_Vivado_Projects\Final_Project\ECE-385-Final-Project\final_project_vitis\fp_usb\_ide\bitstream' in project 'fp_usb'.
20:51:50 INFO  : Connected to target on host '127.0.0.1' and port '3121'.
20:52:01 INFO  : Jtag cable 'RealDigital Boo 8874292301F6A' is selected.
20:52:01 INFO  : 'jtag frequency' command is executed.
20:52:01 INFO  : 'targets -set -filter {jtag_cable_name =~ "RealDigital Boo 8874292301F6A" && level==0 && jtag_device_ctx=="jsn1-0362f093-0"}' command is executed.
20:52:02 INFO  : Device configured successfully with "C:/385_Vivado_Projects/Final_Project/ECE-385-Final-Project/final_project_vitis/fp_usb/_ide/bitstream/mb_usb_hdmi_top.bit"
20:52:02 INFO  : Context for processor 'microblaze_0' is selected.
20:52:02 INFO  : Hardware design and registers information is loaded from 'C:/385_Vivado_Projects/Final_Project/ECE-385-Final-Project/final_project_vitis/mb_usb_hdmi_top/export/mb_usb_hdmi_top/hw/mb_usb_hdmi_top.xsa'.
20:52:02 INFO  : 'configparams mdm-detect-bscan-mask 2' command is executed.
20:52:02 INFO  : Context for processor 'microblaze_0' is selected.
20:52:02 INFO  : System reset is completed.
20:52:05 INFO  : 'after 3000' command is executed.
20:52:05 INFO  : Context for processor 'microblaze_0' is selected.
20:52:05 INFO  : The application 'C:/385_Vivado_Projects/Final_Project/ECE-385-Final-Project/final_project_vitis/fp_usb/Debug/fp_usb.elf' is downloaded to processor 'microblaze_0'.
20:52:05 INFO  : ----------------XSDB Script----------------
connect -url tcp:127.0.0.1:3121
targets -set -filter {jtag_cable_name =~ "RealDigital Boo 8874292301F6A" && level==0 && jtag_device_ctx=="jsn1-0362f093-0"}
fpga -file C:/385_Vivado_Projects/Final_Project/ECE-385-Final-Project/final_project_vitis/fp_usb/_ide/bitstream/mb_usb_hdmi_top.bit
targets -set -nocase -filter {name =~ "*microblaze*#0" && bscan=="USER2" }
loadhw -hw C:/385_Vivado_Projects/Final_Project/ECE-385-Final-Project/final_project_vitis/mb_usb_hdmi_top/export/mb_usb_hdmi_top/hw/mb_usb_hdmi_top.xsa -regs
configparams mdm-detect-bscan-mask 2
targets -set -nocase -filter {name =~ "*microblaze*#0" && bscan=="USER2" }
rst -system
after 3000
targets -set -nocase -filter {name =~ "*microblaze*#0" && bscan=="USER2" }
dow C:/385_Vivado_Projects/Final_Project/ECE-385-Final-Project/final_project_vitis/fp_usb/Debug/fp_usb.elf
----------------End of Script----------------

20:52:06 INFO  : Context for processor 'microblaze_0' is selected.
20:52:06 INFO  : 'con' command is executed.
20:52:06 INFO  : ----------------XSDB Script (After Launch)----------------
targets -set -nocase -filter {name =~ "*microblaze*#0" && bscan=="USER2" }
con
----------------End of Script----------------

20:52:06 INFO  : Disconnected from the channel tcfchan#44.
21:01:02 INFO  : Hardware specification for platform project 'mb_usb_hdmi_top' is updated.
21:01:14 INFO  : Result from executing command 'getProjects': mb_usb_hdmi_top
21:01:14 INFO  : Result from executing command 'getPlatforms': mb_usb_hdmi_top|C:/385_Vivado_Projects/Final_Project/ECE-385-Final-Project/final_project_vitis/mb_usb_hdmi_top/export/mb_usb_hdmi_top/mb_usb_hdmi_top.xpfm
21:01:14 INFO  : Checking for BSP changes to sync application flags for project 'fp_usb'...
21:01:16 INFO  : The hardware specification used by project 'fp_usb' is out of sync with the platform. Resource files extracted from the hardware specification will be updated.
21:01:16 INFO  : The file 'C:\385_Vivado_Projects\Final_Project\ECE-385-Final-Project\final_project_vitis\fp_usb\_ide\bitstream\mb_usb_hdmi_top.bit' stored in project is removed.
21:01:16 INFO  : The file 'C:\385_Vivado_Projects\Final_Project\ECE-385-Final-Project\final_project_vitis\fp_usb\_ide\bitstream\mb_usb_hdmi_top.mmi' stored in project is removed.
21:01:16 INFO  : The updated bitstream files are copied from platform to folder 'C:\385_Vivado_Projects\Final_Project\ECE-385-Final-Project\final_project_vitis\fp_usb\_ide\bitstream' in project 'fp_usb'.
21:01:19 INFO  : Connected to target on host '127.0.0.1' and port '3121'.
21:01:19 INFO  : Jtag cable 'RealDigital Boo 8874292301F6A' is selected.
21:01:19 INFO  : 'jtag frequency' command is executed.
21:01:19 INFO  : 'targets -set -filter {jtag_cable_name =~ "RealDigital Boo 8874292301F6A" && level==0 && jtag_device_ctx=="jsn1-0362f093-0"}' command is executed.
21:01:21 INFO  : Device configured successfully with "C:/385_Vivado_Projects/Final_Project/ECE-385-Final-Project/final_project_vitis/fp_usb/_ide/bitstream/mb_usb_hdmi_top.bit"
21:01:21 INFO  : Context for processor 'microblaze_0' is selected.
21:01:21 INFO  : Hardware design and registers information is loaded from 'C:/385_Vivado_Projects/Final_Project/ECE-385-Final-Project/final_project_vitis/mb_usb_hdmi_top/export/mb_usb_hdmi_top/hw/mb_usb_hdmi_top.xsa'.
21:01:21 INFO  : 'configparams mdm-detect-bscan-mask 2' command is executed.
21:01:21 INFO  : Context for processor 'microblaze_0' is selected.
21:01:21 INFO  : System reset is completed.
21:01:24 INFO  : 'after 3000' command is executed.
21:01:24 INFO  : Context for processor 'microblaze_0' is selected.
21:01:24 INFO  : The application 'C:/385_Vivado_Projects/Final_Project/ECE-385-Final-Project/final_project_vitis/fp_usb/Debug/fp_usb.elf' is downloaded to processor 'microblaze_0'.
21:01:24 INFO  : ----------------XSDB Script----------------
connect -url tcp:127.0.0.1:3121
targets -set -filter {jtag_cable_name =~ "RealDigital Boo 8874292301F6A" && level==0 && jtag_device_ctx=="jsn1-0362f093-0"}
fpga -file C:/385_Vivado_Projects/Final_Project/ECE-385-Final-Project/final_project_vitis/fp_usb/_ide/bitstream/mb_usb_hdmi_top.bit
targets -set -nocase -filter {name =~ "*microblaze*#0" && bscan=="USER2" }
loadhw -hw C:/385_Vivado_Projects/Final_Project/ECE-385-Final-Project/final_project_vitis/mb_usb_hdmi_top/export/mb_usb_hdmi_top/hw/mb_usb_hdmi_top.xsa -regs
configparams mdm-detect-bscan-mask 2
targets -set -nocase -filter {name =~ "*microblaze*#0" && bscan=="USER2" }
rst -system
after 3000
targets -set -nocase -filter {name =~ "*microblaze*#0" && bscan=="USER2" }
dow C:/385_Vivado_Projects/Final_Project/ECE-385-Final-Project/final_project_vitis/fp_usb/Debug/fp_usb.elf
----------------End of Script----------------

21:01:24 INFO  : Context for processor 'microblaze_0' is selected.
21:01:24 INFO  : 'con' command is executed.
21:01:24 INFO  : ----------------XSDB Script (After Launch)----------------
targets -set -nocase -filter {name =~ "*microblaze*#0" && bscan=="USER2" }
con
----------------End of Script----------------

21:01:24 INFO  : Disconnected from the channel tcfchan#46.
21:20:36 INFO  : Hardware specification for platform project 'mb_usb_hdmi_top' is updated.
21:20:51 INFO  : Result from executing command 'getProjects': mb_usb_hdmi_top
21:20:51 INFO  : Result from executing command 'getPlatforms': mb_usb_hdmi_top|C:/385_Vivado_Projects/Final_Project/ECE-385-Final-Project/final_project_vitis/mb_usb_hdmi_top/export/mb_usb_hdmi_top/mb_usb_hdmi_top.xpfm
21:20:51 INFO  : Checking for BSP changes to sync application flags for project 'fp_usb'...
21:20:53 INFO  : The hardware specification used by project 'fp_usb' is out of sync with the platform. Resource files extracted from the hardware specification will be updated.
21:20:53 INFO  : The file 'C:\385_Vivado_Projects\Final_Project\ECE-385-Final-Project\final_project_vitis\fp_usb\_ide\bitstream\mb_usb_hdmi_top.bit' stored in project is removed.
21:20:53 INFO  : The file 'C:\385_Vivado_Projects\Final_Project\ECE-385-Final-Project\final_project_vitis\fp_usb\_ide\bitstream\mb_usb_hdmi_top.mmi' stored in project is removed.
21:20:53 INFO  : The updated bitstream files are copied from platform to folder 'C:\385_Vivado_Projects\Final_Project\ECE-385-Final-Project\final_project_vitis\fp_usb\_ide\bitstream' in project 'fp_usb'.
21:21:02 INFO  : Connected to target on host '127.0.0.1' and port '3121'.
21:21:02 INFO  : Jtag cable 'RealDigital Boo 8874292301F6A' is selected.
21:21:02 INFO  : 'jtag frequency' command is executed.
21:21:02 INFO  : 'targets -set -filter {jtag_cable_name =~ "RealDigital Boo 8874292301F6A" && level==0 && jtag_device_ctx=="jsn1-0362f093-0"}' command is executed.
21:21:03 INFO  : Device configured successfully with "C:/385_Vivado_Projects/Final_Project/ECE-385-Final-Project/final_project_vitis/fp_usb/_ide/bitstream/mb_usb_hdmi_top.bit"
21:21:03 INFO  : Context for processor 'microblaze_0' is selected.
21:21:03 INFO  : Hardware design and registers information is loaded from 'C:/385_Vivado_Projects/Final_Project/ECE-385-Final-Project/final_project_vitis/mb_usb_hdmi_top/export/mb_usb_hdmi_top/hw/mb_usb_hdmi_top.xsa'.
21:21:03 INFO  : 'configparams mdm-detect-bscan-mask 2' command is executed.
21:21:03 INFO  : Context for processor 'microblaze_0' is selected.
21:21:03 INFO  : System reset is completed.
21:21:06 INFO  : 'after 3000' command is executed.
21:21:06 INFO  : Context for processor 'microblaze_0' is selected.
21:21:07 INFO  : The application 'C:/385_Vivado_Projects/Final_Project/ECE-385-Final-Project/final_project_vitis/fp_usb/Debug/fp_usb.elf' is downloaded to processor 'microblaze_0'.
21:21:07 INFO  : ----------------XSDB Script----------------
connect -url tcp:127.0.0.1:3121
targets -set -filter {jtag_cable_name =~ "RealDigital Boo 8874292301F6A" && level==0 && jtag_device_ctx=="jsn1-0362f093-0"}
fpga -file C:/385_Vivado_Projects/Final_Project/ECE-385-Final-Project/final_project_vitis/fp_usb/_ide/bitstream/mb_usb_hdmi_top.bit
targets -set -nocase -filter {name =~ "*microblaze*#0" && bscan=="USER2" }
loadhw -hw C:/385_Vivado_Projects/Final_Project/ECE-385-Final-Project/final_project_vitis/mb_usb_hdmi_top/export/mb_usb_hdmi_top/hw/mb_usb_hdmi_top.xsa -regs
configparams mdm-detect-bscan-mask 2
targets -set -nocase -filter {name =~ "*microblaze*#0" && bscan=="USER2" }
rst -system
after 3000
targets -set -nocase -filter {name =~ "*microblaze*#0" && bscan=="USER2" }
dow C:/385_Vivado_Projects/Final_Project/ECE-385-Final-Project/final_project_vitis/fp_usb/Debug/fp_usb.elf
----------------End of Script----------------

21:21:07 INFO  : Context for processor 'microblaze_0' is selected.
21:21:07 INFO  : 'con' command is executed.
21:21:07 INFO  : ----------------XSDB Script (After Launch)----------------
targets -set -nocase -filter {name =~ "*microblaze*#0" && bscan=="USER2" }
con
----------------End of Script----------------

21:21:07 INFO  : Disconnected from the channel tcfchan#48.
21:33:34 INFO  : Hardware specification for platform project 'mb_usb_hdmi_top' is updated.
21:33:47 INFO  : Result from executing command 'getProjects': mb_usb_hdmi_top
21:33:47 INFO  : Result from executing command 'getPlatforms': mb_usb_hdmi_top|C:/385_Vivado_Projects/Final_Project/ECE-385-Final-Project/final_project_vitis/mb_usb_hdmi_top/export/mb_usb_hdmi_top/mb_usb_hdmi_top.xpfm
21:33:47 INFO  : Checking for BSP changes to sync application flags for project 'fp_usb'...
21:33:49 INFO  : The hardware specification used by project 'fp_usb' is out of sync with the platform. Resource files extracted from the hardware specification will be updated.
21:33:49 INFO  : The file 'C:\385_Vivado_Projects\Final_Project\ECE-385-Final-Project\final_project_vitis\fp_usb\_ide\bitstream\mb_usb_hdmi_top.bit' stored in project is removed.
21:33:49 INFO  : The file 'C:\385_Vivado_Projects\Final_Project\ECE-385-Final-Project\final_project_vitis\fp_usb\_ide\bitstream\mb_usb_hdmi_top.mmi' stored in project is removed.
21:33:49 INFO  : The updated bitstream files are copied from platform to folder 'C:\385_Vivado_Projects\Final_Project\ECE-385-Final-Project\final_project_vitis\fp_usb\_ide\bitstream' in project 'fp_usb'.
21:33:53 INFO  : Connected to target on host '127.0.0.1' and port '3121'.
21:33:55 INFO  : Jtag cable 'RealDigital Boo 8874292301F6A' is selected.
21:33:55 INFO  : 'jtag frequency' command is executed.
21:33:55 INFO  : 'targets -set -filter {jtag_cable_name =~ "RealDigital Boo 8874292301F6A" && level==0 && jtag_device_ctx=="jsn1-0362f093-0"}' command is executed.
21:33:56 INFO  : Device configured successfully with "C:/385_Vivado_Projects/Final_Project/ECE-385-Final-Project/final_project_vitis/fp_usb/_ide/bitstream/mb_usb_hdmi_top.bit"
21:33:56 INFO  : Context for processor 'microblaze_0' is selected.
21:33:57 INFO  : Hardware design and registers information is loaded from 'C:/385_Vivado_Projects/Final_Project/ECE-385-Final-Project/final_project_vitis/mb_usb_hdmi_top/export/mb_usb_hdmi_top/hw/mb_usb_hdmi_top.xsa'.
21:33:57 INFO  : 'configparams mdm-detect-bscan-mask 2' command is executed.
21:33:57 INFO  : Context for processor 'microblaze_0' is selected.
21:33:57 INFO  : System reset is completed.
21:34:00 INFO  : 'after 3000' command is executed.
21:34:00 INFO  : Context for processor 'microblaze_0' is selected.
21:34:00 INFO  : The application 'C:/385_Vivado_Projects/Final_Project/ECE-385-Final-Project/final_project_vitis/fp_usb/Debug/fp_usb.elf' is downloaded to processor 'microblaze_0'.
21:34:00 INFO  : ----------------XSDB Script----------------
connect -url tcp:127.0.0.1:3121
targets -set -filter {jtag_cable_name =~ "RealDigital Boo 8874292301F6A" && level==0 && jtag_device_ctx=="jsn1-0362f093-0"}
fpga -file C:/385_Vivado_Projects/Final_Project/ECE-385-Final-Project/final_project_vitis/fp_usb/_ide/bitstream/mb_usb_hdmi_top.bit
targets -set -nocase -filter {name =~ "*microblaze*#0" && bscan=="USER2" }
loadhw -hw C:/385_Vivado_Projects/Final_Project/ECE-385-Final-Project/final_project_vitis/mb_usb_hdmi_top/export/mb_usb_hdmi_top/hw/mb_usb_hdmi_top.xsa -regs
configparams mdm-detect-bscan-mask 2
targets -set -nocase -filter {name =~ "*microblaze*#0" && bscan=="USER2" }
rst -system
after 3000
targets -set -nocase -filter {name =~ "*microblaze*#0" && bscan=="USER2" }
dow C:/385_Vivado_Projects/Final_Project/ECE-385-Final-Project/final_project_vitis/fp_usb/Debug/fp_usb.elf
----------------End of Script----------------

21:34:00 INFO  : Context for processor 'microblaze_0' is selected.
21:34:00 INFO  : 'con' command is executed.
21:34:00 INFO  : ----------------XSDB Script (After Launch)----------------
targets -set -nocase -filter {name =~ "*microblaze*#0" && bscan=="USER2" }
con
----------------End of Script----------------

21:34:00 INFO  : Disconnected from the channel tcfchan#50.
08:51:19 DEBUG : Logs will be stored at 'C:/385_Vivado_Projects/Final_Project/ECE-385-Final-Project/final_project_vitis/IDE.log'.
08:51:21 INFO  : Launching XSCT server: xsct.bat -n  -interactive C:\385_Vivado_Projects\Final_Project\ECE-385-Final-Project\final_project_vitis\temp_xsdb_launch_script.tcl
08:51:23 INFO  : Platform repository initialization has completed.
08:51:26 INFO  : XSCT server has started successfully.
08:51:26 INFO  : Successfully done setting XSCT server connection channel  
08:51:26 INFO  : Registering command handlers for Vitis TCF services
08:51:32 INFO  : plnx-install-location is set to ''
08:51:32 INFO  : Successfully done setting workspace for the tool. 
08:51:32 INFO  : Successfully done query RDI_DATADIR 
08:52:57 INFO  : Connected to target on host '127.0.0.1' and port '3121'.
08:52:58 INFO  : Jtag cable 'RealDigital Boo 8874292301F6A' is selected.
08:52:58 INFO  : 'jtag frequency' command is executed.
08:52:58 INFO  : 'targets -set -filter {jtag_cable_name =~ "RealDigital Boo 8874292301F6A" && level==0 && jtag_device_ctx=="jsn1-0362f093-0"}' command is executed.
08:53:00 INFO  : Device configured successfully with "C:/385_Vivado_Projects/Final_Project/ECE-385-Final-Project/final_project_vitis/fp_usb/_ide/bitstream/mb_usb_hdmi_top.bit"
08:53:00 INFO  : Context for processor 'microblaze_0' is selected.
08:53:00 INFO  : Hardware design and registers information is loaded from 'C:/385_Vivado_Projects/Final_Project/ECE-385-Final-Project/final_project_vitis/mb_usb_hdmi_top/export/mb_usb_hdmi_top/hw/mb_usb_hdmi_top.xsa'.
08:53:00 INFO  : 'configparams mdm-detect-bscan-mask 2' command is executed.
08:53:00 INFO  : Context for processor 'microblaze_0' is selected.
08:53:00 INFO  : System reset is completed.
08:53:03 INFO  : 'after 3000' command is executed.
08:53:03 INFO  : Context for processor 'microblaze_0' is selected.
08:53:03 INFO  : The application 'C:/385_Vivado_Projects/Final_Project/ECE-385-Final-Project/final_project_vitis/fp_usb/Debug/fp_usb.elf' is downloaded to processor 'microblaze_0'.
08:53:03 INFO  : ----------------XSDB Script----------------
connect -url tcp:127.0.0.1:3121
targets -set -filter {jtag_cable_name =~ "RealDigital Boo 8874292301F6A" && level==0 && jtag_device_ctx=="jsn1-0362f093-0"}
fpga -file C:/385_Vivado_Projects/Final_Project/ECE-385-Final-Project/final_project_vitis/fp_usb/_ide/bitstream/mb_usb_hdmi_top.bit
targets -set -nocase -filter {name =~ "*microblaze*#0" && bscan=="USER2" }
loadhw -hw C:/385_Vivado_Projects/Final_Project/ECE-385-Final-Project/final_project_vitis/mb_usb_hdmi_top/export/mb_usb_hdmi_top/hw/mb_usb_hdmi_top.xsa -regs
configparams mdm-detect-bscan-mask 2
targets -set -nocase -filter {name =~ "*microblaze*#0" && bscan=="USER2" }
rst -system
after 3000
targets -set -nocase -filter {name =~ "*microblaze*#0" && bscan=="USER2" }
dow C:/385_Vivado_Projects/Final_Project/ECE-385-Final-Project/final_project_vitis/fp_usb/Debug/fp_usb.elf
----------------End of Script----------------

08:53:03 INFO  : Context for processor 'microblaze_0' is selected.
08:53:03 INFO  : 'con' command is executed.
08:53:03 INFO  : ----------------XSDB Script (After Launch)----------------
targets -set -nocase -filter {name =~ "*microblaze*#0" && bscan=="USER2" }
con
----------------End of Script----------------

08:53:03 INFO  : Disconnected from the channel tcfchan#1.
08:55:47 INFO  : Connected to target on host '127.0.0.1' and port '3121'.
08:55:47 INFO  : Jtag cable 'RealDigital Boo 8874292301F6A' is selected.
08:55:47 INFO  : 'jtag frequency' command is executed.
08:55:47 INFO  : 'targets -set -filter {jtag_cable_name =~ "RealDigital Boo 8874292301F6A" && level==0 && jtag_device_ctx=="jsn1-0362f093-0"}' command is executed.
08:55:48 INFO  : Device configured successfully with "C:/385_Vivado_Projects/Final_Project/ECE-385-Final-Project/final_project_vitis/fp_usb/_ide/bitstream/mb_usb_hdmi_top.bit"
08:55:49 INFO  : Context for processor 'microblaze_0' is selected.
08:55:49 INFO  : Hardware design and registers information is loaded from 'C:/385_Vivado_Projects/Final_Project/ECE-385-Final-Project/final_project_vitis/mb_usb_hdmi_top/export/mb_usb_hdmi_top/hw/mb_usb_hdmi_top.xsa'.
08:55:49 INFO  : 'configparams mdm-detect-bscan-mask 2' command is executed.
08:55:49 INFO  : Context for processor 'microblaze_0' is selected.
08:55:49 INFO  : System reset is completed.
08:55:52 INFO  : 'after 3000' command is executed.
08:55:52 INFO  : Context for processor 'microblaze_0' is selected.
08:55:52 INFO  : The application 'C:/385_Vivado_Projects/Final_Project/ECE-385-Final-Project/final_project_vitis/fp_usb/Debug/fp_usb.elf' is downloaded to processor 'microblaze_0'.
08:55:52 INFO  : ----------------XSDB Script----------------
connect -url tcp:127.0.0.1:3121
targets -set -filter {jtag_cable_name =~ "RealDigital Boo 8874292301F6A" && level==0 && jtag_device_ctx=="jsn1-0362f093-0"}
fpga -file C:/385_Vivado_Projects/Final_Project/ECE-385-Final-Project/final_project_vitis/fp_usb/_ide/bitstream/mb_usb_hdmi_top.bit
targets -set -nocase -filter {name =~ "*microblaze*#0" && bscan=="USER2" }
loadhw -hw C:/385_Vivado_Projects/Final_Project/ECE-385-Final-Project/final_project_vitis/mb_usb_hdmi_top/export/mb_usb_hdmi_top/hw/mb_usb_hdmi_top.xsa -regs
configparams mdm-detect-bscan-mask 2
targets -set -nocase -filter {name =~ "*microblaze*#0" && bscan=="USER2" }
rst -system
after 3000
targets -set -nocase -filter {name =~ "*microblaze*#0" && bscan=="USER2" }
dow C:/385_Vivado_Projects/Final_Project/ECE-385-Final-Project/final_project_vitis/fp_usb/Debug/fp_usb.elf
----------------End of Script----------------

08:55:52 INFO  : Context for processor 'microblaze_0' is selected.
08:55:52 INFO  : 'con' command is executed.
08:55:52 INFO  : ----------------XSDB Script (After Launch)----------------
targets -set -nocase -filter {name =~ "*microblaze*#0" && bscan=="USER2" }
con
----------------End of Script----------------

08:55:52 INFO  : Disconnected from the channel tcfchan#2.
09:04:09 INFO  : Hardware specification for platform project 'mb_usb_hdmi_top' is updated.
09:04:21 INFO  : Result from executing command 'getProjects': mb_usb_hdmi_top
09:04:21 INFO  : Result from executing command 'getPlatforms': mb_usb_hdmi_top|C:/385_Vivado_Projects/Final_Project/ECE-385-Final-Project/final_project_vitis/mb_usb_hdmi_top/export/mb_usb_hdmi_top/mb_usb_hdmi_top.xpfm
09:04:22 INFO  : Checking for BSP changes to sync application flags for project 'fp_usb'...
09:04:22 WARN  : Failed to closehw "C:/385_Vivado_Projects/Final_Project/ECE-385-Final-Project/final_project_vitis/mb_usb_hdmi_top/export/mb_usb_hdmi_top/hw/mb_usb_hdmi_top.xsa"
Reason: Cannot close hw design 'C:/385_Vivado_Projects/Final_Project/ECE-385-Final-Project/final_project_vitis/mb_usb_hdmi_top/export/mb_usb_hdmi_top/hw/mb_usb_hdmi_top.xsa'.
Design is not opened in the current session.

09:04:24 INFO  : The hardware specification used by project 'fp_usb' is out of sync with the platform. Resource files extracted from the hardware specification will be updated.
09:04:24 INFO  : The file 'C:\385_Vivado_Projects\Final_Project\ECE-385-Final-Project\final_project_vitis\fp_usb\_ide\bitstream\mb_usb_hdmi_top.bit' stored in project is removed.
09:04:24 INFO  : The file 'C:\385_Vivado_Projects\Final_Project\ECE-385-Final-Project\final_project_vitis\fp_usb\_ide\bitstream\mb_usb_hdmi_top.mmi' stored in project is removed.
09:04:24 INFO  : The updated bitstream files are copied from platform to folder 'C:\385_Vivado_Projects\Final_Project\ECE-385-Final-Project\final_project_vitis\fp_usb\_ide\bitstream' in project 'fp_usb'.
09:04:32 INFO  : Connected to target on host '127.0.0.1' and port '3121'.
09:04:32 INFO  : Jtag cable 'RealDigital Boo 8874292301F6A' is selected.
09:04:32 INFO  : 'jtag frequency' command is executed.
09:04:32 INFO  : 'targets -set -filter {jtag_cable_name =~ "RealDigital Boo 8874292301F6A" && level==0 && jtag_device_ctx=="jsn1-0362f093-0"}' command is executed.
09:04:34 INFO  : Device configured successfully with "C:/385_Vivado_Projects/Final_Project/ECE-385-Final-Project/final_project_vitis/fp_usb/_ide/bitstream/mb_usb_hdmi_top.bit"
09:04:34 INFO  : Context for processor 'microblaze_0' is selected.
09:04:34 INFO  : Hardware design and registers information is loaded from 'C:/385_Vivado_Projects/Final_Project/ECE-385-Final-Project/final_project_vitis/mb_usb_hdmi_top/export/mb_usb_hdmi_top/hw/mb_usb_hdmi_top.xsa'.
09:04:34 INFO  : 'configparams mdm-detect-bscan-mask 2' command is executed.
09:04:34 INFO  : Context for processor 'microblaze_0' is selected.
09:04:34 INFO  : System reset is completed.
09:04:37 INFO  : 'after 3000' command is executed.
09:04:37 INFO  : Context for processor 'microblaze_0' is selected.
09:04:37 INFO  : The application 'C:/385_Vivado_Projects/Final_Project/ECE-385-Final-Project/final_project_vitis/fp_usb/Debug/fp_usb.elf' is downloaded to processor 'microblaze_0'.
09:04:37 INFO  : ----------------XSDB Script----------------
connect -url tcp:127.0.0.1:3121
targets -set -filter {jtag_cable_name =~ "RealDigital Boo 8874292301F6A" && level==0 && jtag_device_ctx=="jsn1-0362f093-0"}
fpga -file C:/385_Vivado_Projects/Final_Project/ECE-385-Final-Project/final_project_vitis/fp_usb/_ide/bitstream/mb_usb_hdmi_top.bit
targets -set -nocase -filter {name =~ "*microblaze*#0" && bscan=="USER2" }
loadhw -hw C:/385_Vivado_Projects/Final_Project/ECE-385-Final-Project/final_project_vitis/mb_usb_hdmi_top/export/mb_usb_hdmi_top/hw/mb_usb_hdmi_top.xsa -regs
configparams mdm-detect-bscan-mask 2
targets -set -nocase -filter {name =~ "*microblaze*#0" && bscan=="USER2" }
rst -system
after 3000
targets -set -nocase -filter {name =~ "*microblaze*#0" && bscan=="USER2" }
dow C:/385_Vivado_Projects/Final_Project/ECE-385-Final-Project/final_project_vitis/fp_usb/Debug/fp_usb.elf
----------------End of Script----------------

09:04:37 INFO  : Context for processor 'microblaze_0' is selected.
09:04:37 INFO  : 'con' command is executed.
09:04:37 INFO  : ----------------XSDB Script (After Launch)----------------
targets -set -nocase -filter {name =~ "*microblaze*#0" && bscan=="USER2" }
con
----------------End of Script----------------

09:04:37 INFO  : Disconnected from the channel tcfchan#4.
09:05:14 INFO  : Hardware specification for platform project 'mb_usb_hdmi_top' is updated.
09:05:27 INFO  : Result from executing command 'getProjects': mb_usb_hdmi_top
09:05:27 INFO  : Result from executing command 'getPlatforms': mb_usb_hdmi_top|C:/385_Vivado_Projects/Final_Project/ECE-385-Final-Project/final_project_vitis/mb_usb_hdmi_top/export/mb_usb_hdmi_top/mb_usb_hdmi_top.xpfm
09:05:27 INFO  : Checking for BSP changes to sync application flags for project 'fp_usb'...
09:05:33 INFO  : Connected to target on host '127.0.0.1' and port '3121'.
09:05:33 INFO  : Jtag cable 'RealDigital Boo 8874292301F6A' is selected.
09:05:33 INFO  : 'jtag frequency' command is executed.
09:05:33 INFO  : 'targets -set -filter {jtag_cable_name =~ "RealDigital Boo 8874292301F6A" && level==0 && jtag_device_ctx=="jsn1-0362f093-0"}' command is executed.
09:05:34 INFO  : Device configured successfully with "C:/385_Vivado_Projects/Final_Project/ECE-385-Final-Project/final_project_vitis/fp_usb/_ide/bitstream/mb_usb_hdmi_top.bit"
09:05:34 INFO  : Context for processor 'microblaze_0' is selected.
09:05:34 INFO  : Hardware design and registers information is loaded from 'C:/385_Vivado_Projects/Final_Project/ECE-385-Final-Project/final_project_vitis/mb_usb_hdmi_top/export/mb_usb_hdmi_top/hw/mb_usb_hdmi_top.xsa'.
09:05:34 INFO  : 'configparams mdm-detect-bscan-mask 2' command is executed.
09:05:34 INFO  : Context for processor 'microblaze_0' is selected.
09:05:34 INFO  : System reset is completed.
09:05:37 INFO  : 'after 3000' command is executed.
09:05:37 INFO  : Context for processor 'microblaze_0' is selected.
09:05:38 INFO  : The application 'C:/385_Vivado_Projects/Final_Project/ECE-385-Final-Project/final_project_vitis/fp_usb/Debug/fp_usb.elf' is downloaded to processor 'microblaze_0'.
09:05:38 INFO  : ----------------XSDB Script----------------
connect -url tcp:127.0.0.1:3121
targets -set -filter {jtag_cable_name =~ "RealDigital Boo 8874292301F6A" && level==0 && jtag_device_ctx=="jsn1-0362f093-0"}
fpga -file C:/385_Vivado_Projects/Final_Project/ECE-385-Final-Project/final_project_vitis/fp_usb/_ide/bitstream/mb_usb_hdmi_top.bit
targets -set -nocase -filter {name =~ "*microblaze*#0" && bscan=="USER2" }
loadhw -hw C:/385_Vivado_Projects/Final_Project/ECE-385-Final-Project/final_project_vitis/mb_usb_hdmi_top/export/mb_usb_hdmi_top/hw/mb_usb_hdmi_top.xsa -regs
configparams mdm-detect-bscan-mask 2
targets -set -nocase -filter {name =~ "*microblaze*#0" && bscan=="USER2" }
rst -system
after 3000
targets -set -nocase -filter {name =~ "*microblaze*#0" && bscan=="USER2" }
dow C:/385_Vivado_Projects/Final_Project/ECE-385-Final-Project/final_project_vitis/fp_usb/Debug/fp_usb.elf
----------------End of Script----------------

09:05:38 INFO  : Context for processor 'microblaze_0' is selected.
09:05:38 INFO  : 'con' command is executed.
09:05:38 INFO  : ----------------XSDB Script (After Launch)----------------
targets -set -nocase -filter {name =~ "*microblaze*#0" && bscan=="USER2" }
con
----------------End of Script----------------

09:05:38 INFO  : Disconnected from the channel tcfchan#6.
09:28:13 INFO  : Connected to target on host '127.0.0.1' and port '3121'.
09:28:19 INFO  : Jtag cable 'RealDigital Boo 8874292301F6A' is selected.
09:28:19 INFO  : 'jtag frequency' command is executed.
09:28:19 INFO  : 'targets -set -filter {jtag_cable_name =~ "RealDigital Boo 8874292301F6A" && level==0 && jtag_device_ctx=="jsn1-0362f093-0"}' command is executed.
09:28:21 INFO  : Device configured successfully with "C:/385_Vivado_Projects/Final_Project/ECE-385-Final-Project/final_project_vitis/fp_usb/_ide/bitstream/mb_usb_hdmi_top.bit"
09:28:21 INFO  : Context for processor 'microblaze_0' is selected.
09:28:21 INFO  : Hardware design and registers information is loaded from 'C:/385_Vivado_Projects/Final_Project/ECE-385-Final-Project/final_project_vitis/mb_usb_hdmi_top/export/mb_usb_hdmi_top/hw/mb_usb_hdmi_top.xsa'.
09:28:21 INFO  : 'configparams mdm-detect-bscan-mask 2' command is executed.
09:28:21 INFO  : Context for processor 'microblaze_0' is selected.
09:28:21 INFO  : System reset is completed.
09:28:24 INFO  : 'after 3000' command is executed.
09:28:24 INFO  : Context for processor 'microblaze_0' is selected.
09:28:24 INFO  : The application 'C:/385_Vivado_Projects/Final_Project/ECE-385-Final-Project/final_project_vitis/fp_usb/Debug/fp_usb.elf' is downloaded to processor 'microblaze_0'.
09:28:24 INFO  : ----------------XSDB Script----------------
connect -url tcp:127.0.0.1:3121
targets -set -filter {jtag_cable_name =~ "RealDigital Boo 8874292301F6A" && level==0 && jtag_device_ctx=="jsn1-0362f093-0"}
fpga -file C:/385_Vivado_Projects/Final_Project/ECE-385-Final-Project/final_project_vitis/fp_usb/_ide/bitstream/mb_usb_hdmi_top.bit
targets -set -nocase -filter {name =~ "*microblaze*#0" && bscan=="USER2" }
loadhw -hw C:/385_Vivado_Projects/Final_Project/ECE-385-Final-Project/final_project_vitis/mb_usb_hdmi_top/export/mb_usb_hdmi_top/hw/mb_usb_hdmi_top.xsa -regs
configparams mdm-detect-bscan-mask 2
targets -set -nocase -filter {name =~ "*microblaze*#0" && bscan=="USER2" }
rst -system
after 3000
targets -set -nocase -filter {name =~ "*microblaze*#0" && bscan=="USER2" }
dow C:/385_Vivado_Projects/Final_Project/ECE-385-Final-Project/final_project_vitis/fp_usb/Debug/fp_usb.elf
----------------End of Script----------------

09:28:24 INFO  : Context for processor 'microblaze_0' is selected.
09:28:24 INFO  : 'con' command is executed.
09:28:24 INFO  : ----------------XSDB Script (After Launch)----------------
targets -set -nocase -filter {name =~ "*microblaze*#0" && bscan=="USER2" }
con
----------------End of Script----------------

09:28:24 INFO  : Disconnected from the channel tcfchan#7.
09:30:37 INFO  : Hardware specification for platform project 'mb_usb_hdmi_top' is updated.
09:30:50 INFO  : Result from executing command 'getProjects': mb_usb_hdmi_top
09:30:50 INFO  : Result from executing command 'getPlatforms': mb_usb_hdmi_top|C:/385_Vivado_Projects/Final_Project/ECE-385-Final-Project/final_project_vitis/mb_usb_hdmi_top/export/mb_usb_hdmi_top/mb_usb_hdmi_top.xpfm
09:30:50 INFO  : Checking for BSP changes to sync application flags for project 'fp_usb'...
09:30:52 INFO  : The hardware specification used by project 'fp_usb' is out of sync with the platform. Resource files extracted from the hardware specification will be updated.
09:30:52 INFO  : The file 'C:\385_Vivado_Projects\Final_Project\ECE-385-Final-Project\final_project_vitis\fp_usb\_ide\bitstream\mb_usb_hdmi_top.bit' stored in project is removed.
09:30:52 INFO  : The file 'C:\385_Vivado_Projects\Final_Project\ECE-385-Final-Project\final_project_vitis\fp_usb\_ide\bitstream\mb_usb_hdmi_top.mmi' stored in project is removed.
09:30:52 INFO  : The updated bitstream files are copied from platform to folder 'C:\385_Vivado_Projects\Final_Project\ECE-385-Final-Project\final_project_vitis\fp_usb\_ide\bitstream' in project 'fp_usb'.
09:30:56 INFO  : Connected to target on host '127.0.0.1' and port '3121'.
09:30:56 INFO  : Jtag cable 'RealDigital Boo 8874292301F6A' is selected.
09:30:56 INFO  : 'jtag frequency' command is executed.
09:30:56 INFO  : 'targets -set -filter {jtag_cable_name =~ "RealDigital Boo 8874292301F6A" && level==0 && jtag_device_ctx=="jsn1-0362f093-0"}' command is executed.
09:30:57 INFO  : Device configured successfully with "C:/385_Vivado_Projects/Final_Project/ECE-385-Final-Project/final_project_vitis/fp_usb/_ide/bitstream/mb_usb_hdmi_top.bit"
09:30:57 INFO  : Context for processor 'microblaze_0' is selected.
09:30:57 INFO  : Hardware design and registers information is loaded from 'C:/385_Vivado_Projects/Final_Project/ECE-385-Final-Project/final_project_vitis/mb_usb_hdmi_top/export/mb_usb_hdmi_top/hw/mb_usb_hdmi_top.xsa'.
09:30:57 INFO  : 'configparams mdm-detect-bscan-mask 2' command is executed.
09:30:57 INFO  : Context for processor 'microblaze_0' is selected.
09:30:57 INFO  : System reset is completed.
09:31:00 INFO  : 'after 3000' command is executed.
09:31:00 INFO  : Context for processor 'microblaze_0' is selected.
09:31:01 INFO  : The application 'C:/385_Vivado_Projects/Final_Project/ECE-385-Final-Project/final_project_vitis/fp_usb/Debug/fp_usb.elf' is downloaded to processor 'microblaze_0'.
09:31:01 INFO  : ----------------XSDB Script----------------
connect -url tcp:127.0.0.1:3121
targets -set -filter {jtag_cable_name =~ "RealDigital Boo 8874292301F6A" && level==0 && jtag_device_ctx=="jsn1-0362f093-0"}
fpga -file C:/385_Vivado_Projects/Final_Project/ECE-385-Final-Project/final_project_vitis/fp_usb/_ide/bitstream/mb_usb_hdmi_top.bit
targets -set -nocase -filter {name =~ "*microblaze*#0" && bscan=="USER2" }
loadhw -hw C:/385_Vivado_Projects/Final_Project/ECE-385-Final-Project/final_project_vitis/mb_usb_hdmi_top/export/mb_usb_hdmi_top/hw/mb_usb_hdmi_top.xsa -regs
configparams mdm-detect-bscan-mask 2
targets -set -nocase -filter {name =~ "*microblaze*#0" && bscan=="USER2" }
rst -system
after 3000
targets -set -nocase -filter {name =~ "*microblaze*#0" && bscan=="USER2" }
dow C:/385_Vivado_Projects/Final_Project/ECE-385-Final-Project/final_project_vitis/fp_usb/Debug/fp_usb.elf
----------------End of Script----------------

09:31:01 INFO  : Context for processor 'microblaze_0' is selected.
09:31:01 INFO  : 'con' command is executed.
09:31:01 INFO  : ----------------XSDB Script (After Launch)----------------
targets -set -nocase -filter {name =~ "*microblaze*#0" && bscan=="USER2" }
con
----------------End of Script----------------

09:31:01 INFO  : Disconnected from the channel tcfchan#9.
09:40:28 INFO  : Hardware specification for platform project 'mb_usb_hdmi_top' is updated.
09:40:38 INFO  : Result from executing command 'getProjects': mb_usb_hdmi_top
09:40:38 INFO  : Result from executing command 'getPlatforms': mb_usb_hdmi_top|C:/385_Vivado_Projects/Final_Project/ECE-385-Final-Project/final_project_vitis/mb_usb_hdmi_top/export/mb_usb_hdmi_top/mb_usb_hdmi_top.xpfm
09:40:38 INFO  : Checking for BSP changes to sync application flags for project 'fp_usb'...
09:40:40 INFO  : The hardware specification used by project 'fp_usb' is out of sync with the platform. Resource files extracted from the hardware specification will be updated.
09:40:40 INFO  : The file 'C:\385_Vivado_Projects\Final_Project\ECE-385-Final-Project\final_project_vitis\fp_usb\_ide\bitstream\mb_usb_hdmi_top.bit' stored in project is removed.
09:40:40 INFO  : The file 'C:\385_Vivado_Projects\Final_Project\ECE-385-Final-Project\final_project_vitis\fp_usb\_ide\bitstream\mb_usb_hdmi_top.mmi' stored in project is removed.
09:40:40 INFO  : The updated bitstream files are copied from platform to folder 'C:\385_Vivado_Projects\Final_Project\ECE-385-Final-Project\final_project_vitis\fp_usb\_ide\bitstream' in project 'fp_usb'.
09:40:44 INFO  : Connected to target on host '127.0.0.1' and port '3121'.
09:40:44 INFO  : Jtag cable 'RealDigital Boo 8874292301F6A' is selected.
09:40:44 INFO  : 'jtag frequency' command is executed.
09:40:44 INFO  : 'targets -set -filter {jtag_cable_name =~ "RealDigital Boo 8874292301F6A" && level==0 && jtag_device_ctx=="jsn1-0362f093-0"}' command is executed.
09:40:46 INFO  : Device configured successfully with "C:/385_Vivado_Projects/Final_Project/ECE-385-Final-Project/final_project_vitis/fp_usb/_ide/bitstream/mb_usb_hdmi_top.bit"
09:40:46 INFO  : Context for processor 'microblaze_0' is selected.
09:40:46 INFO  : Hardware design and registers information is loaded from 'C:/385_Vivado_Projects/Final_Project/ECE-385-Final-Project/final_project_vitis/mb_usb_hdmi_top/export/mb_usb_hdmi_top/hw/mb_usb_hdmi_top.xsa'.
09:40:46 INFO  : 'configparams mdm-detect-bscan-mask 2' command is executed.
09:40:46 INFO  : Context for processor 'microblaze_0' is selected.
09:40:46 INFO  : System reset is completed.
09:40:49 INFO  : 'after 3000' command is executed.
09:40:49 INFO  : Context for processor 'microblaze_0' is selected.
09:40:49 INFO  : The application 'C:/385_Vivado_Projects/Final_Project/ECE-385-Final-Project/final_project_vitis/fp_usb/Debug/fp_usb.elf' is downloaded to processor 'microblaze_0'.
09:40:49 INFO  : ----------------XSDB Script----------------
connect -url tcp:127.0.0.1:3121
targets -set -filter {jtag_cable_name =~ "RealDigital Boo 8874292301F6A" && level==0 && jtag_device_ctx=="jsn1-0362f093-0"}
fpga -file C:/385_Vivado_Projects/Final_Project/ECE-385-Final-Project/final_project_vitis/fp_usb/_ide/bitstream/mb_usb_hdmi_top.bit
targets -set -nocase -filter {name =~ "*microblaze*#0" && bscan=="USER2" }
loadhw -hw C:/385_Vivado_Projects/Final_Project/ECE-385-Final-Project/final_project_vitis/mb_usb_hdmi_top/export/mb_usb_hdmi_top/hw/mb_usb_hdmi_top.xsa -regs
configparams mdm-detect-bscan-mask 2
targets -set -nocase -filter {name =~ "*microblaze*#0" && bscan=="USER2" }
rst -system
after 3000
targets -set -nocase -filter {name =~ "*microblaze*#0" && bscan=="USER2" }
dow C:/385_Vivado_Projects/Final_Project/ECE-385-Final-Project/final_project_vitis/fp_usb/Debug/fp_usb.elf
----------------End of Script----------------

09:40:49 INFO  : Context for processor 'microblaze_0' is selected.
09:40:49 INFO  : 'con' command is executed.
09:40:49 INFO  : ----------------XSDB Script (After Launch)----------------
targets -set -nocase -filter {name =~ "*microblaze*#0" && bscan=="USER2" }
con
----------------End of Script----------------

09:40:49 INFO  : Disconnected from the channel tcfchan#11.
09:41:24 INFO  : Connected to target on host '127.0.0.1' and port '3121'.
09:41:24 INFO  : Jtag cable 'RealDigital Boo 8874292301F6A' is selected.
09:41:24 INFO  : 'jtag frequency' command is executed.
09:41:24 INFO  : 'targets -set -filter {jtag_cable_name =~ "RealDigital Boo 8874292301F6A" && level==0 && jtag_device_ctx=="jsn1-0362f093-0"}' command is executed.
09:41:26 INFO  : Device configured successfully with "C:/385_Vivado_Projects/Final_Project/ECE-385-Final-Project/final_project_vitis/fp_usb/_ide/bitstream/mb_usb_hdmi_top.bit"
09:41:26 INFO  : Context for processor 'microblaze_0' is selected.
09:41:26 INFO  : Hardware design and registers information is loaded from 'C:/385_Vivado_Projects/Final_Project/ECE-385-Final-Project/final_project_vitis/mb_usb_hdmi_top/export/mb_usb_hdmi_top/hw/mb_usb_hdmi_top.xsa'.
09:41:26 INFO  : 'configparams mdm-detect-bscan-mask 2' command is executed.
09:41:26 INFO  : Context for processor 'microblaze_0' is selected.
09:41:26 INFO  : System reset is completed.
09:41:29 INFO  : 'after 3000' command is executed.
09:41:29 INFO  : Context for processor 'microblaze_0' is selected.
09:41:29 INFO  : The application 'C:/385_Vivado_Projects/Final_Project/ECE-385-Final-Project/final_project_vitis/fp_usb/Debug/fp_usb.elf' is downloaded to processor 'microblaze_0'.
09:41:29 INFO  : ----------------XSDB Script----------------
connect -url tcp:127.0.0.1:3121
targets -set -filter {jtag_cable_name =~ "RealDigital Boo 8874292301F6A" && level==0 && jtag_device_ctx=="jsn1-0362f093-0"}
fpga -file C:/385_Vivado_Projects/Final_Project/ECE-385-Final-Project/final_project_vitis/fp_usb/_ide/bitstream/mb_usb_hdmi_top.bit
targets -set -nocase -filter {name =~ "*microblaze*#0" && bscan=="USER2" }
loadhw -hw C:/385_Vivado_Projects/Final_Project/ECE-385-Final-Project/final_project_vitis/mb_usb_hdmi_top/export/mb_usb_hdmi_top/hw/mb_usb_hdmi_top.xsa -regs
configparams mdm-detect-bscan-mask 2
targets -set -nocase -filter {name =~ "*microblaze*#0" && bscan=="USER2" }
rst -system
after 3000
targets -set -nocase -filter {name =~ "*microblaze*#0" && bscan=="USER2" }
dow C:/385_Vivado_Projects/Final_Project/ECE-385-Final-Project/final_project_vitis/fp_usb/Debug/fp_usb.elf
----------------End of Script----------------

09:41:29 INFO  : Context for processor 'microblaze_0' is selected.
09:41:29 INFO  : 'con' command is executed.
09:41:29 INFO  : ----------------XSDB Script (After Launch)----------------
targets -set -nocase -filter {name =~ "*microblaze*#0" && bscan=="USER2" }
con
----------------End of Script----------------

09:41:29 INFO  : Disconnected from the channel tcfchan#12.
10:08:06 INFO  : Hardware specification for platform project 'mb_usb_hdmi_top' is updated.
10:08:17 INFO  : Result from executing command 'getProjects': mb_usb_hdmi_top
10:08:17 INFO  : Result from executing command 'getPlatforms': mb_usb_hdmi_top|C:/385_Vivado_Projects/Final_Project/ECE-385-Final-Project/final_project_vitis/mb_usb_hdmi_top/export/mb_usb_hdmi_top/mb_usb_hdmi_top.xpfm
10:08:17 INFO  : Checking for BSP changes to sync application flags for project 'fp_usb'...
10:08:19 INFO  : The hardware specification used by project 'fp_usb' is out of sync with the platform. Resource files extracted from the hardware specification will be updated.
10:08:19 INFO  : The file 'C:\385_Vivado_Projects\Final_Project\ECE-385-Final-Project\final_project_vitis\fp_usb\_ide\bitstream\mb_usb_hdmi_top.bit' stored in project is removed.
10:08:19 INFO  : The file 'C:\385_Vivado_Projects\Final_Project\ECE-385-Final-Project\final_project_vitis\fp_usb\_ide\bitstream\mb_usb_hdmi_top.mmi' stored in project is removed.
10:08:19 INFO  : The updated bitstream files are copied from platform to folder 'C:\385_Vivado_Projects\Final_Project\ECE-385-Final-Project\final_project_vitis\fp_usb\_ide\bitstream' in project 'fp_usb'.
10:08:29 INFO  : Connected to target on host '127.0.0.1' and port '3121'.
10:08:29 INFO  : Jtag cable 'RealDigital Boo 8874292301F6A' is selected.
10:08:29 INFO  : 'jtag frequency' command is executed.
10:08:29 INFO  : 'targets -set -filter {jtag_cable_name =~ "RealDigital Boo 8874292301F6A" && level==0 && jtag_device_ctx=="jsn1-0362f093-0"}' command is executed.
10:08:30 INFO  : Device configured successfully with "C:/385_Vivado_Projects/Final_Project/ECE-385-Final-Project/final_project_vitis/fp_usb/_ide/bitstream/mb_usb_hdmi_top.bit"
10:08:30 INFO  : Context for processor 'microblaze_0' is selected.
10:08:30 INFO  : Hardware design and registers information is loaded from 'C:/385_Vivado_Projects/Final_Project/ECE-385-Final-Project/final_project_vitis/mb_usb_hdmi_top/export/mb_usb_hdmi_top/hw/mb_usb_hdmi_top.xsa'.
10:08:30 INFO  : 'configparams mdm-detect-bscan-mask 2' command is executed.
10:08:31 INFO  : Context for processor 'microblaze_0' is selected.
10:08:31 INFO  : System reset is completed.
10:08:34 INFO  : 'after 3000' command is executed.
10:08:34 INFO  : Context for processor 'microblaze_0' is selected.
10:08:34 INFO  : The application 'C:/385_Vivado_Projects/Final_Project/ECE-385-Final-Project/final_project_vitis/fp_usb/Debug/fp_usb.elf' is downloaded to processor 'microblaze_0'.
10:08:34 INFO  : ----------------XSDB Script----------------
connect -url tcp:127.0.0.1:3121
targets -set -filter {jtag_cable_name =~ "RealDigital Boo 8874292301F6A" && level==0 && jtag_device_ctx=="jsn1-0362f093-0"}
fpga -file C:/385_Vivado_Projects/Final_Project/ECE-385-Final-Project/final_project_vitis/fp_usb/_ide/bitstream/mb_usb_hdmi_top.bit
targets -set -nocase -filter {name =~ "*microblaze*#0" && bscan=="USER2" }
loadhw -hw C:/385_Vivado_Projects/Final_Project/ECE-385-Final-Project/final_project_vitis/mb_usb_hdmi_top/export/mb_usb_hdmi_top/hw/mb_usb_hdmi_top.xsa -regs
configparams mdm-detect-bscan-mask 2
targets -set -nocase -filter {name =~ "*microblaze*#0" && bscan=="USER2" }
rst -system
after 3000
targets -set -nocase -filter {name =~ "*microblaze*#0" && bscan=="USER2" }
dow C:/385_Vivado_Projects/Final_Project/ECE-385-Final-Project/final_project_vitis/fp_usb/Debug/fp_usb.elf
----------------End of Script----------------

10:08:34 INFO  : Context for processor 'microblaze_0' is selected.
10:08:34 INFO  : 'con' command is executed.
10:08:34 INFO  : ----------------XSDB Script (After Launch)----------------
targets -set -nocase -filter {name =~ "*microblaze*#0" && bscan=="USER2" }
con
----------------End of Script----------------

10:08:34 INFO  : Disconnected from the channel tcfchan#14.
10:19:20 INFO  : Hardware specification for platform project 'mb_usb_hdmi_top' is updated.
10:19:30 INFO  : Result from executing command 'getProjects': mb_usb_hdmi_top
10:19:30 INFO  : Result from executing command 'getPlatforms': mb_usb_hdmi_top|C:/385_Vivado_Projects/Final_Project/ECE-385-Final-Project/final_project_vitis/mb_usb_hdmi_top/export/mb_usb_hdmi_top/mb_usb_hdmi_top.xpfm
10:19:30 INFO  : Checking for BSP changes to sync application flags for project 'fp_usb'...
10:19:32 INFO  : The hardware specification used by project 'fp_usb' is out of sync with the platform. Resource files extracted from the hardware specification will be updated.
10:19:32 INFO  : The file 'C:\385_Vivado_Projects\Final_Project\ECE-385-Final-Project\final_project_vitis\fp_usb\_ide\bitstream\mb_usb_hdmi_top.bit' stored in project is removed.
10:19:32 INFO  : The file 'C:\385_Vivado_Projects\Final_Project\ECE-385-Final-Project\final_project_vitis\fp_usb\_ide\bitstream\mb_usb_hdmi_top.mmi' stored in project is removed.
10:19:32 INFO  : The updated bitstream files are copied from platform to folder 'C:\385_Vivado_Projects\Final_Project\ECE-385-Final-Project\final_project_vitis\fp_usb\_ide\bitstream' in project 'fp_usb'.
10:19:38 INFO  : Connected to target on host '127.0.0.1' and port '3121'.
10:19:38 INFO  : Jtag cable 'RealDigital Boo 8874292301F6A' is selected.
10:19:38 INFO  : 'jtag frequency' command is executed.
10:19:38 INFO  : 'targets -set -filter {jtag_cable_name =~ "RealDigital Boo 8874292301F6A" && level==0 && jtag_device_ctx=="jsn1-0362f093-0"}' command is executed.
10:19:40 INFO  : Device configured successfully with "C:/385_Vivado_Projects/Final_Project/ECE-385-Final-Project/final_project_vitis/fp_usb/_ide/bitstream/mb_usb_hdmi_top.bit"
10:19:40 INFO  : Context for processor 'microblaze_0' is selected.
10:19:40 INFO  : Hardware design and registers information is loaded from 'C:/385_Vivado_Projects/Final_Project/ECE-385-Final-Project/final_project_vitis/mb_usb_hdmi_top/export/mb_usb_hdmi_top/hw/mb_usb_hdmi_top.xsa'.
10:19:40 INFO  : 'configparams mdm-detect-bscan-mask 2' command is executed.
10:19:40 INFO  : Context for processor 'microblaze_0' is selected.
10:19:40 INFO  : System reset is completed.
10:19:43 INFO  : 'after 3000' command is executed.
10:19:43 INFO  : Context for processor 'microblaze_0' is selected.
10:19:43 INFO  : The application 'C:/385_Vivado_Projects/Final_Project/ECE-385-Final-Project/final_project_vitis/fp_usb/Debug/fp_usb.elf' is downloaded to processor 'microblaze_0'.
10:19:43 INFO  : ----------------XSDB Script----------------
connect -url tcp:127.0.0.1:3121
targets -set -filter {jtag_cable_name =~ "RealDigital Boo 8874292301F6A" && level==0 && jtag_device_ctx=="jsn1-0362f093-0"}
fpga -file C:/385_Vivado_Projects/Final_Project/ECE-385-Final-Project/final_project_vitis/fp_usb/_ide/bitstream/mb_usb_hdmi_top.bit
targets -set -nocase -filter {name =~ "*microblaze*#0" && bscan=="USER2" }
loadhw -hw C:/385_Vivado_Projects/Final_Project/ECE-385-Final-Project/final_project_vitis/mb_usb_hdmi_top/export/mb_usb_hdmi_top/hw/mb_usb_hdmi_top.xsa -regs
configparams mdm-detect-bscan-mask 2
targets -set -nocase -filter {name =~ "*microblaze*#0" && bscan=="USER2" }
rst -system
after 3000
targets -set -nocase -filter {name =~ "*microblaze*#0" && bscan=="USER2" }
dow C:/385_Vivado_Projects/Final_Project/ECE-385-Final-Project/final_project_vitis/fp_usb/Debug/fp_usb.elf
----------------End of Script----------------

10:19:43 INFO  : Context for processor 'microblaze_0' is selected.
10:19:43 INFO  : 'con' command is executed.
10:19:43 INFO  : ----------------XSDB Script (After Launch)----------------
targets -set -nocase -filter {name =~ "*microblaze*#0" && bscan=="USER2" }
con
----------------End of Script----------------

10:19:43 INFO  : Disconnected from the channel tcfchan#16.
10:20:19 INFO  : Connected to target on host '127.0.0.1' and port '3121'.
10:20:19 INFO  : Jtag cable 'RealDigital Boo 8874292301F6A' is selected.
10:20:19 INFO  : 'jtag frequency' command is executed.
10:20:19 INFO  : 'targets -set -filter {jtag_cable_name =~ "RealDigital Boo 8874292301F6A" && level==0 && jtag_device_ctx=="jsn1-0362f093-0"}' command is executed.
10:20:20 INFO  : Device configured successfully with "C:/385_Vivado_Projects/Final_Project/ECE-385-Final-Project/final_project_vitis/fp_usb/_ide/bitstream/mb_usb_hdmi_top.bit"
10:20:20 INFO  : Context for processor 'microblaze_0' is selected.
10:20:20 INFO  : Hardware design and registers information is loaded from 'C:/385_Vivado_Projects/Final_Project/ECE-385-Final-Project/final_project_vitis/mb_usb_hdmi_top/export/mb_usb_hdmi_top/hw/mb_usb_hdmi_top.xsa'.
10:20:20 INFO  : 'configparams mdm-detect-bscan-mask 2' command is executed.
10:20:20 INFO  : Context for processor 'microblaze_0' is selected.
10:20:21 INFO  : System reset is completed.
10:20:24 INFO  : 'after 3000' command is executed.
10:20:24 INFO  : Context for processor 'microblaze_0' is selected.
10:20:24 INFO  : The application 'C:/385_Vivado_Projects/Final_Project/ECE-385-Final-Project/final_project_vitis/fp_usb/Debug/fp_usb.elf' is downloaded to processor 'microblaze_0'.
10:20:24 INFO  : ----------------XSDB Script----------------
connect -url tcp:127.0.0.1:3121
targets -set -filter {jtag_cable_name =~ "RealDigital Boo 8874292301F6A" && level==0 && jtag_device_ctx=="jsn1-0362f093-0"}
fpga -file C:/385_Vivado_Projects/Final_Project/ECE-385-Final-Project/final_project_vitis/fp_usb/_ide/bitstream/mb_usb_hdmi_top.bit
targets -set -nocase -filter {name =~ "*microblaze*#0" && bscan=="USER2" }
loadhw -hw C:/385_Vivado_Projects/Final_Project/ECE-385-Final-Project/final_project_vitis/mb_usb_hdmi_top/export/mb_usb_hdmi_top/hw/mb_usb_hdmi_top.xsa -regs
configparams mdm-detect-bscan-mask 2
targets -set -nocase -filter {name =~ "*microblaze*#0" && bscan=="USER2" }
rst -system
after 3000
targets -set -nocase -filter {name =~ "*microblaze*#0" && bscan=="USER2" }
dow C:/385_Vivado_Projects/Final_Project/ECE-385-Final-Project/final_project_vitis/fp_usb/Debug/fp_usb.elf
----------------End of Script----------------

10:20:24 INFO  : Context for processor 'microblaze_0' is selected.
10:20:24 INFO  : 'con' command is executed.
10:20:24 INFO  : ----------------XSDB Script (After Launch)----------------
targets -set -nocase -filter {name =~ "*microblaze*#0" && bscan=="USER2" }
con
----------------End of Script----------------

10:20:24 INFO  : Disconnected from the channel tcfchan#17.
10:29:25 INFO  : Hardware specification for platform project 'mb_usb_hdmi_top' is updated.
10:29:36 INFO  : Result from executing command 'getProjects': mb_usb_hdmi_top
10:29:36 INFO  : Result from executing command 'getPlatforms': mb_usb_hdmi_top|C:/385_Vivado_Projects/Final_Project/ECE-385-Final-Project/final_project_vitis/mb_usb_hdmi_top/export/mb_usb_hdmi_top/mb_usb_hdmi_top.xpfm
10:29:36 INFO  : Checking for BSP changes to sync application flags for project 'fp_usb'...
10:29:38 INFO  : The hardware specification used by project 'fp_usb' is out of sync with the platform. Resource files extracted from the hardware specification will be updated.
10:29:38 INFO  : The file 'C:\385_Vivado_Projects\Final_Project\ECE-385-Final-Project\final_project_vitis\fp_usb\_ide\bitstream\mb_usb_hdmi_top.bit' stored in project is removed.
10:29:38 INFO  : The file 'C:\385_Vivado_Projects\Final_Project\ECE-385-Final-Project\final_project_vitis\fp_usb\_ide\bitstream\mb_usb_hdmi_top.mmi' stored in project is removed.
10:29:38 INFO  : The updated bitstream files are copied from platform to folder 'C:\385_Vivado_Projects\Final_Project\ECE-385-Final-Project\final_project_vitis\fp_usb\_ide\bitstream' in project 'fp_usb'.
10:29:42 INFO  : Connected to target on host '127.0.0.1' and port '3121'.
10:29:42 INFO  : Jtag cable 'RealDigital Boo 8874292301F6A' is selected.
10:29:42 INFO  : 'jtag frequency' command is executed.
10:29:42 INFO  : 'targets -set -filter {jtag_cable_name =~ "RealDigital Boo 8874292301F6A" && level==0 && jtag_device_ctx=="jsn1-0362f093-0"}' command is executed.
10:29:43 INFO  : Device configured successfully with "C:/385_Vivado_Projects/Final_Project/ECE-385-Final-Project/final_project_vitis/fp_usb/_ide/bitstream/mb_usb_hdmi_top.bit"
10:29:43 INFO  : Context for processor 'microblaze_0' is selected.
10:29:44 INFO  : Hardware design and registers information is loaded from 'C:/385_Vivado_Projects/Final_Project/ECE-385-Final-Project/final_project_vitis/mb_usb_hdmi_top/export/mb_usb_hdmi_top/hw/mb_usb_hdmi_top.xsa'.
10:29:44 INFO  : 'configparams mdm-detect-bscan-mask 2' command is executed.
10:29:44 INFO  : Context for processor 'microblaze_0' is selected.
10:29:44 INFO  : System reset is completed.
10:29:47 INFO  : 'after 3000' command is executed.
10:29:47 INFO  : Context for processor 'microblaze_0' is selected.
10:29:47 INFO  : The application 'C:/385_Vivado_Projects/Final_Project/ECE-385-Final-Project/final_project_vitis/fp_usb/Debug/fp_usb.elf' is downloaded to processor 'microblaze_0'.
10:29:47 INFO  : ----------------XSDB Script----------------
connect -url tcp:127.0.0.1:3121
targets -set -filter {jtag_cable_name =~ "RealDigital Boo 8874292301F6A" && level==0 && jtag_device_ctx=="jsn1-0362f093-0"}
fpga -file C:/385_Vivado_Projects/Final_Project/ECE-385-Final-Project/final_project_vitis/fp_usb/_ide/bitstream/mb_usb_hdmi_top.bit
targets -set -nocase -filter {name =~ "*microblaze*#0" && bscan=="USER2" }
loadhw -hw C:/385_Vivado_Projects/Final_Project/ECE-385-Final-Project/final_project_vitis/mb_usb_hdmi_top/export/mb_usb_hdmi_top/hw/mb_usb_hdmi_top.xsa -regs
configparams mdm-detect-bscan-mask 2
targets -set -nocase -filter {name =~ "*microblaze*#0" && bscan=="USER2" }
rst -system
after 3000
targets -set -nocase -filter {name =~ "*microblaze*#0" && bscan=="USER2" }
dow C:/385_Vivado_Projects/Final_Project/ECE-385-Final-Project/final_project_vitis/fp_usb/Debug/fp_usb.elf
----------------End of Script----------------

10:29:47 INFO  : Context for processor 'microblaze_0' is selected.
10:29:47 INFO  : 'con' command is executed.
10:29:47 INFO  : ----------------XSDB Script (After Launch)----------------
targets -set -nocase -filter {name =~ "*microblaze*#0" && bscan=="USER2" }
con
----------------End of Script----------------

10:29:47 INFO  : Disconnected from the channel tcfchan#19.
10:32:48 INFO  : Connected to target on host '127.0.0.1' and port '3121'.
10:32:48 INFO  : Jtag cable 'RealDigital Boo 8874292301F6A' is selected.
10:32:48 INFO  : 'jtag frequency' command is executed.
10:32:48 INFO  : 'targets -set -filter {jtag_cable_name =~ "RealDigital Boo 8874292301F6A" && level==0 && jtag_device_ctx=="jsn1-0362f093-0"}' command is executed.
10:32:49 INFO  : Device configured successfully with "C:/385_Vivado_Projects/Final_Project/ECE-385-Final-Project/final_project_vitis/fp_usb/_ide/bitstream/mb_usb_hdmi_top.bit"
10:32:50 INFO  : Context for processor 'microblaze_0' is selected.
10:32:50 INFO  : Hardware design and registers information is loaded from 'C:/385_Vivado_Projects/Final_Project/ECE-385-Final-Project/final_project_vitis/mb_usb_hdmi_top/export/mb_usb_hdmi_top/hw/mb_usb_hdmi_top.xsa'.
10:32:50 INFO  : 'configparams mdm-detect-bscan-mask 2' command is executed.
10:32:50 INFO  : Context for processor 'microblaze_0' is selected.
10:32:50 INFO  : System reset is completed.
10:32:53 INFO  : 'after 3000' command is executed.
10:32:53 INFO  : Context for processor 'microblaze_0' is selected.
10:32:53 INFO  : The application 'C:/385_Vivado_Projects/Final_Project/ECE-385-Final-Project/final_project_vitis/fp_usb/Debug/fp_usb.elf' is downloaded to processor 'microblaze_0'.
10:32:53 INFO  : ----------------XSDB Script----------------
connect -url tcp:127.0.0.1:3121
targets -set -filter {jtag_cable_name =~ "RealDigital Boo 8874292301F6A" && level==0 && jtag_device_ctx=="jsn1-0362f093-0"}
fpga -file C:/385_Vivado_Projects/Final_Project/ECE-385-Final-Project/final_project_vitis/fp_usb/_ide/bitstream/mb_usb_hdmi_top.bit
targets -set -nocase -filter {name =~ "*microblaze*#0" && bscan=="USER2" }
loadhw -hw C:/385_Vivado_Projects/Final_Project/ECE-385-Final-Project/final_project_vitis/mb_usb_hdmi_top/export/mb_usb_hdmi_top/hw/mb_usb_hdmi_top.xsa -regs
configparams mdm-detect-bscan-mask 2
targets -set -nocase -filter {name =~ "*microblaze*#0" && bscan=="USER2" }
rst -system
after 3000
targets -set -nocase -filter {name =~ "*microblaze*#0" && bscan=="USER2" }
dow C:/385_Vivado_Projects/Final_Project/ECE-385-Final-Project/final_project_vitis/fp_usb/Debug/fp_usb.elf
----------------End of Script----------------

10:32:53 INFO  : Context for processor 'microblaze_0' is selected.
10:32:53 INFO  : 'con' command is executed.
10:32:53 INFO  : ----------------XSDB Script (After Launch)----------------
targets -set -nocase -filter {name =~ "*microblaze*#0" && bscan=="USER2" }
con
----------------End of Script----------------

10:32:53 INFO  : Disconnected from the channel tcfchan#20.
10:33:00 INFO  : Connected to target on host '127.0.0.1' and port '3121'.
10:33:00 INFO  : Jtag cable 'RealDigital Boo 8874292301F6A' is selected.
10:33:00 INFO  : 'jtag frequency' command is executed.
10:33:03 ERROR : no targets found with "jtag_cable_name =~ "RealDigital Boo 8874292301F6A" && level==0 && jtag_device_ctx=="jsn1-0362f093-0"". available targets:
  1  xc7s50
     2  MicroBlaze Debug Module at USER2
        3  MicroBlaze #0 (Running)
10:33:03 ERROR : Exception occured while running Program Device.
java.lang.RuntimeException: no targets found with "jtag_cable_name =~ "RealDigital Boo 8874292301F6A" && level==0 && jtag_device_ctx=="jsn1-0362f093-0"". available targets:
  1  xc7s50
     2  MicroBlaze Debug Module at USER2
        3  MicroBlaze #0 (Running)
10:33:03 INFO  : ----------------XSDB Script----------------
connect -url tcp:127.0.0.1:3121
----------------End of Script----------------

10:33:03 ERROR : no targets found with "jtag_cable_name =~ "RealDigital Boo 8874292301F6A" && level==0 && jtag_device_ctx=="jsn1-0362f093-0"". available targets:
  1  xc7s50
     2  MicroBlaze Debug Module at USER2
        3  MicroBlaze #0 (Running)
10:33:55 DEBUG : Logs will be stored at 'C:/385_Vivado_Projects/Final_Project/ECE-385-Final-Project/final_project_vitis/IDE.log'.
10:33:55 INFO  : Launching XSCT server: xsct.bat -n  -interactive C:\385_Vivado_Projects\Final_Project\ECE-385-Final-Project\final_project_vitis\temp_xsdb_launch_script.tcl
10:33:57 INFO  : Platform repository initialization has completed.
10:33:57 INFO  : XSCT server has started successfully.
10:33:57 INFO  : plnx-install-location is set to ''
10:33:57 INFO  : Successfully done setting XSCT server connection channel  
10:33:57 INFO  : Successfully done setting workspace for the tool. 
10:33:59 INFO  : Registering command handlers for Vitis TCF services
10:34:02 INFO  : Successfully done query RDI_DATADIR 
10:34:29 INFO  : Connected to target on host '127.0.0.1' and port '3121'.
10:34:29 INFO  : Jtag cable 'RealDigital Boo 8874292301F6A' is selected.
10:34:29 INFO  : 'jtag frequency' command is executed.
10:34:29 INFO  : 'targets -set -filter {jtag_cable_name =~ "RealDigital Boo 8874292301F6A" && level==0 && jtag_device_ctx=="jsn1-0362f093-0"}' command is executed.
10:34:30 INFO  : Device configured successfully with "C:/385_Vivado_Projects/Final_Project/ECE-385-Final-Project/final_project_vitis/fp_usb/_ide/bitstream/mb_usb_hdmi_top.bit"
10:34:31 INFO  : Context for processor 'microblaze_0' is selected.
10:34:31 INFO  : Hardware design and registers information is loaded from 'C:/385_Vivado_Projects/Final_Project/ECE-385-Final-Project/final_project_vitis/mb_usb_hdmi_top/export/mb_usb_hdmi_top/hw/mb_usb_hdmi_top.xsa'.
10:34:31 INFO  : 'configparams mdm-detect-bscan-mask 2' command is executed.
10:34:31 INFO  : Context for processor 'microblaze_0' is selected.
10:34:31 INFO  : System reset is completed.
10:34:34 INFO  : 'after 3000' command is executed.
10:34:34 INFO  : Context for processor 'microblaze_0' is selected.
10:34:34 INFO  : The application 'C:/385_Vivado_Projects/Final_Project/ECE-385-Final-Project/final_project_vitis/fp_usb/Debug/fp_usb.elf' is downloaded to processor 'microblaze_0'.
10:34:34 INFO  : ----------------XSDB Script----------------
connect -url tcp:127.0.0.1:3121
targets -set -filter {jtag_cable_name =~ "RealDigital Boo 8874292301F6A" && level==0 && jtag_device_ctx=="jsn1-0362f093-0"}
fpga -file C:/385_Vivado_Projects/Final_Project/ECE-385-Final-Project/final_project_vitis/fp_usb/_ide/bitstream/mb_usb_hdmi_top.bit
targets -set -nocase -filter {name =~ "*microblaze*#0" && bscan=="USER2" }
loadhw -hw C:/385_Vivado_Projects/Final_Project/ECE-385-Final-Project/final_project_vitis/mb_usb_hdmi_top/export/mb_usb_hdmi_top/hw/mb_usb_hdmi_top.xsa -regs
configparams mdm-detect-bscan-mask 2
targets -set -nocase -filter {name =~ "*microblaze*#0" && bscan=="USER2" }
rst -system
after 3000
targets -set -nocase -filter {name =~ "*microblaze*#0" && bscan=="USER2" }
dow C:/385_Vivado_Projects/Final_Project/ECE-385-Final-Project/final_project_vitis/fp_usb/Debug/fp_usb.elf
----------------End of Script----------------

10:34:34 INFO  : Context for processor 'microblaze_0' is selected.
10:34:34 INFO  : 'con' command is executed.
10:34:34 INFO  : ----------------XSDB Script (After Launch)----------------
targets -set -nocase -filter {name =~ "*microblaze*#0" && bscan=="USER2" }
con
----------------End of Script----------------

10:34:34 INFO  : Disconnected from the channel tcfchan#1.
10:34:48 INFO  : Connected to target on host '127.0.0.1' and port '3121'.
10:34:48 INFO  : Jtag cable 'RealDigital Boo 8874292301F6A' is selected.
10:34:48 INFO  : 'jtag frequency' command is executed.
10:34:48 INFO  : 'targets -set -filter {jtag_cable_name =~ "RealDigital Boo 8874292301F6A" && level==0 && jtag_device_ctx=="jsn1-0362f093-0"}' command is executed.
10:34:50 INFO  : Device configured successfully with "C:/385_Vivado_Projects/Final_Project/ECE-385-Final-Project/final_project_vitis/fp_usb/_ide/bitstream/mb_usb_hdmi_top.bit"
10:34:50 INFO  : Context for processor 'microblaze_0' is selected.
10:34:50 INFO  : Hardware design and registers information is loaded from 'C:/385_Vivado_Projects/Final_Project/ECE-385-Final-Project/final_project_vitis/mb_usb_hdmi_top/export/mb_usb_hdmi_top/hw/mb_usb_hdmi_top.xsa'.
10:34:50 INFO  : 'configparams mdm-detect-bscan-mask 2' command is executed.
10:34:50 INFO  : Context for processor 'microblaze_0' is selected.
10:34:50 INFO  : System reset is completed.
10:34:53 INFO  : 'after 3000' command is executed.
10:34:53 INFO  : Context for processor 'microblaze_0' is selected.
10:34:53 INFO  : The application 'C:/385_Vivado_Projects/Final_Project/ECE-385-Final-Project/final_project_vitis/fp_usb/Debug/fp_usb.elf' is downloaded to processor 'microblaze_0'.
10:34:53 INFO  : ----------------XSDB Script----------------
connect -url tcp:127.0.0.1:3121
targets -set -filter {jtag_cable_name =~ "RealDigital Boo 8874292301F6A" && level==0 && jtag_device_ctx=="jsn1-0362f093-0"}
fpga -file C:/385_Vivado_Projects/Final_Project/ECE-385-Final-Project/final_project_vitis/fp_usb/_ide/bitstream/mb_usb_hdmi_top.bit
targets -set -nocase -filter {name =~ "*microblaze*#0" && bscan=="USER2" }
loadhw -hw C:/385_Vivado_Projects/Final_Project/ECE-385-Final-Project/final_project_vitis/mb_usb_hdmi_top/export/mb_usb_hdmi_top/hw/mb_usb_hdmi_top.xsa -regs
configparams mdm-detect-bscan-mask 2
targets -set -nocase -filter {name =~ "*microblaze*#0" && bscan=="USER2" }
rst -system
after 3000
targets -set -nocase -filter {name =~ "*microblaze*#0" && bscan=="USER2" }
dow C:/385_Vivado_Projects/Final_Project/ECE-385-Final-Project/final_project_vitis/fp_usb/Debug/fp_usb.elf
----------------End of Script----------------

10:34:53 INFO  : Context for processor 'microblaze_0' is selected.
10:34:53 INFO  : 'con' command is executed.
10:34:53 INFO  : ----------------XSDB Script (After Launch)----------------
targets -set -nocase -filter {name =~ "*microblaze*#0" && bscan=="USER2" }
con
----------------End of Script----------------

10:34:53 INFO  : Disconnected from the channel tcfchan#2.
10:35:22 INFO  : Connected to target on host '127.0.0.1' and port '3121'.
10:35:22 INFO  : Jtag cable 'RealDigital Boo 8874292301F6A' is selected.
10:35:22 INFO  : 'jtag frequency' command is executed.
10:35:22 INFO  : 'targets -set -filter {jtag_cable_name =~ "RealDigital Boo 8874292301F6A" && level==0 && jtag_device_ctx=="jsn1-0362f093-0"}' command is executed.
10:35:24 INFO  : Device configured successfully with "C:/385_Vivado_Projects/Final_Project/ECE-385-Final-Project/final_project_vitis/fp_usb/_ide/bitstream/mb_usb_hdmi_top.bit"
10:35:24 INFO  : Context for processor 'microblaze_0' is selected.
10:35:24 INFO  : Hardware design and registers information is loaded from 'C:/385_Vivado_Projects/Final_Project/ECE-385-Final-Project/final_project_vitis/mb_usb_hdmi_top/export/mb_usb_hdmi_top/hw/mb_usb_hdmi_top.xsa'.
10:35:24 INFO  : 'configparams mdm-detect-bscan-mask 2' command is executed.
10:35:24 INFO  : Context for processor 'microblaze_0' is selected.
10:35:24 INFO  : System reset is completed.
10:35:27 INFO  : 'after 3000' command is executed.
10:35:27 INFO  : Context for processor 'microblaze_0' is selected.
10:35:27 INFO  : The application 'C:/385_Vivado_Projects/Final_Project/ECE-385-Final-Project/final_project_vitis/fp_usb/Debug/fp_usb.elf' is downloaded to processor 'microblaze_0'.
10:35:27 INFO  : ----------------XSDB Script----------------
connect -url tcp:127.0.0.1:3121
targets -set -filter {jtag_cable_name =~ "RealDigital Boo 8874292301F6A" && level==0 && jtag_device_ctx=="jsn1-0362f093-0"}
fpga -file C:/385_Vivado_Projects/Final_Project/ECE-385-Final-Project/final_project_vitis/fp_usb/_ide/bitstream/mb_usb_hdmi_top.bit
targets -set -nocase -filter {name =~ "*microblaze*#0" && bscan=="USER2" }
loadhw -hw C:/385_Vivado_Projects/Final_Project/ECE-385-Final-Project/final_project_vitis/mb_usb_hdmi_top/export/mb_usb_hdmi_top/hw/mb_usb_hdmi_top.xsa -regs
configparams mdm-detect-bscan-mask 2
targets -set -nocase -filter {name =~ "*microblaze*#0" && bscan=="USER2" }
rst -system
after 3000
targets -set -nocase -filter {name =~ "*microblaze*#0" && bscan=="USER2" }
dow C:/385_Vivado_Projects/Final_Project/ECE-385-Final-Project/final_project_vitis/fp_usb/Debug/fp_usb.elf
----------------End of Script----------------

10:35:27 INFO  : Context for processor 'microblaze_0' is selected.
10:35:27 INFO  : 'con' command is executed.
10:35:27 INFO  : ----------------XSDB Script (After Launch)----------------
targets -set -nocase -filter {name =~ "*microblaze*#0" && bscan=="USER2" }
con
----------------End of Script----------------

10:35:27 INFO  : Disconnected from the channel tcfchan#3.
10:36:31 INFO  : Connected to target on host '127.0.0.1' and port '3121'.
10:36:31 INFO  : Jtag cable 'RealDigital Boo 887429230013A' is selected.
10:36:31 INFO  : 'jtag frequency' command is executed.
10:36:31 INFO  : 'targets -set -filter {jtag_cable_name =~ "RealDigital Boo 887429230013A" && level==0 && jtag_device_ctx=="jsn1-0362f093-0"}' command is executed.
10:36:32 INFO  : Device configured successfully with "C:/385_Vivado_Projects/Final_Project/ECE-385-Final-Project/final_project_vitis/fp_usb/_ide/bitstream/mb_usb_hdmi_top.bit"
10:36:32 INFO  : Context for processor 'microblaze_0' is selected.
10:36:33 INFO  : Hardware design and registers information is loaded from 'C:/385_Vivado_Projects/Final_Project/ECE-385-Final-Project/final_project_vitis/mb_usb_hdmi_top/export/mb_usb_hdmi_top/hw/mb_usb_hdmi_top.xsa'.
10:36:33 INFO  : 'configparams mdm-detect-bscan-mask 2' command is executed.
10:36:33 INFO  : Context for processor 'microblaze_0' is selected.
10:36:33 INFO  : System reset is completed.
10:36:36 INFO  : 'after 3000' command is executed.
10:36:36 INFO  : Context for processor 'microblaze_0' is selected.
10:36:36 INFO  : The application 'C:/385_Vivado_Projects/Final_Project/ECE-385-Final-Project/final_project_vitis/fp_usb/Debug/fp_usb.elf' is downloaded to processor 'microblaze_0'.
10:36:36 INFO  : ----------------XSDB Script----------------
connect -url tcp:127.0.0.1:3121
targets -set -filter {jtag_cable_name =~ "RealDigital Boo 887429230013A" && level==0 && jtag_device_ctx=="jsn1-0362f093-0"}
fpga -file C:/385_Vivado_Projects/Final_Project/ECE-385-Final-Project/final_project_vitis/fp_usb/_ide/bitstream/mb_usb_hdmi_top.bit
targets -set -nocase -filter {name =~ "*microblaze*#0" && bscan=="USER2" }
loadhw -hw C:/385_Vivado_Projects/Final_Project/ECE-385-Final-Project/final_project_vitis/mb_usb_hdmi_top/export/mb_usb_hdmi_top/hw/mb_usb_hdmi_top.xsa -regs
configparams mdm-detect-bscan-mask 2
targets -set -nocase -filter {name =~ "*microblaze*#0" && bscan=="USER2" }
rst -system
after 3000
targets -set -nocase -filter {name =~ "*microblaze*#0" && bscan=="USER2" }
dow C:/385_Vivado_Projects/Final_Project/ECE-385-Final-Project/final_project_vitis/fp_usb/Debug/fp_usb.elf
----------------End of Script----------------

10:36:36 INFO  : Context for processor 'microblaze_0' is selected.
10:36:36 INFO  : 'con' command is executed.
10:36:36 INFO  : ----------------XSDB Script (After Launch)----------------
targets -set -nocase -filter {name =~ "*microblaze*#0" && bscan=="USER2" }
con
----------------End of Script----------------

10:36:36 INFO  : Disconnected from the channel tcfchan#4.
10:44:29 INFO  : Connected to target on host '127.0.0.1' and port '3121'.
10:44:30 INFO  : Jtag cable 'RealDigital Boo 8874292301F6A' is selected.
10:44:30 INFO  : 'jtag frequency' command is executed.
10:44:30 INFO  : 'targets -set -filter {jtag_cable_name =~ "RealDigital Boo 8874292301F6A" && level==0 && jtag_device_ctx=="jsn1-0362f093-0"}' command is executed.
10:44:31 INFO  : Device configured successfully with "C:/385_Vivado_Projects/Final_Project/ECE-385-Final-Project/final_project_vitis/fp_usb/_ide/bitstream/mb_usb_hdmi_top.bit"
10:44:31 INFO  : Context for processor 'microblaze_0' is selected.
10:44:31 INFO  : Hardware design and registers information is loaded from 'C:/385_Vivado_Projects/Final_Project/ECE-385-Final-Project/final_project_vitis/mb_usb_hdmi_top/export/mb_usb_hdmi_top/hw/mb_usb_hdmi_top.xsa'.
10:44:31 INFO  : 'configparams mdm-detect-bscan-mask 2' command is executed.
10:44:31 INFO  : Context for processor 'microblaze_0' is selected.
10:44:31 INFO  : System reset is completed.
10:44:34 INFO  : 'after 3000' command is executed.
10:44:35 INFO  : Context for processor 'microblaze_0' is selected.
10:44:35 INFO  : The application 'C:/385_Vivado_Projects/Final_Project/ECE-385-Final-Project/final_project_vitis/fp_usb/Debug/fp_usb.elf' is downloaded to processor 'microblaze_0'.
10:44:35 INFO  : ----------------XSDB Script----------------
connect -url tcp:127.0.0.1:3121
targets -set -filter {jtag_cable_name =~ "RealDigital Boo 8874292301F6A" && level==0 && jtag_device_ctx=="jsn1-0362f093-0"}
fpga -file C:/385_Vivado_Projects/Final_Project/ECE-385-Final-Project/final_project_vitis/fp_usb/_ide/bitstream/mb_usb_hdmi_top.bit
targets -set -nocase -filter {name =~ "*microblaze*#0" && bscan=="USER2" }
loadhw -hw C:/385_Vivado_Projects/Final_Project/ECE-385-Final-Project/final_project_vitis/mb_usb_hdmi_top/export/mb_usb_hdmi_top/hw/mb_usb_hdmi_top.xsa -regs
configparams mdm-detect-bscan-mask 2
targets -set -nocase -filter {name =~ "*microblaze*#0" && bscan=="USER2" }
rst -system
after 3000
targets -set -nocase -filter {name =~ "*microblaze*#0" && bscan=="USER2" }
dow C:/385_Vivado_Projects/Final_Project/ECE-385-Final-Project/final_project_vitis/fp_usb/Debug/fp_usb.elf
----------------End of Script----------------

10:44:35 INFO  : Context for processor 'microblaze_0' is selected.
10:44:35 INFO  : 'con' command is executed.
10:44:35 INFO  : ----------------XSDB Script (After Launch)----------------
targets -set -nocase -filter {name =~ "*microblaze*#0" && bscan=="USER2" }
con
----------------End of Script----------------

10:44:35 INFO  : Disconnected from the channel tcfchan#5.
11:09:49 INFO  : Hardware specification for platform project 'mb_usb_hdmi_top' is updated.
11:10:02 INFO  : Result from executing command 'getProjects': mb_usb_hdmi_top
11:10:02 INFO  : Result from executing command 'getPlatforms': mb_usb_hdmi_top|C:/385_Vivado_Projects/Final_Project/ECE-385-Final-Project/final_project_vitis/mb_usb_hdmi_top/export/mb_usb_hdmi_top/mb_usb_hdmi_top.xpfm
11:10:02 INFO  : Checking for BSP changes to sync application flags for project 'fp_usb'...
11:10:02 WARN  : Failed to closehw "C:/385_Vivado_Projects/Final_Project/ECE-385-Final-Project/final_project_vitis/mb_usb_hdmi_top/export/mb_usb_hdmi_top/hw/mb_usb_hdmi_top.xsa"
Reason: Cannot close hw design 'C:/385_Vivado_Projects/Final_Project/ECE-385-Final-Project/final_project_vitis/mb_usb_hdmi_top/export/mb_usb_hdmi_top/hw/mb_usb_hdmi_top.xsa'.
Design is not opened in the current session.

11:10:05 INFO  : The hardware specification used by project 'fp_usb' is out of sync with the platform. Resource files extracted from the hardware specification will be updated.
11:10:05 INFO  : The file 'C:\385_Vivado_Projects\Final_Project\ECE-385-Final-Project\final_project_vitis\fp_usb\_ide\bitstream\mb_usb_hdmi_top.bit' stored in project is removed.
11:10:05 INFO  : The file 'C:\385_Vivado_Projects\Final_Project\ECE-385-Final-Project\final_project_vitis\fp_usb\_ide\bitstream\mb_usb_hdmi_top.mmi' stored in project is removed.
11:10:05 INFO  : The updated bitstream files are copied from platform to folder 'C:\385_Vivado_Projects\Final_Project\ECE-385-Final-Project\final_project_vitis\fp_usb\_ide\bitstream' in project 'fp_usb'.
17:59:20 DEBUG : Logs will be stored at 'C:/385_Vivado_Projects/Final_Project/ECE-385-Final-Project/final_project_vitis/IDE.log'.
17:59:21 INFO  : Launching XSCT server: xsct.bat -n  -interactive C:\385_Vivado_Projects\Final_Project\ECE-385-Final-Project\final_project_vitis\temp_xsdb_launch_script.tcl
17:59:24 INFO  : Platform repository initialization has completed.
17:59:26 INFO  : XSCT server has started successfully.
17:59:26 INFO  : plnx-install-location is set to ''
17:59:26 INFO  : Successfully done setting XSCT server connection channel  
17:59:26 INFO  : Successfully done setting workspace for the tool. 
17:59:26 INFO  : Successfully done query RDI_DATADIR 
17:59:27 INFO  : Registering command handlers for Vitis TCF services
21:27:54 INFO  : Hardware specification for platform project 'mb_usb_hdmi_top' is updated.
21:28:05 INFO  : Result from executing command 'getProjects': mb_usb_hdmi_top
21:28:05 INFO  : Result from executing command 'getPlatforms': mb_usb_hdmi_top|C:/385_Vivado_Projects/Final_Project/ECE-385-Final-Project/final_project_vitis/mb_usb_hdmi_top/export/mb_usb_hdmi_top/mb_usb_hdmi_top.xpfm
21:28:06 INFO  : Checking for BSP changes to sync application flags for project 'fp_usb'...
21:28:08 INFO  : The hardware specification used by project 'fp_usb' is out of sync with the platform. Resource files extracted from the hardware specification will be updated.
21:28:08 INFO  : The file 'C:\385_Vivado_Projects\Final_Project\ECE-385-Final-Project\final_project_vitis\fp_usb\_ide\bitstream\mb_usb_hdmi_top.bit' stored in project is removed.
21:28:08 INFO  : The file 'C:\385_Vivado_Projects\Final_Project\ECE-385-Final-Project\final_project_vitis\fp_usb\_ide\bitstream\mb_usb_hdmi_top.mmi' stored in project is removed.
21:28:08 INFO  : The updated bitstream files are copied from platform to folder 'C:\385_Vivado_Projects\Final_Project\ECE-385-Final-Project\final_project_vitis\fp_usb\_ide\bitstream' in project 'fp_usb'.
21:28:11 INFO  : Connected to target on host '127.0.0.1' and port '3121'.
21:28:11 INFO  : Jtag cable 'RealDigital Boo 8874292301F6A' is selected.
21:28:11 INFO  : 'jtag frequency' command is executed.
21:28:11 INFO  : 'targets -set -filter {jtag_cable_name =~ "RealDigital Boo 8874292301F6A" && level==0 && jtag_device_ctx=="jsn1-0362f093-0"}' command is executed.
21:28:12 INFO  : Device configured successfully with "C:/385_Vivado_Projects/Final_Project/ECE-385-Final-Project/final_project_vitis/fp_usb/_ide/bitstream/mb_usb_hdmi_top.bit"
21:28:13 INFO  : Context for processor 'microblaze_0' is selected.
21:28:13 INFO  : Hardware design and registers information is loaded from 'C:/385_Vivado_Projects/Final_Project/ECE-385-Final-Project/final_project_vitis/mb_usb_hdmi_top/export/mb_usb_hdmi_top/hw/mb_usb_hdmi_top.xsa'.
21:28:13 INFO  : 'configparams mdm-detect-bscan-mask 2' command is executed.
21:28:13 INFO  : Context for processor 'microblaze_0' is selected.
21:28:13 INFO  : System reset is completed.
21:28:16 INFO  : 'after 3000' command is executed.
21:28:16 INFO  : Context for processor 'microblaze_0' is selected.
21:28:16 INFO  : The application 'C:/385_Vivado_Projects/Final_Project/ECE-385-Final-Project/final_project_vitis/fp_usb/Debug/fp_usb.elf' is downloaded to processor 'microblaze_0'.
21:28:16 INFO  : ----------------XSDB Script----------------
connect -url tcp:127.0.0.1:3121
targets -set -filter {jtag_cable_name =~ "RealDigital Boo 8874292301F6A" && level==0 && jtag_device_ctx=="jsn1-0362f093-0"}
fpga -file C:/385_Vivado_Projects/Final_Project/ECE-385-Final-Project/final_project_vitis/fp_usb/_ide/bitstream/mb_usb_hdmi_top.bit
targets -set -nocase -filter {name =~ "*microblaze*#0" && bscan=="USER2" }
loadhw -hw C:/385_Vivado_Projects/Final_Project/ECE-385-Final-Project/final_project_vitis/mb_usb_hdmi_top/export/mb_usb_hdmi_top/hw/mb_usb_hdmi_top.xsa -regs
configparams mdm-detect-bscan-mask 2
targets -set -nocase -filter {name =~ "*microblaze*#0" && bscan=="USER2" }
rst -system
after 3000
targets -set -nocase -filter {name =~ "*microblaze*#0" && bscan=="USER2" }
dow C:/385_Vivado_Projects/Final_Project/ECE-385-Final-Project/final_project_vitis/fp_usb/Debug/fp_usb.elf
----------------End of Script----------------

21:28:16 INFO  : Context for processor 'microblaze_0' is selected.
21:28:16 INFO  : 'con' command is executed.
21:28:16 INFO  : ----------------XSDB Script (After Launch)----------------
targets -set -nocase -filter {name =~ "*microblaze*#0" && bscan=="USER2" }
con
----------------End of Script----------------

21:28:16 INFO  : Disconnected from the channel tcfchan#2.
21:38:38 INFO  : Connected to target on host '127.0.0.1' and port '3121'.
21:38:38 INFO  : Jtag cable 'RealDigital Boo 8874292301F6A' is selected.
21:38:38 INFO  : 'jtag frequency' command is executed.
21:38:38 INFO  : 'targets -set -filter {jtag_cable_name =~ "RealDigital Boo 8874292301F6A" && level==0 && jtag_device_ctx=="jsn1-0362f093-0"}' command is executed.
21:38:39 INFO  : Device configured successfully with "C:/385_Vivado_Projects/Final_Project/ECE-385-Final-Project/final_project_vitis/fp_usb/_ide/bitstream/mb_usb_hdmi_top.bit"
21:38:39 INFO  : Context for processor 'microblaze_0' is selected.
21:38:40 INFO  : Hardware design and registers information is loaded from 'C:/385_Vivado_Projects/Final_Project/ECE-385-Final-Project/final_project_vitis/mb_usb_hdmi_top/export/mb_usb_hdmi_top/hw/mb_usb_hdmi_top.xsa'.
21:38:40 INFO  : 'configparams mdm-detect-bscan-mask 2' command is executed.
21:38:40 INFO  : Context for processor 'microblaze_0' is selected.
21:38:40 INFO  : System reset is completed.
21:38:43 INFO  : 'after 3000' command is executed.
21:38:43 INFO  : Context for processor 'microblaze_0' is selected.
21:38:43 INFO  : The application 'C:/385_Vivado_Projects/Final_Project/ECE-385-Final-Project/final_project_vitis/fp_usb/Debug/fp_usb.elf' is downloaded to processor 'microblaze_0'.
21:38:43 INFO  : ----------------XSDB Script----------------
connect -url tcp:127.0.0.1:3121
targets -set -filter {jtag_cable_name =~ "RealDigital Boo 8874292301F6A" && level==0 && jtag_device_ctx=="jsn1-0362f093-0"}
fpga -file C:/385_Vivado_Projects/Final_Project/ECE-385-Final-Project/final_project_vitis/fp_usb/_ide/bitstream/mb_usb_hdmi_top.bit
targets -set -nocase -filter {name =~ "*microblaze*#0" && bscan=="USER2" }
loadhw -hw C:/385_Vivado_Projects/Final_Project/ECE-385-Final-Project/final_project_vitis/mb_usb_hdmi_top/export/mb_usb_hdmi_top/hw/mb_usb_hdmi_top.xsa -regs
configparams mdm-detect-bscan-mask 2
targets -set -nocase -filter {name =~ "*microblaze*#0" && bscan=="USER2" }
rst -system
after 3000
targets -set -nocase -filter {name =~ "*microblaze*#0" && bscan=="USER2" }
dow C:/385_Vivado_Projects/Final_Project/ECE-385-Final-Project/final_project_vitis/fp_usb/Debug/fp_usb.elf
----------------End of Script----------------

21:38:43 INFO  : Context for processor 'microblaze_0' is selected.
21:38:43 INFO  : 'con' command is executed.
21:38:43 INFO  : ----------------XSDB Script (After Launch)----------------
targets -set -nocase -filter {name =~ "*microblaze*#0" && bscan=="USER2" }
con
----------------End of Script----------------

21:38:43 INFO  : Disconnected from the channel tcfchan#3.
21:55:00 INFO  : Hardware specification for platform project 'mb_usb_hdmi_top' is updated.
21:55:20 INFO  : Result from executing command 'getProjects': mb_usb_hdmi_top
21:55:20 INFO  : Result from executing command 'getPlatforms': mb_usb_hdmi_top|C:/385_Vivado_Projects/Final_Project/ECE-385-Final-Project/final_project_vitis/mb_usb_hdmi_top/export/mb_usb_hdmi_top/mb_usb_hdmi_top.xpfm
21:55:20 INFO  : Checking for BSP changes to sync application flags for project 'fp_usb'...
21:55:22 INFO  : The hardware specification used by project 'fp_usb' is out of sync with the platform. Resource files extracted from the hardware specification will be updated.
21:55:22 INFO  : The file 'C:\385_Vivado_Projects\Final_Project\ECE-385-Final-Project\final_project_vitis\fp_usb\_ide\bitstream\mb_usb_hdmi_top.bit' stored in project is removed.
21:55:22 INFO  : The file 'C:\385_Vivado_Projects\Final_Project\ECE-385-Final-Project\final_project_vitis\fp_usb\_ide\bitstream\mb_usb_hdmi_top.mmi' stored in project is removed.
21:55:22 INFO  : The updated bitstream files are copied from platform to folder 'C:\385_Vivado_Projects\Final_Project\ECE-385-Final-Project\final_project_vitis\fp_usb\_ide\bitstream' in project 'fp_usb'.
21:55:37 INFO  : Connected to target on host '127.0.0.1' and port '3121'.
21:55:38 INFO  : Jtag cable 'RealDigital Boo 8874292301F6A' is selected.
21:55:38 INFO  : 'jtag frequency' command is executed.
21:55:38 INFO  : 'targets -set -filter {jtag_cable_name =~ "RealDigital Boo 8874292301F6A" && level==0 && jtag_device_ctx=="jsn1-0362f093-0"}' command is executed.
21:55:39 INFO  : Device configured successfully with "C:/385_Vivado_Projects/Final_Project/ECE-385-Final-Project/final_project_vitis/fp_usb/_ide/bitstream/mb_usb_hdmi_top.bit"
21:55:39 INFO  : Context for processor 'microblaze_0' is selected.
21:55:39 INFO  : Hardware design and registers information is loaded from 'C:/385_Vivado_Projects/Final_Project/ECE-385-Final-Project/final_project_vitis/mb_usb_hdmi_top/export/mb_usb_hdmi_top/hw/mb_usb_hdmi_top.xsa'.
21:55:39 INFO  : 'configparams mdm-detect-bscan-mask 2' command is executed.
21:55:39 INFO  : Context for processor 'microblaze_0' is selected.
21:55:39 INFO  : System reset is completed.
21:55:42 INFO  : 'after 3000' command is executed.
21:55:42 INFO  : Context for processor 'microblaze_0' is selected.
21:55:43 INFO  : The application 'C:/385_Vivado_Projects/Final_Project/ECE-385-Final-Project/final_project_vitis/fp_usb/Debug/fp_usb.elf' is downloaded to processor 'microblaze_0'.
21:55:43 INFO  : ----------------XSDB Script----------------
connect -url tcp:127.0.0.1:3121
targets -set -filter {jtag_cable_name =~ "RealDigital Boo 8874292301F6A" && level==0 && jtag_device_ctx=="jsn1-0362f093-0"}
fpga -file C:/385_Vivado_Projects/Final_Project/ECE-385-Final-Project/final_project_vitis/fp_usb/_ide/bitstream/mb_usb_hdmi_top.bit
targets -set -nocase -filter {name =~ "*microblaze*#0" && bscan=="USER2" }
loadhw -hw C:/385_Vivado_Projects/Final_Project/ECE-385-Final-Project/final_project_vitis/mb_usb_hdmi_top/export/mb_usb_hdmi_top/hw/mb_usb_hdmi_top.xsa -regs
configparams mdm-detect-bscan-mask 2
targets -set -nocase -filter {name =~ "*microblaze*#0" && bscan=="USER2" }
rst -system
after 3000
targets -set -nocase -filter {name =~ "*microblaze*#0" && bscan=="USER2" }
dow C:/385_Vivado_Projects/Final_Project/ECE-385-Final-Project/final_project_vitis/fp_usb/Debug/fp_usb.elf
----------------End of Script----------------

21:55:43 INFO  : Context for processor 'microblaze_0' is selected.
21:55:43 INFO  : 'con' command is executed.
21:55:43 INFO  : ----------------XSDB Script (After Launch)----------------
targets -set -nocase -filter {name =~ "*microblaze*#0" && bscan=="USER2" }
con
----------------End of Script----------------

21:55:43 INFO  : Disconnected from the channel tcfchan#5.
21:56:01 INFO  : Connected to target on host '127.0.0.1' and port '3121'.
21:56:01 INFO  : Jtag cable 'RealDigital Boo 8874292301F6A' is selected.
21:56:01 INFO  : 'jtag frequency' command is executed.
21:56:01 INFO  : 'targets -set -filter {jtag_cable_name =~ "RealDigital Boo 8874292301F6A" && level==0 && jtag_device_ctx=="jsn1-0362f093-0"}' command is executed.
21:56:02 INFO  : Device configured successfully with "C:/385_Vivado_Projects/Final_Project/ECE-385-Final-Project/final_project_vitis/fp_usb/_ide/bitstream/mb_usb_hdmi_top.bit"
21:56:02 INFO  : Context for processor 'microblaze_0' is selected.
21:56:02 INFO  : Hardware design and registers information is loaded from 'C:/385_Vivado_Projects/Final_Project/ECE-385-Final-Project/final_project_vitis/mb_usb_hdmi_top/export/mb_usb_hdmi_top/hw/mb_usb_hdmi_top.xsa'.
21:56:02 INFO  : 'configparams mdm-detect-bscan-mask 2' command is executed.
21:56:02 INFO  : Context for processor 'microblaze_0' is selected.
21:56:02 INFO  : System reset is completed.
21:56:05 INFO  : 'after 3000' command is executed.
21:56:05 INFO  : Context for processor 'microblaze_0' is selected.
21:56:06 INFO  : The application 'C:/385_Vivado_Projects/Final_Project/ECE-385-Final-Project/final_project_vitis/fp_usb/Debug/fp_usb.elf' is downloaded to processor 'microblaze_0'.
21:56:06 INFO  : ----------------XSDB Script----------------
connect -url tcp:127.0.0.1:3121
targets -set -filter {jtag_cable_name =~ "RealDigital Boo 8874292301F6A" && level==0 && jtag_device_ctx=="jsn1-0362f093-0"}
fpga -file C:/385_Vivado_Projects/Final_Project/ECE-385-Final-Project/final_project_vitis/fp_usb/_ide/bitstream/mb_usb_hdmi_top.bit
targets -set -nocase -filter {name =~ "*microblaze*#0" && bscan=="USER2" }
loadhw -hw C:/385_Vivado_Projects/Final_Project/ECE-385-Final-Project/final_project_vitis/mb_usb_hdmi_top/export/mb_usb_hdmi_top/hw/mb_usb_hdmi_top.xsa -regs
configparams mdm-detect-bscan-mask 2
targets -set -nocase -filter {name =~ "*microblaze*#0" && bscan=="USER2" }
rst -system
after 3000
targets -set -nocase -filter {name =~ "*microblaze*#0" && bscan=="USER2" }
dow C:/385_Vivado_Projects/Final_Project/ECE-385-Final-Project/final_project_vitis/fp_usb/Debug/fp_usb.elf
----------------End of Script----------------

21:56:06 INFO  : Context for processor 'microblaze_0' is selected.
21:56:06 INFO  : 'con' command is executed.
21:56:06 INFO  : ----------------XSDB Script (After Launch)----------------
targets -set -nocase -filter {name =~ "*microblaze*#0" && bscan=="USER2" }
con
----------------End of Script----------------

21:56:06 INFO  : Disconnected from the channel tcfchan#6.
22:04:56 INFO  : Hardware specification for platform project 'mb_usb_hdmi_top' is updated.
22:05:12 INFO  : Result from executing command 'getProjects': mb_usb_hdmi_top
22:05:12 INFO  : Result from executing command 'getPlatforms': mb_usb_hdmi_top|C:/385_Vivado_Projects/Final_Project/ECE-385-Final-Project/final_project_vitis/mb_usb_hdmi_top/export/mb_usb_hdmi_top/mb_usb_hdmi_top.xpfm
22:05:21 INFO  : Checking for BSP changes to sync application flags for project 'fp_usb'...
22:05:23 INFO  : The hardware specification used by project 'fp_usb' is out of sync with the platform. Resource files extracted from the hardware specification will be updated.
22:05:23 INFO  : The file 'C:\385_Vivado_Projects\Final_Project\ECE-385-Final-Project\final_project_vitis\fp_usb\_ide\bitstream\mb_usb_hdmi_top.bit' stored in project is removed.
22:05:23 INFO  : The file 'C:\385_Vivado_Projects\Final_Project\ECE-385-Final-Project\final_project_vitis\fp_usb\_ide\bitstream\mb_usb_hdmi_top.mmi' stored in project is removed.
22:05:23 INFO  : The updated bitstream files are copied from platform to folder 'C:\385_Vivado_Projects\Final_Project\ECE-385-Final-Project\final_project_vitis\fp_usb\_ide\bitstream' in project 'fp_usb'.
22:05:32 INFO  : Connected to target on host '127.0.0.1' and port '3121'.
22:05:32 INFO  : Jtag cable 'RealDigital Boo 8874292301F6A' is selected.
22:05:32 INFO  : 'jtag frequency' command is executed.
22:05:32 INFO  : 'targets -set -filter {jtag_cable_name =~ "RealDigital Boo 8874292301F6A" && level==0 && jtag_device_ctx=="jsn1-0362f093-0"}' command is executed.
22:05:33 INFO  : Device configured successfully with "C:/385_Vivado_Projects/Final_Project/ECE-385-Final-Project/final_project_vitis/fp_usb/_ide/bitstream/mb_usb_hdmi_top.bit"
22:05:33 INFO  : Context for processor 'microblaze_0' is selected.
22:05:34 INFO  : Hardware design and registers information is loaded from 'C:/385_Vivado_Projects/Final_Project/ECE-385-Final-Project/final_project_vitis/mb_usb_hdmi_top/export/mb_usb_hdmi_top/hw/mb_usb_hdmi_top.xsa'.
22:05:34 INFO  : 'configparams mdm-detect-bscan-mask 2' command is executed.
22:05:34 INFO  : Context for processor 'microblaze_0' is selected.
22:05:34 INFO  : System reset is completed.
22:05:37 INFO  : 'after 3000' command is executed.
22:05:37 INFO  : Context for processor 'microblaze_0' is selected.
22:05:37 INFO  : The application 'C:/385_Vivado_Projects/Final_Project/ECE-385-Final-Project/final_project_vitis/fp_usb/Debug/fp_usb.elf' is downloaded to processor 'microblaze_0'.
22:05:37 INFO  : ----------------XSDB Script----------------
connect -url tcp:127.0.0.1:3121
targets -set -filter {jtag_cable_name =~ "RealDigital Boo 8874292301F6A" && level==0 && jtag_device_ctx=="jsn1-0362f093-0"}
fpga -file C:/385_Vivado_Projects/Final_Project/ECE-385-Final-Project/final_project_vitis/fp_usb/_ide/bitstream/mb_usb_hdmi_top.bit
targets -set -nocase -filter {name =~ "*microblaze*#0" && bscan=="USER2" }
loadhw -hw C:/385_Vivado_Projects/Final_Project/ECE-385-Final-Project/final_project_vitis/mb_usb_hdmi_top/export/mb_usb_hdmi_top/hw/mb_usb_hdmi_top.xsa -regs
configparams mdm-detect-bscan-mask 2
targets -set -nocase -filter {name =~ "*microblaze*#0" && bscan=="USER2" }
rst -system
after 3000
targets -set -nocase -filter {name =~ "*microblaze*#0" && bscan=="USER2" }
dow C:/385_Vivado_Projects/Final_Project/ECE-385-Final-Project/final_project_vitis/fp_usb/Debug/fp_usb.elf
----------------End of Script----------------

22:05:37 INFO  : Context for processor 'microblaze_0' is selected.
22:05:37 INFO  : 'con' command is executed.
22:05:37 INFO  : ----------------XSDB Script (After Launch)----------------
targets -set -nocase -filter {name =~ "*microblaze*#0" && bscan=="USER2" }
con
----------------End of Script----------------

22:05:37 INFO  : Disconnected from the channel tcfchan#8.
22:12:55 INFO  : Hardware specification for platform project 'mb_usb_hdmi_top' is updated.
22:13:07 INFO  : Result from executing command 'getProjects': mb_usb_hdmi_top
22:13:07 INFO  : Result from executing command 'getPlatforms': mb_usb_hdmi_top|C:/385_Vivado_Projects/Final_Project/ECE-385-Final-Project/final_project_vitis/mb_usb_hdmi_top/export/mb_usb_hdmi_top/mb_usb_hdmi_top.xpfm
22:13:07 INFO  : Checking for BSP changes to sync application flags for project 'fp_usb'...
22:13:09 INFO  : The hardware specification used by project 'fp_usb' is out of sync with the platform. Resource files extracted from the hardware specification will be updated.
22:13:09 INFO  : The file 'C:\385_Vivado_Projects\Final_Project\ECE-385-Final-Project\final_project_vitis\fp_usb\_ide\bitstream\mb_usb_hdmi_top.bit' stored in project is removed.
22:13:09 INFO  : The file 'C:\385_Vivado_Projects\Final_Project\ECE-385-Final-Project\final_project_vitis\fp_usb\_ide\bitstream\mb_usb_hdmi_top.mmi' stored in project is removed.
22:13:09 INFO  : The updated bitstream files are copied from platform to folder 'C:\385_Vivado_Projects\Final_Project\ECE-385-Final-Project\final_project_vitis\fp_usb\_ide\bitstream' in project 'fp_usb'.
22:13:13 INFO  : Connected to target on host '127.0.0.1' and port '3121'.
22:13:13 INFO  : Jtag cable 'RealDigital Boo 8874292301F6A' is selected.
22:13:13 INFO  : 'jtag frequency' command is executed.
22:13:13 INFO  : 'targets -set -filter {jtag_cable_name =~ "RealDigital Boo 8874292301F6A" && level==0 && jtag_device_ctx=="jsn1-0362f093-0"}' command is executed.
22:13:14 INFO  : Device configured successfully with "C:/385_Vivado_Projects/Final_Project/ECE-385-Final-Project/final_project_vitis/fp_usb/_ide/bitstream/mb_usb_hdmi_top.bit"
22:13:14 INFO  : Context for processor 'microblaze_0' is selected.
22:13:15 INFO  : Hardware design and registers information is loaded from 'C:/385_Vivado_Projects/Final_Project/ECE-385-Final-Project/final_project_vitis/mb_usb_hdmi_top/export/mb_usb_hdmi_top/hw/mb_usb_hdmi_top.xsa'.
22:13:15 INFO  : 'configparams mdm-detect-bscan-mask 2' command is executed.
22:13:15 INFO  : Context for processor 'microblaze_0' is selected.
22:13:15 INFO  : System reset is completed.
22:13:18 INFO  : 'after 3000' command is executed.
22:13:18 INFO  : Context for processor 'microblaze_0' is selected.
22:13:18 INFO  : The application 'C:/385_Vivado_Projects/Final_Project/ECE-385-Final-Project/final_project_vitis/fp_usb/Debug/fp_usb.elf' is downloaded to processor 'microblaze_0'.
22:13:18 INFO  : ----------------XSDB Script----------------
connect -url tcp:127.0.0.1:3121
targets -set -filter {jtag_cable_name =~ "RealDigital Boo 8874292301F6A" && level==0 && jtag_device_ctx=="jsn1-0362f093-0"}
fpga -file C:/385_Vivado_Projects/Final_Project/ECE-385-Final-Project/final_project_vitis/fp_usb/_ide/bitstream/mb_usb_hdmi_top.bit
targets -set -nocase -filter {name =~ "*microblaze*#0" && bscan=="USER2" }
loadhw -hw C:/385_Vivado_Projects/Final_Project/ECE-385-Final-Project/final_project_vitis/mb_usb_hdmi_top/export/mb_usb_hdmi_top/hw/mb_usb_hdmi_top.xsa -regs
configparams mdm-detect-bscan-mask 2
targets -set -nocase -filter {name =~ "*microblaze*#0" && bscan=="USER2" }
rst -system
after 3000
targets -set -nocase -filter {name =~ "*microblaze*#0" && bscan=="USER2" }
dow C:/385_Vivado_Projects/Final_Project/ECE-385-Final-Project/final_project_vitis/fp_usb/Debug/fp_usb.elf
----------------End of Script----------------

22:13:18 INFO  : Context for processor 'microblaze_0' is selected.
22:13:18 INFO  : 'con' command is executed.
22:13:18 INFO  : ----------------XSDB Script (After Launch)----------------
targets -set -nocase -filter {name =~ "*microblaze*#0" && bscan=="USER2" }
con
----------------End of Script----------------

22:13:18 INFO  : Disconnected from the channel tcfchan#10.
22:22:06 INFO  : Hardware specification for platform project 'mb_usb_hdmi_top' is updated.
22:22:21 INFO  : Result from executing command 'getProjects': mb_usb_hdmi_top
22:22:21 INFO  : Result from executing command 'getPlatforms': mb_usb_hdmi_top|C:/385_Vivado_Projects/Final_Project/ECE-385-Final-Project/final_project_vitis/mb_usb_hdmi_top/export/mb_usb_hdmi_top/mb_usb_hdmi_top.xpfm
22:22:21 INFO  : Checking for BSP changes to sync application flags for project 'fp_usb'...
22:22:23 INFO  : The hardware specification used by project 'fp_usb' is out of sync with the platform. Resource files extracted from the hardware specification will be updated.
22:22:23 INFO  : The file 'C:\385_Vivado_Projects\Final_Project\ECE-385-Final-Project\final_project_vitis\fp_usb\_ide\bitstream\mb_usb_hdmi_top.bit' stored in project is removed.
22:22:23 INFO  : The file 'C:\385_Vivado_Projects\Final_Project\ECE-385-Final-Project\final_project_vitis\fp_usb\_ide\bitstream\mb_usb_hdmi_top.mmi' stored in project is removed.
22:22:23 INFO  : The updated bitstream files are copied from platform to folder 'C:\385_Vivado_Projects\Final_Project\ECE-385-Final-Project\final_project_vitis\fp_usb\_ide\bitstream' in project 'fp_usb'.
22:22:26 INFO  : Connected to target on host '127.0.0.1' and port '3121'.
22:22:26 INFO  : Jtag cable 'RealDigital Boo 8874292301F6A' is selected.
22:22:26 INFO  : 'jtag frequency' command is executed.
22:22:27 INFO  : 'targets -set -filter {jtag_cable_name =~ "RealDigital Boo 8874292301F6A" && level==0 && jtag_device_ctx=="jsn1-0362f093-0"}' command is executed.
22:22:28 INFO  : Device configured successfully with "C:/385_Vivado_Projects/Final_Project/ECE-385-Final-Project/final_project_vitis/fp_usb/_ide/bitstream/mb_usb_hdmi_top.bit"
22:22:28 INFO  : Context for processor 'microblaze_0' is selected.
22:22:28 INFO  : Hardware design and registers information is loaded from 'C:/385_Vivado_Projects/Final_Project/ECE-385-Final-Project/final_project_vitis/mb_usb_hdmi_top/export/mb_usb_hdmi_top/hw/mb_usb_hdmi_top.xsa'.
22:22:28 INFO  : 'configparams mdm-detect-bscan-mask 2' command is executed.
22:22:28 INFO  : Context for processor 'microblaze_0' is selected.
22:22:28 INFO  : System reset is completed.
22:22:31 INFO  : 'after 3000' command is executed.
22:22:31 INFO  : Context for processor 'microblaze_0' is selected.
22:22:31 INFO  : The application 'C:/385_Vivado_Projects/Final_Project/ECE-385-Final-Project/final_project_vitis/fp_usb/Debug/fp_usb.elf' is downloaded to processor 'microblaze_0'.
22:22:31 INFO  : ----------------XSDB Script----------------
connect -url tcp:127.0.0.1:3121
targets -set -filter {jtag_cable_name =~ "RealDigital Boo 8874292301F6A" && level==0 && jtag_device_ctx=="jsn1-0362f093-0"}
fpga -file C:/385_Vivado_Projects/Final_Project/ECE-385-Final-Project/final_project_vitis/fp_usb/_ide/bitstream/mb_usb_hdmi_top.bit
targets -set -nocase -filter {name =~ "*microblaze*#0" && bscan=="USER2" }
loadhw -hw C:/385_Vivado_Projects/Final_Project/ECE-385-Final-Project/final_project_vitis/mb_usb_hdmi_top/export/mb_usb_hdmi_top/hw/mb_usb_hdmi_top.xsa -regs
configparams mdm-detect-bscan-mask 2
targets -set -nocase -filter {name =~ "*microblaze*#0" && bscan=="USER2" }
rst -system
after 3000
targets -set -nocase -filter {name =~ "*microblaze*#0" && bscan=="USER2" }
dow C:/385_Vivado_Projects/Final_Project/ECE-385-Final-Project/final_project_vitis/fp_usb/Debug/fp_usb.elf
----------------End of Script----------------

22:22:31 INFO  : Context for processor 'microblaze_0' is selected.
22:22:31 INFO  : 'con' command is executed.
22:22:31 INFO  : ----------------XSDB Script (After Launch)----------------
targets -set -nocase -filter {name =~ "*microblaze*#0" && bscan=="USER2" }
con
----------------End of Script----------------

22:22:31 INFO  : Disconnected from the channel tcfchan#12.
22:32:03 INFO  : Hardware specification for platform project 'mb_usb_hdmi_top' is updated.
22:32:14 INFO  : Result from executing command 'getProjects': mb_usb_hdmi_top
22:32:14 INFO  : Result from executing command 'getPlatforms': mb_usb_hdmi_top|C:/385_Vivado_Projects/Final_Project/ECE-385-Final-Project/final_project_vitis/mb_usb_hdmi_top/export/mb_usb_hdmi_top/mb_usb_hdmi_top.xpfm
22:32:14 INFO  : Checking for BSP changes to sync application flags for project 'fp_usb'...
22:32:16 INFO  : The hardware specification used by project 'fp_usb' is out of sync with the platform. Resource files extracted from the hardware specification will be updated.
22:32:16 INFO  : The file 'C:\385_Vivado_Projects\Final_Project\ECE-385-Final-Project\final_project_vitis\fp_usb\_ide\bitstream\mb_usb_hdmi_top.bit' stored in project is removed.
22:32:16 INFO  : The file 'C:\385_Vivado_Projects\Final_Project\ECE-385-Final-Project\final_project_vitis\fp_usb\_ide\bitstream\mb_usb_hdmi_top.mmi' stored in project is removed.
22:32:16 INFO  : The updated bitstream files are copied from platform to folder 'C:\385_Vivado_Projects\Final_Project\ECE-385-Final-Project\final_project_vitis\fp_usb\_ide\bitstream' in project 'fp_usb'.
22:32:36 INFO  : Connected to target on host '127.0.0.1' and port '3121'.
22:32:36 INFO  : Jtag cable 'RealDigital Boo 8874292301F6A' is selected.
22:32:36 INFO  : 'jtag frequency' command is executed.
22:32:36 INFO  : 'targets -set -filter {jtag_cable_name =~ "RealDigital Boo 8874292301F6A" && level==0 && jtag_device_ctx=="jsn1-0362f093-0"}' command is executed.
22:32:38 INFO  : Device configured successfully with "C:/385_Vivado_Projects/Final_Project/ECE-385-Final-Project/final_project_vitis/fp_usb/_ide/bitstream/mb_usb_hdmi_top.bit"
22:32:38 INFO  : Context for processor 'microblaze_0' is selected.
22:32:38 INFO  : Hardware design and registers information is loaded from 'C:/385_Vivado_Projects/Final_Project/ECE-385-Final-Project/final_project_vitis/mb_usb_hdmi_top/export/mb_usb_hdmi_top/hw/mb_usb_hdmi_top.xsa'.
22:32:38 INFO  : 'configparams mdm-detect-bscan-mask 2' command is executed.
22:32:38 INFO  : Context for processor 'microblaze_0' is selected.
22:32:38 INFO  : System reset is completed.
22:32:41 INFO  : 'after 3000' command is executed.
22:32:41 INFO  : Context for processor 'microblaze_0' is selected.
22:32:41 INFO  : The application 'C:/385_Vivado_Projects/Final_Project/ECE-385-Final-Project/final_project_vitis/fp_usb/Debug/fp_usb.elf' is downloaded to processor 'microblaze_0'.
22:32:41 INFO  : ----------------XSDB Script----------------
connect -url tcp:127.0.0.1:3121
targets -set -filter {jtag_cable_name =~ "RealDigital Boo 8874292301F6A" && level==0 && jtag_device_ctx=="jsn1-0362f093-0"}
fpga -file C:/385_Vivado_Projects/Final_Project/ECE-385-Final-Project/final_project_vitis/fp_usb/_ide/bitstream/mb_usb_hdmi_top.bit
targets -set -nocase -filter {name =~ "*microblaze*#0" && bscan=="USER2" }
loadhw -hw C:/385_Vivado_Projects/Final_Project/ECE-385-Final-Project/final_project_vitis/mb_usb_hdmi_top/export/mb_usb_hdmi_top/hw/mb_usb_hdmi_top.xsa -regs
configparams mdm-detect-bscan-mask 2
targets -set -nocase -filter {name =~ "*microblaze*#0" && bscan=="USER2" }
rst -system
after 3000
targets -set -nocase -filter {name =~ "*microblaze*#0" && bscan=="USER2" }
dow C:/385_Vivado_Projects/Final_Project/ECE-385-Final-Project/final_project_vitis/fp_usb/Debug/fp_usb.elf
----------------End of Script----------------

22:32:41 INFO  : Context for processor 'microblaze_0' is selected.
22:32:41 INFO  : 'con' command is executed.
22:32:41 INFO  : ----------------XSDB Script (After Launch)----------------
targets -set -nocase -filter {name =~ "*microblaze*#0" && bscan=="USER2" }
con
----------------End of Script----------------

22:32:41 INFO  : Disconnected from the channel tcfchan#14.
22:41:24 INFO  : Hardware specification for platform project 'mb_usb_hdmi_top' is updated.
22:41:35 INFO  : Result from executing command 'getProjects': mb_usb_hdmi_top
22:41:35 INFO  : Result from executing command 'getPlatforms': mb_usb_hdmi_top|C:/385_Vivado_Projects/Final_Project/ECE-385-Final-Project/final_project_vitis/mb_usb_hdmi_top/export/mb_usb_hdmi_top/mb_usb_hdmi_top.xpfm
22:41:35 INFO  : Checking for BSP changes to sync application flags for project 'fp_usb'...
22:41:37 INFO  : The hardware specification used by project 'fp_usb' is out of sync with the platform. Resource files extracted from the hardware specification will be updated.
22:41:37 INFO  : The file 'C:\385_Vivado_Projects\Final_Project\ECE-385-Final-Project\final_project_vitis\fp_usb\_ide\bitstream\mb_usb_hdmi_top.bit' stored in project is removed.
22:41:37 INFO  : The file 'C:\385_Vivado_Projects\Final_Project\ECE-385-Final-Project\final_project_vitis\fp_usb\_ide\bitstream\mb_usb_hdmi_top.mmi' stored in project is removed.
22:41:37 INFO  : The updated bitstream files are copied from platform to folder 'C:\385_Vivado_Projects\Final_Project\ECE-385-Final-Project\final_project_vitis\fp_usb\_ide\bitstream' in project 'fp_usb'.
22:41:44 INFO  : Connected to target on host '127.0.0.1' and port '3121'.
22:41:44 INFO  : Jtag cable 'RealDigital Boo 8874292301F6A' is selected.
22:41:44 INFO  : 'jtag frequency' command is executed.
22:41:44 INFO  : 'targets -set -filter {jtag_cable_name =~ "RealDigital Boo 8874292301F6A" && level==0 && jtag_device_ctx=="jsn1-0362f093-0"}' command is executed.
22:41:45 INFO  : Device configured successfully with "C:/385_Vivado_Projects/Final_Project/ECE-385-Final-Project/final_project_vitis/fp_usb/_ide/bitstream/mb_usb_hdmi_top.bit"
22:41:45 INFO  : Context for processor 'microblaze_0' is selected.
22:41:46 INFO  : Hardware design and registers information is loaded from 'C:/385_Vivado_Projects/Final_Project/ECE-385-Final-Project/final_project_vitis/mb_usb_hdmi_top/export/mb_usb_hdmi_top/hw/mb_usb_hdmi_top.xsa'.
22:41:46 INFO  : 'configparams mdm-detect-bscan-mask 2' command is executed.
22:41:46 INFO  : Context for processor 'microblaze_0' is selected.
22:41:46 INFO  : System reset is completed.
22:41:49 INFO  : 'after 3000' command is executed.
22:41:49 INFO  : Context for processor 'microblaze_0' is selected.
22:41:49 INFO  : The application 'C:/385_Vivado_Projects/Final_Project/ECE-385-Final-Project/final_project_vitis/fp_usb/Debug/fp_usb.elf' is downloaded to processor 'microblaze_0'.
22:41:49 INFO  : ----------------XSDB Script----------------
connect -url tcp:127.0.0.1:3121
targets -set -filter {jtag_cable_name =~ "RealDigital Boo 8874292301F6A" && level==0 && jtag_device_ctx=="jsn1-0362f093-0"}
fpga -file C:/385_Vivado_Projects/Final_Project/ECE-385-Final-Project/final_project_vitis/fp_usb/_ide/bitstream/mb_usb_hdmi_top.bit
targets -set -nocase -filter {name =~ "*microblaze*#0" && bscan=="USER2" }
loadhw -hw C:/385_Vivado_Projects/Final_Project/ECE-385-Final-Project/final_project_vitis/mb_usb_hdmi_top/export/mb_usb_hdmi_top/hw/mb_usb_hdmi_top.xsa -regs
configparams mdm-detect-bscan-mask 2
targets -set -nocase -filter {name =~ "*microblaze*#0" && bscan=="USER2" }
rst -system
after 3000
targets -set -nocase -filter {name =~ "*microblaze*#0" && bscan=="USER2" }
dow C:/385_Vivado_Projects/Final_Project/ECE-385-Final-Project/final_project_vitis/fp_usb/Debug/fp_usb.elf
----------------End of Script----------------

22:41:49 INFO  : Context for processor 'microblaze_0' is selected.
22:41:49 INFO  : 'con' command is executed.
22:41:49 INFO  : ----------------XSDB Script (After Launch)----------------
targets -set -nocase -filter {name =~ "*microblaze*#0" && bscan=="USER2" }
con
----------------End of Script----------------

22:41:49 INFO  : Disconnected from the channel tcfchan#16.
08:55:40 DEBUG : Logs will be stored at 'C:/385_Vivado_Projects/Final_Project/ECE-385-Final-Project/final_project_vitis/IDE.log'.
08:55:41 INFO  : Launching XSCT server: xsct.bat -n  -interactive C:\385_Vivado_Projects\Final_Project\ECE-385-Final-Project\final_project_vitis\temp_xsdb_launch_script.tcl
08:55:44 INFO  : Platform repository initialization has completed.
08:55:46 INFO  : XSCT server has started successfully.
08:55:46 INFO  : plnx-install-location is set to ''
08:55:47 INFO  : Registering command handlers for Vitis TCF services
08:55:52 INFO  : Successfully done setting XSCT server connection channel  
08:55:52 INFO  : Successfully done query RDI_DATADIR 
08:55:52 INFO  : Successfully done setting workspace for the tool. 
09:11:17 INFO  : Hardware specification for platform project 'mb_usb_hdmi_top' is updated.
09:11:33 INFO  : Result from executing command 'getProjects': mb_usb_hdmi_top
09:11:33 INFO  : Result from executing command 'getPlatforms': mb_usb_hdmi_top|C:/385_Vivado_Projects/Final_Project/ECE-385-Final-Project/final_project_vitis/mb_usb_hdmi_top/export/mb_usb_hdmi_top/mb_usb_hdmi_top.xpfm
09:11:34 INFO  : Checking for BSP changes to sync application flags for project 'fp_usb'...
09:11:38 INFO  : The hardware specification used by project 'fp_usb' is out of sync with the platform. Resource files extracted from the hardware specification will be updated.
09:11:38 INFO  : The file 'C:\385_Vivado_Projects\Final_Project\ECE-385-Final-Project\final_project_vitis\fp_usb\_ide\bitstream\mb_usb_hdmi_top.bit' stored in project is removed.
09:11:38 INFO  : The file 'C:\385_Vivado_Projects\Final_Project\ECE-385-Final-Project\final_project_vitis\fp_usb\_ide\bitstream\mb_usb_hdmi_top.mmi' stored in project is removed.
09:11:38 INFO  : The updated bitstream files are copied from platform to folder 'C:\385_Vivado_Projects\Final_Project\ECE-385-Final-Project\final_project_vitis\fp_usb\_ide\bitstream' in project 'fp_usb'.
09:11:44 INFO  : Connected to target on host '127.0.0.1' and port '3121'.
09:11:45 INFO  : Jtag cable 'RealDigital Boo 8874292301F6A' is selected.
09:11:45 INFO  : 'jtag frequency' command is executed.
09:11:45 INFO  : 'targets -set -filter {jtag_cable_name =~ "RealDigital Boo 8874292301F6A" && level==0 && jtag_device_ctx=="jsn1-0362f093-0"}' command is executed.
09:11:46 INFO  : Device configured successfully with "C:/385_Vivado_Projects/Final_Project/ECE-385-Final-Project/final_project_vitis/fp_usb/_ide/bitstream/mb_usb_hdmi_top.bit"
09:11:46 INFO  : Context for processor 'microblaze_0' is selected.
09:11:46 INFO  : Hardware design and registers information is loaded from 'C:/385_Vivado_Projects/Final_Project/ECE-385-Final-Project/final_project_vitis/mb_usb_hdmi_top/export/mb_usb_hdmi_top/hw/mb_usb_hdmi_top.xsa'.
09:11:46 INFO  : 'configparams mdm-detect-bscan-mask 2' command is executed.
09:11:47 INFO  : Context for processor 'microblaze_0' is selected.
09:11:47 INFO  : System reset is completed.
09:11:50 INFO  : 'after 3000' command is executed.
09:11:50 INFO  : Context for processor 'microblaze_0' is selected.
09:11:50 INFO  : The application 'C:/385_Vivado_Projects/Final_Project/ECE-385-Final-Project/final_project_vitis/fp_usb/Debug/fp_usb.elf' is downloaded to processor 'microblaze_0'.
09:11:50 INFO  : ----------------XSDB Script----------------
connect -url tcp:127.0.0.1:3121
targets -set -filter {jtag_cable_name =~ "RealDigital Boo 8874292301F6A" && level==0 && jtag_device_ctx=="jsn1-0362f093-0"}
fpga -file C:/385_Vivado_Projects/Final_Project/ECE-385-Final-Project/final_project_vitis/fp_usb/_ide/bitstream/mb_usb_hdmi_top.bit
targets -set -nocase -filter {name =~ "*microblaze*#0" && bscan=="USER2" }
loadhw -hw C:/385_Vivado_Projects/Final_Project/ECE-385-Final-Project/final_project_vitis/mb_usb_hdmi_top/export/mb_usb_hdmi_top/hw/mb_usb_hdmi_top.xsa -regs
configparams mdm-detect-bscan-mask 2
targets -set -nocase -filter {name =~ "*microblaze*#0" && bscan=="USER2" }
rst -system
after 3000
targets -set -nocase -filter {name =~ "*microblaze*#0" && bscan=="USER2" }
dow C:/385_Vivado_Projects/Final_Project/ECE-385-Final-Project/final_project_vitis/fp_usb/Debug/fp_usb.elf
----------------End of Script----------------

09:11:50 INFO  : Context for processor 'microblaze_0' is selected.
09:11:50 INFO  : 'con' command is executed.
09:11:50 INFO  : ----------------XSDB Script (After Launch)----------------
targets -set -nocase -filter {name =~ "*microblaze*#0" && bscan=="USER2" }
con
----------------End of Script----------------

09:11:50 INFO  : Disconnected from the channel tcfchan#2.
09:29:52 INFO  : Hardware specification for platform project 'mb_usb_hdmi_top' is updated.
09:30:05 INFO  : Result from executing command 'getProjects': mb_usb_hdmi_top
09:30:05 INFO  : Result from executing command 'getPlatforms': mb_usb_hdmi_top|C:/385_Vivado_Projects/Final_Project/ECE-385-Final-Project/final_project_vitis/mb_usb_hdmi_top/export/mb_usb_hdmi_top/mb_usb_hdmi_top.xpfm
09:30:06 INFO  : Checking for BSP changes to sync application flags for project 'fp_usb'...
09:30:09 INFO  : The hardware specification used by project 'fp_usb' is out of sync with the platform. Resource files extracted from the hardware specification will be updated.
09:30:09 INFO  : The file 'C:\385_Vivado_Projects\Final_Project\ECE-385-Final-Project\final_project_vitis\fp_usb\_ide\bitstream\mb_usb_hdmi_top.bit' stored in project is removed.
09:30:09 INFO  : The file 'C:\385_Vivado_Projects\Final_Project\ECE-385-Final-Project\final_project_vitis\fp_usb\_ide\bitstream\mb_usb_hdmi_top.mmi' stored in project is removed.
09:30:09 INFO  : The updated bitstream files are copied from platform to folder 'C:\385_Vivado_Projects\Final_Project\ECE-385-Final-Project\final_project_vitis\fp_usb\_ide\bitstream' in project 'fp_usb'.
09:30:14 INFO  : Connected to target on host '127.0.0.1' and port '3121'.
09:30:23 INFO  : Jtag cable 'RealDigital Boo 8874292301F6A' is selected.
09:30:23 INFO  : 'jtag frequency' command is executed.
09:30:23 INFO  : 'targets -set -filter {jtag_cable_name =~ "RealDigital Boo 8874292301F6A" && level==0 && jtag_device_ctx=="jsn1-0362f093-0"}' command is executed.
09:30:24 INFO  : Device configured successfully with "C:/385_Vivado_Projects/Final_Project/ECE-385-Final-Project/final_project_vitis/fp_usb/_ide/bitstream/mb_usb_hdmi_top.bit"
09:30:24 INFO  : Context for processor 'microblaze_0' is selected.
09:30:25 INFO  : Hardware design and registers information is loaded from 'C:/385_Vivado_Projects/Final_Project/ECE-385-Final-Project/final_project_vitis/mb_usb_hdmi_top/export/mb_usb_hdmi_top/hw/mb_usb_hdmi_top.xsa'.
09:30:25 INFO  : 'configparams mdm-detect-bscan-mask 2' command is executed.
09:30:25 INFO  : Context for processor 'microblaze_0' is selected.
09:30:25 INFO  : System reset is completed.
09:30:28 INFO  : 'after 3000' command is executed.
09:30:28 INFO  : Context for processor 'microblaze_0' is selected.
09:30:28 INFO  : The application 'C:/385_Vivado_Projects/Final_Project/ECE-385-Final-Project/final_project_vitis/fp_usb/Debug/fp_usb.elf' is downloaded to processor 'microblaze_0'.
09:30:28 INFO  : ----------------XSDB Script----------------
connect -url tcp:127.0.0.1:3121
targets -set -filter {jtag_cable_name =~ "RealDigital Boo 8874292301F6A" && level==0 && jtag_device_ctx=="jsn1-0362f093-0"}
fpga -file C:/385_Vivado_Projects/Final_Project/ECE-385-Final-Project/final_project_vitis/fp_usb/_ide/bitstream/mb_usb_hdmi_top.bit
targets -set -nocase -filter {name =~ "*microblaze*#0" && bscan=="USER2" }
loadhw -hw C:/385_Vivado_Projects/Final_Project/ECE-385-Final-Project/final_project_vitis/mb_usb_hdmi_top/export/mb_usb_hdmi_top/hw/mb_usb_hdmi_top.xsa -regs
configparams mdm-detect-bscan-mask 2
targets -set -nocase -filter {name =~ "*microblaze*#0" && bscan=="USER2" }
rst -system
after 3000
targets -set -nocase -filter {name =~ "*microblaze*#0" && bscan=="USER2" }
dow C:/385_Vivado_Projects/Final_Project/ECE-385-Final-Project/final_project_vitis/fp_usb/Debug/fp_usb.elf
----------------End of Script----------------

09:30:28 INFO  : Context for processor 'microblaze_0' is selected.
09:30:28 INFO  : 'con' command is executed.
09:30:28 INFO  : ----------------XSDB Script (After Launch)----------------
targets -set -nocase -filter {name =~ "*microblaze*#0" && bscan=="USER2" }
con
----------------End of Script----------------

09:30:28 INFO  : Disconnected from the channel tcfchan#4.
09:31:09 INFO  : Connected to target on host '127.0.0.1' and port '3121'.
09:31:09 INFO  : Jtag cable 'RealDigital Boo 8874292301F6A' is selected.
09:31:09 INFO  : 'jtag frequency' command is executed.
09:31:09 INFO  : 'targets -set -filter {jtag_cable_name =~ "RealDigital Boo 8874292301F6A" && level==0 && jtag_device_ctx=="jsn1-0362f093-0"}' command is executed.
09:31:10 INFO  : Device configured successfully with "C:/385_Vivado_Projects/Final_Project/ECE-385-Final-Project/final_project_vitis/fp_usb/_ide/bitstream/mb_usb_hdmi_top.bit"
09:31:11 INFO  : Context for processor 'microblaze_0' is selected.
09:31:11 INFO  : Hardware design and registers information is loaded from 'C:/385_Vivado_Projects/Final_Project/ECE-385-Final-Project/final_project_vitis/mb_usb_hdmi_top/export/mb_usb_hdmi_top/hw/mb_usb_hdmi_top.xsa'.
09:31:11 INFO  : 'configparams mdm-detect-bscan-mask 2' command is executed.
09:31:11 INFO  : Context for processor 'microblaze_0' is selected.
09:31:11 INFO  : System reset is completed.
09:31:14 INFO  : 'after 3000' command is executed.
09:31:14 INFO  : Context for processor 'microblaze_0' is selected.
09:31:14 INFO  : The application 'C:/385_Vivado_Projects/Final_Project/ECE-385-Final-Project/final_project_vitis/fp_usb/Debug/fp_usb.elf' is downloaded to processor 'microblaze_0'.
09:31:14 INFO  : ----------------XSDB Script----------------
connect -url tcp:127.0.0.1:3121
targets -set -filter {jtag_cable_name =~ "RealDigital Boo 8874292301F6A" && level==0 && jtag_device_ctx=="jsn1-0362f093-0"}
fpga -file C:/385_Vivado_Projects/Final_Project/ECE-385-Final-Project/final_project_vitis/fp_usb/_ide/bitstream/mb_usb_hdmi_top.bit
targets -set -nocase -filter {name =~ "*microblaze*#0" && bscan=="USER2" }
loadhw -hw C:/385_Vivado_Projects/Final_Project/ECE-385-Final-Project/final_project_vitis/mb_usb_hdmi_top/export/mb_usb_hdmi_top/hw/mb_usb_hdmi_top.xsa -regs
configparams mdm-detect-bscan-mask 2
targets -set -nocase -filter {name =~ "*microblaze*#0" && bscan=="USER2" }
rst -system
after 3000
targets -set -nocase -filter {name =~ "*microblaze*#0" && bscan=="USER2" }
dow C:/385_Vivado_Projects/Final_Project/ECE-385-Final-Project/final_project_vitis/fp_usb/Debug/fp_usb.elf
----------------End of Script----------------

09:31:14 INFO  : Context for processor 'microblaze_0' is selected.
09:31:14 INFO  : 'con' command is executed.
09:31:14 INFO  : ----------------XSDB Script (After Launch)----------------
targets -set -nocase -filter {name =~ "*microblaze*#0" && bscan=="USER2" }
con
----------------End of Script----------------

09:31:14 INFO  : Disconnected from the channel tcfchan#5.
10:02:00 INFO  : Hardware specification for platform project 'mb_usb_hdmi_top' is updated.
10:02:15 INFO  : Result from executing command 'getProjects': mb_usb_hdmi_top
10:02:15 INFO  : Result from executing command 'getPlatforms': mb_usb_hdmi_top|C:/385_Vivado_Projects/Final_Project/ECE-385-Final-Project/final_project_vitis/mb_usb_hdmi_top/export/mb_usb_hdmi_top/mb_usb_hdmi_top.xpfm
10:02:15 INFO  : Checking for BSP changes to sync application flags for project 'fp_usb'...
10:02:18 INFO  : The hardware specification used by project 'fp_usb' is out of sync with the platform. Resource files extracted from the hardware specification will be updated.
10:02:18 INFO  : The file 'C:\385_Vivado_Projects\Final_Project\ECE-385-Final-Project\final_project_vitis\fp_usb\_ide\bitstream\mb_usb_hdmi_top.bit' stored in project is removed.
10:02:18 INFO  : The file 'C:\385_Vivado_Projects\Final_Project\ECE-385-Final-Project\final_project_vitis\fp_usb\_ide\bitstream\mb_usb_hdmi_top.mmi' stored in project is removed.
10:02:18 INFO  : The updated bitstream files are copied from platform to folder 'C:\385_Vivado_Projects\Final_Project\ECE-385-Final-Project\final_project_vitis\fp_usb\_ide\bitstream' in project 'fp_usb'.
10:02:22 INFO  : Connected to target on host '127.0.0.1' and port '3121'.
10:02:22 INFO  : Jtag cable 'RealDigital Boo 8874292301F6A' is selected.
10:02:22 INFO  : 'jtag frequency' command is executed.
10:02:23 INFO  : 'targets -set -filter {jtag_cable_name =~ "RealDigital Boo 8874292301F6A" && level==0 && jtag_device_ctx=="jsn1-0362f093-0"}' command is executed.
10:02:24 INFO  : Device configured successfully with "C:/385_Vivado_Projects/Final_Project/ECE-385-Final-Project/final_project_vitis/fp_usb/_ide/bitstream/mb_usb_hdmi_top.bit"
10:02:24 INFO  : Context for processor 'microblaze_0' is selected.
10:02:24 INFO  : Hardware design and registers information is loaded from 'C:/385_Vivado_Projects/Final_Project/ECE-385-Final-Project/final_project_vitis/mb_usb_hdmi_top/export/mb_usb_hdmi_top/hw/mb_usb_hdmi_top.xsa'.
10:02:24 INFO  : 'configparams mdm-detect-bscan-mask 2' command is executed.
10:02:24 INFO  : Context for processor 'microblaze_0' is selected.
10:02:24 INFO  : System reset is completed.
10:02:27 INFO  : 'after 3000' command is executed.
10:02:27 INFO  : Context for processor 'microblaze_0' is selected.
10:02:28 INFO  : The application 'C:/385_Vivado_Projects/Final_Project/ECE-385-Final-Project/final_project_vitis/fp_usb/Debug/fp_usb.elf' is downloaded to processor 'microblaze_0'.
10:02:28 INFO  : ----------------XSDB Script----------------
connect -url tcp:127.0.0.1:3121
targets -set -filter {jtag_cable_name =~ "RealDigital Boo 8874292301F6A" && level==0 && jtag_device_ctx=="jsn1-0362f093-0"}
fpga -file C:/385_Vivado_Projects/Final_Project/ECE-385-Final-Project/final_project_vitis/fp_usb/_ide/bitstream/mb_usb_hdmi_top.bit
targets -set -nocase -filter {name =~ "*microblaze*#0" && bscan=="USER2" }
loadhw -hw C:/385_Vivado_Projects/Final_Project/ECE-385-Final-Project/final_project_vitis/mb_usb_hdmi_top/export/mb_usb_hdmi_top/hw/mb_usb_hdmi_top.xsa -regs
configparams mdm-detect-bscan-mask 2
targets -set -nocase -filter {name =~ "*microblaze*#0" && bscan=="USER2" }
rst -system
after 3000
targets -set -nocase -filter {name =~ "*microblaze*#0" && bscan=="USER2" }
dow C:/385_Vivado_Projects/Final_Project/ECE-385-Final-Project/final_project_vitis/fp_usb/Debug/fp_usb.elf
----------------End of Script----------------

10:02:28 INFO  : Context for processor 'microblaze_0' is selected.
10:02:28 INFO  : 'con' command is executed.
10:02:28 INFO  : ----------------XSDB Script (After Launch)----------------
targets -set -nocase -filter {name =~ "*microblaze*#0" && bscan=="USER2" }
con
----------------End of Script----------------

10:02:28 INFO  : Disconnected from the channel tcfchan#7.
10:16:14 INFO  : Hardware specification for platform project 'mb_usb_hdmi_top' is updated.
10:16:24 INFO  : Result from executing command 'getProjects': mb_usb_hdmi_top
10:16:24 INFO  : Result from executing command 'getPlatforms': mb_usb_hdmi_top|C:/385_Vivado_Projects/Final_Project/ECE-385-Final-Project/final_project_vitis/mb_usb_hdmi_top/export/mb_usb_hdmi_top/mb_usb_hdmi_top.xpfm
10:16:24 INFO  : Checking for BSP changes to sync application flags for project 'fp_usb'...
10:16:26 INFO  : The hardware specification used by project 'fp_usb' is out of sync with the platform. Resource files extracted from the hardware specification will be updated.
10:16:26 INFO  : The file 'C:\385_Vivado_Projects\Final_Project\ECE-385-Final-Project\final_project_vitis\fp_usb\_ide\bitstream\mb_usb_hdmi_top.bit' stored in project is removed.
10:16:26 INFO  : The file 'C:\385_Vivado_Projects\Final_Project\ECE-385-Final-Project\final_project_vitis\fp_usb\_ide\bitstream\mb_usb_hdmi_top.mmi' stored in project is removed.
10:16:26 INFO  : The updated bitstream files are copied from platform to folder 'C:\385_Vivado_Projects\Final_Project\ECE-385-Final-Project\final_project_vitis\fp_usb\_ide\bitstream' in project 'fp_usb'.
10:16:33 INFO  : Connected to target on host '127.0.0.1' and port '3121'.
10:16:34 INFO  : Jtag cable 'RealDigital Boo 8874292301F6A' is selected.
10:16:34 INFO  : 'jtag frequency' command is executed.
10:16:34 INFO  : 'targets -set -filter {jtag_cable_name =~ "RealDigital Boo 8874292301F6A" && level==0 && jtag_device_ctx=="jsn1-0362f093-0"}' command is executed.
10:16:35 INFO  : Device configured successfully with "C:/385_Vivado_Projects/Final_Project/ECE-385-Final-Project/final_project_vitis/fp_usb/_ide/bitstream/mb_usb_hdmi_top.bit"
10:16:35 INFO  : Context for processor 'microblaze_0' is selected.
10:16:35 INFO  : Hardware design and registers information is loaded from 'C:/385_Vivado_Projects/Final_Project/ECE-385-Final-Project/final_project_vitis/mb_usb_hdmi_top/export/mb_usb_hdmi_top/hw/mb_usb_hdmi_top.xsa'.
10:16:35 INFO  : 'configparams mdm-detect-bscan-mask 2' command is executed.
10:16:35 INFO  : Context for processor 'microblaze_0' is selected.
10:16:35 INFO  : System reset is completed.
10:16:38 INFO  : 'after 3000' command is executed.
10:16:38 INFO  : Context for processor 'microblaze_0' is selected.
10:16:39 INFO  : The application 'C:/385_Vivado_Projects/Final_Project/ECE-385-Final-Project/final_project_vitis/fp_usb/Debug/fp_usb.elf' is downloaded to processor 'microblaze_0'.
10:16:39 INFO  : ----------------XSDB Script----------------
connect -url tcp:127.0.0.1:3121
targets -set -filter {jtag_cable_name =~ "RealDigital Boo 8874292301F6A" && level==0 && jtag_device_ctx=="jsn1-0362f093-0"}
fpga -file C:/385_Vivado_Projects/Final_Project/ECE-385-Final-Project/final_project_vitis/fp_usb/_ide/bitstream/mb_usb_hdmi_top.bit
targets -set -nocase -filter {name =~ "*microblaze*#0" && bscan=="USER2" }
loadhw -hw C:/385_Vivado_Projects/Final_Project/ECE-385-Final-Project/final_project_vitis/mb_usb_hdmi_top/export/mb_usb_hdmi_top/hw/mb_usb_hdmi_top.xsa -regs
configparams mdm-detect-bscan-mask 2
targets -set -nocase -filter {name =~ "*microblaze*#0" && bscan=="USER2" }
rst -system
after 3000
targets -set -nocase -filter {name =~ "*microblaze*#0" && bscan=="USER2" }
dow C:/385_Vivado_Projects/Final_Project/ECE-385-Final-Project/final_project_vitis/fp_usb/Debug/fp_usb.elf
----------------End of Script----------------

10:16:39 INFO  : Context for processor 'microblaze_0' is selected.
10:16:39 INFO  : 'con' command is executed.
10:16:39 INFO  : ----------------XSDB Script (After Launch)----------------
targets -set -nocase -filter {name =~ "*microblaze*#0" && bscan=="USER2" }
con
----------------End of Script----------------

10:16:39 INFO  : Disconnected from the channel tcfchan#9.
10:55:16 INFO  : Hardware specification for platform project 'mb_usb_hdmi_top' is updated.
10:55:27 INFO  : Result from executing command 'getProjects': mb_usb_hdmi_top
10:55:27 INFO  : Result from executing command 'getPlatforms': mb_usb_hdmi_top|C:/385_Vivado_Projects/Final_Project/ECE-385-Final-Project/final_project_vitis/mb_usb_hdmi_top/export/mb_usb_hdmi_top/mb_usb_hdmi_top.xpfm
10:55:45 INFO  : Checking for BSP changes to sync application flags for project 'fp_usb'...
10:55:46 INFO  : The hardware specification used by project 'fp_usb' is out of sync with the platform. Resource files extracted from the hardware specification will be updated.
10:55:46 INFO  : The file 'C:\385_Vivado_Projects\Final_Project\ECE-385-Final-Project\final_project_vitis\fp_usb\_ide\bitstream\mb_usb_hdmi_top.bit' stored in project is removed.
10:55:46 INFO  : The file 'C:\385_Vivado_Projects\Final_Project\ECE-385-Final-Project\final_project_vitis\fp_usb\_ide\bitstream\mb_usb_hdmi_top.mmi' stored in project is removed.
10:55:46 INFO  : The updated bitstream files are copied from platform to folder 'C:\385_Vivado_Projects\Final_Project\ECE-385-Final-Project\final_project_vitis\fp_usb\_ide\bitstream' in project 'fp_usb'.
10:56:08 INFO  : Connected to target on host '127.0.0.1' and port '3121'.
10:56:09 INFO  : Jtag cable 'RealDigital Boo 8874292301F6A' is selected.
10:56:09 INFO  : 'jtag frequency' command is executed.
10:56:09 INFO  : 'targets -set -filter {jtag_cable_name =~ "RealDigital Boo 8874292301F6A" && level==0 && jtag_device_ctx=="jsn1-0362f093-0"}' command is executed.
10:56:10 INFO  : Device configured successfully with "C:/385_Vivado_Projects/Final_Project/ECE-385-Final-Project/final_project_vitis/fp_usb/_ide/bitstream/mb_usb_hdmi_top.bit"
10:56:10 INFO  : Context for processor 'microblaze_0' is selected.
10:56:10 INFO  : Hardware design and registers information is loaded from 'C:/385_Vivado_Projects/Final_Project/ECE-385-Final-Project/final_project_vitis/mb_usb_hdmi_top/export/mb_usb_hdmi_top/hw/mb_usb_hdmi_top.xsa'.
10:56:10 INFO  : 'configparams mdm-detect-bscan-mask 2' command is executed.
10:56:10 INFO  : Context for processor 'microblaze_0' is selected.
10:56:10 INFO  : System reset is completed.
10:56:13 INFO  : 'after 3000' command is executed.
10:56:13 INFO  : Context for processor 'microblaze_0' is selected.
10:56:13 INFO  : The application 'C:/385_Vivado_Projects/Final_Project/ECE-385-Final-Project/final_project_vitis/fp_usb/Debug/fp_usb.elf' is downloaded to processor 'microblaze_0'.
10:56:13 INFO  : ----------------XSDB Script----------------
connect -url tcp:127.0.0.1:3121
targets -set -filter {jtag_cable_name =~ "RealDigital Boo 8874292301F6A" && level==0 && jtag_device_ctx=="jsn1-0362f093-0"}
fpga -file C:/385_Vivado_Projects/Final_Project/ECE-385-Final-Project/final_project_vitis/fp_usb/_ide/bitstream/mb_usb_hdmi_top.bit
targets -set -nocase -filter {name =~ "*microblaze*#0" && bscan=="USER2" }
loadhw -hw C:/385_Vivado_Projects/Final_Project/ECE-385-Final-Project/final_project_vitis/mb_usb_hdmi_top/export/mb_usb_hdmi_top/hw/mb_usb_hdmi_top.xsa -regs
configparams mdm-detect-bscan-mask 2
targets -set -nocase -filter {name =~ "*microblaze*#0" && bscan=="USER2" }
rst -system
after 3000
targets -set -nocase -filter {name =~ "*microblaze*#0" && bscan=="USER2" }
dow C:/385_Vivado_Projects/Final_Project/ECE-385-Final-Project/final_project_vitis/fp_usb/Debug/fp_usb.elf
----------------End of Script----------------

10:56:13 INFO  : Context for processor 'microblaze_0' is selected.
10:56:13 INFO  : 'con' command is executed.
10:56:13 INFO  : ----------------XSDB Script (After Launch)----------------
targets -set -nocase -filter {name =~ "*microblaze*#0" && bscan=="USER2" }
con
----------------End of Script----------------

10:56:13 INFO  : Disconnected from the channel tcfchan#11.
12:01:51 INFO  : Hardware specification for platform project 'mb_usb_hdmi_top' is updated.
12:02:08 INFO  : Result from executing command 'getProjects': mb_usb_hdmi_top
12:02:08 INFO  : Result from executing command 'getPlatforms': mb_usb_hdmi_top|C:/385_Vivado_Projects/Final_Project/ECE-385-Final-Project/final_project_vitis/mb_usb_hdmi_top/export/mb_usb_hdmi_top/mb_usb_hdmi_top.xpfm
12:02:08 INFO  : Checking for BSP changes to sync application flags for project 'fp_usb'...
12:02:10 INFO  : The hardware specification used by project 'fp_usb' is out of sync with the platform. Resource files extracted from the hardware specification will be updated.
12:02:10 INFO  : The file 'C:\385_Vivado_Projects\Final_Project\ECE-385-Final-Project\final_project_vitis\fp_usb\_ide\bitstream\mb_usb_hdmi_top.bit' stored in project is removed.
12:02:10 INFO  : The file 'C:\385_Vivado_Projects\Final_Project\ECE-385-Final-Project\final_project_vitis\fp_usb\_ide\bitstream\mb_usb_hdmi_top.mmi' stored in project is removed.
12:02:10 INFO  : The updated bitstream files are copied from platform to folder 'C:\385_Vivado_Projects\Final_Project\ECE-385-Final-Project\final_project_vitis\fp_usb\_ide\bitstream' in project 'fp_usb'.
12:02:14 INFO  : Connected to target on host '127.0.0.1' and port '3121'.
12:02:30 INFO  : Jtag cable 'RealDigital Boo 8874292301F6A' is selected.
12:02:30 INFO  : 'jtag frequency' command is executed.
12:02:31 INFO  : 'targets -set -filter {jtag_cable_name =~ "RealDigital Boo 8874292301F6A" && level==0 && jtag_device_ctx=="jsn1-0362f093-0"}' command is executed.
12:02:32 INFO  : Device configured successfully with "C:/385_Vivado_Projects/Final_Project/ECE-385-Final-Project/final_project_vitis/fp_usb/_ide/bitstream/mb_usb_hdmi_top.bit"
12:02:32 INFO  : Context for processor 'microblaze_0' is selected.
12:02:32 INFO  : Hardware design and registers information is loaded from 'C:/385_Vivado_Projects/Final_Project/ECE-385-Final-Project/final_project_vitis/mb_usb_hdmi_top/export/mb_usb_hdmi_top/hw/mb_usb_hdmi_top.xsa'.
12:02:32 INFO  : 'configparams mdm-detect-bscan-mask 2' command is executed.
12:02:32 INFO  : Context for processor 'microblaze_0' is selected.
12:02:32 INFO  : System reset is completed.
12:02:35 INFO  : 'after 3000' command is executed.
12:02:35 INFO  : Context for processor 'microblaze_0' is selected.
12:02:35 INFO  : The application 'C:/385_Vivado_Projects/Final_Project/ECE-385-Final-Project/final_project_vitis/fp_usb/Debug/fp_usb.elf' is downloaded to processor 'microblaze_0'.
12:02:35 INFO  : ----------------XSDB Script----------------
connect -url tcp:127.0.0.1:3121
targets -set -filter {jtag_cable_name =~ "RealDigital Boo 8874292301F6A" && level==0 && jtag_device_ctx=="jsn1-0362f093-0"}
fpga -file C:/385_Vivado_Projects/Final_Project/ECE-385-Final-Project/final_project_vitis/fp_usb/_ide/bitstream/mb_usb_hdmi_top.bit
targets -set -nocase -filter {name =~ "*microblaze*#0" && bscan=="USER2" }
loadhw -hw C:/385_Vivado_Projects/Final_Project/ECE-385-Final-Project/final_project_vitis/mb_usb_hdmi_top/export/mb_usb_hdmi_top/hw/mb_usb_hdmi_top.xsa -regs
configparams mdm-detect-bscan-mask 2
targets -set -nocase -filter {name =~ "*microblaze*#0" && bscan=="USER2" }
rst -system
after 3000
targets -set -nocase -filter {name =~ "*microblaze*#0" && bscan=="USER2" }
dow C:/385_Vivado_Projects/Final_Project/ECE-385-Final-Project/final_project_vitis/fp_usb/Debug/fp_usb.elf
----------------End of Script----------------

12:02:35 INFO  : Context for processor 'microblaze_0' is selected.
12:02:35 INFO  : 'con' command is executed.
12:02:35 INFO  : ----------------XSDB Script (After Launch)----------------
targets -set -nocase -filter {name =~ "*microblaze*#0" && bscan=="USER2" }
con
----------------End of Script----------------

12:02:35 INFO  : Disconnected from the channel tcfchan#13.
17:41:42 INFO  : Hardware specification for platform project 'mb_usb_hdmi_top' is updated.
17:41:57 INFO  : Result from executing command 'getProjects': mb_usb_hdmi_top
17:41:57 INFO  : Result from executing command 'getPlatforms': mb_usb_hdmi_top|C:/385_Vivado_Projects/Final_Project/ECE-385-Final-Project/final_project_vitis/mb_usb_hdmi_top/export/mb_usb_hdmi_top/mb_usb_hdmi_top.xpfm
17:41:57 INFO  : Checking for BSP changes to sync application flags for project 'fp_usb'...
17:41:59 INFO  : The hardware specification used by project 'fp_usb' is out of sync with the platform. Resource files extracted from the hardware specification will be updated.
17:41:59 INFO  : The file 'C:\385_Vivado_Projects\Final_Project\ECE-385-Final-Project\final_project_vitis\fp_usb\_ide\bitstream\mb_usb_hdmi_top.bit' stored in project is removed.
17:41:59 INFO  : The file 'C:\385_Vivado_Projects\Final_Project\ECE-385-Final-Project\final_project_vitis\fp_usb\_ide\bitstream\mb_usb_hdmi_top.mmi' stored in project is removed.
17:41:59 INFO  : The updated bitstream files are copied from platform to folder 'C:\385_Vivado_Projects\Final_Project\ECE-385-Final-Project\final_project_vitis\fp_usb\_ide\bitstream' in project 'fp_usb'.
17:42:04 INFO  : Connected to target on host '127.0.0.1' and port '3121'.
17:42:04 INFO  : Jtag cable 'RealDigital Boo 8874292301F6A' is selected.
17:42:04 INFO  : 'jtag frequency' command is executed.
17:42:04 INFO  : 'targets -set -filter {jtag_cable_name =~ "RealDigital Boo 8874292301F6A" && level==0 && jtag_device_ctx=="jsn1-0362f093-0"}' command is executed.
17:42:06 INFO  : Device configured successfully with "C:/385_Vivado_Projects/Final_Project/ECE-385-Final-Project/final_project_vitis/fp_usb/_ide/bitstream/mb_usb_hdmi_top.bit"
17:42:06 INFO  : Context for processor 'microblaze_0' is selected.
17:42:06 INFO  : Hardware design and registers information is loaded from 'C:/385_Vivado_Projects/Final_Project/ECE-385-Final-Project/final_project_vitis/mb_usb_hdmi_top/export/mb_usb_hdmi_top/hw/mb_usb_hdmi_top.xsa'.
17:42:06 INFO  : 'configparams mdm-detect-bscan-mask 2' command is executed.
17:42:06 INFO  : Context for processor 'microblaze_0' is selected.
17:42:06 INFO  : System reset is completed.
17:42:09 INFO  : 'after 3000' command is executed.
17:42:09 INFO  : Context for processor 'microblaze_0' is selected.
17:42:09 INFO  : The application 'C:/385_Vivado_Projects/Final_Project/ECE-385-Final-Project/final_project_vitis/fp_usb/Debug/fp_usb.elf' is downloaded to processor 'microblaze_0'.
17:42:09 INFO  : ----------------XSDB Script----------------
connect -url tcp:127.0.0.1:3121
targets -set -filter {jtag_cable_name =~ "RealDigital Boo 8874292301F6A" && level==0 && jtag_device_ctx=="jsn1-0362f093-0"}
fpga -file C:/385_Vivado_Projects/Final_Project/ECE-385-Final-Project/final_project_vitis/fp_usb/_ide/bitstream/mb_usb_hdmi_top.bit
targets -set -nocase -filter {name =~ "*microblaze*#0" && bscan=="USER2" }
loadhw -hw C:/385_Vivado_Projects/Final_Project/ECE-385-Final-Project/final_project_vitis/mb_usb_hdmi_top/export/mb_usb_hdmi_top/hw/mb_usb_hdmi_top.xsa -regs
configparams mdm-detect-bscan-mask 2
targets -set -nocase -filter {name =~ "*microblaze*#0" && bscan=="USER2" }
rst -system
after 3000
targets -set -nocase -filter {name =~ "*microblaze*#0" && bscan=="USER2" }
dow C:/385_Vivado_Projects/Final_Project/ECE-385-Final-Project/final_project_vitis/fp_usb/Debug/fp_usb.elf
----------------End of Script----------------

17:42:09 INFO  : Context for processor 'microblaze_0' is selected.
17:42:09 INFO  : 'con' command is executed.
17:42:09 INFO  : ----------------XSDB Script (After Launch)----------------
targets -set -nocase -filter {name =~ "*microblaze*#0" && bscan=="USER2" }
con
----------------End of Script----------------

17:42:09 INFO  : Disconnected from the channel tcfchan#15.
17:53:59 INFO  : Hardware specification for platform project 'mb_usb_hdmi_top' is updated.
17:54:12 INFO  : Result from executing command 'getProjects': mb_usb_hdmi_top
17:54:12 INFO  : Result from executing command 'getPlatforms': mb_usb_hdmi_top|C:/385_Vivado_Projects/Final_Project/ECE-385-Final-Project/final_project_vitis/mb_usb_hdmi_top/export/mb_usb_hdmi_top/mb_usb_hdmi_top.xpfm
17:54:12 INFO  : Checking for BSP changes to sync application flags for project 'fp_usb'...
17:54:14 INFO  : The hardware specification used by project 'fp_usb' is out of sync with the platform. Resource files extracted from the hardware specification will be updated.
17:54:14 INFO  : The file 'C:\385_Vivado_Projects\Final_Project\ECE-385-Final-Project\final_project_vitis\fp_usb\_ide\bitstream\mb_usb_hdmi_top.bit' stored in project is removed.
17:54:14 INFO  : The file 'C:\385_Vivado_Projects\Final_Project\ECE-385-Final-Project\final_project_vitis\fp_usb\_ide\bitstream\mb_usb_hdmi_top.mmi' stored in project is removed.
17:54:15 INFO  : The updated bitstream files are copied from platform to folder 'C:\385_Vivado_Projects\Final_Project\ECE-385-Final-Project\final_project_vitis\fp_usb\_ide\bitstream' in project 'fp_usb'.
17:54:28 INFO  : Connected to target on host '127.0.0.1' and port '3121'.
17:54:28 INFO  : Jtag cable 'RealDigital Boo 8874292301F6A' is selected.
17:54:28 INFO  : 'jtag frequency' command is executed.
17:54:28 INFO  : 'targets -set -filter {jtag_cable_name =~ "RealDigital Boo 8874292301F6A" && level==0 && jtag_device_ctx=="jsn1-0362f093-0"}' command is executed.
17:54:29 INFO  : Device configured successfully with "C:/385_Vivado_Projects/Final_Project/ECE-385-Final-Project/final_project_vitis/fp_usb/_ide/bitstream/mb_usb_hdmi_top.bit"
17:54:29 INFO  : Context for processor 'microblaze_0' is selected.
17:54:29 INFO  : Hardware design and registers information is loaded from 'C:/385_Vivado_Projects/Final_Project/ECE-385-Final-Project/final_project_vitis/mb_usb_hdmi_top/export/mb_usb_hdmi_top/hw/mb_usb_hdmi_top.xsa'.
17:54:29 INFO  : 'configparams mdm-detect-bscan-mask 2' command is executed.
17:54:29 INFO  : Context for processor 'microblaze_0' is selected.
17:54:29 INFO  : System reset is completed.
17:54:32 INFO  : 'after 3000' command is executed.
17:54:32 INFO  : Context for processor 'microblaze_0' is selected.
17:54:33 INFO  : The application 'C:/385_Vivado_Projects/Final_Project/ECE-385-Final-Project/final_project_vitis/fp_usb/Debug/fp_usb.elf' is downloaded to processor 'microblaze_0'.
17:54:33 INFO  : ----------------XSDB Script----------------
connect -url tcp:127.0.0.1:3121
targets -set -filter {jtag_cable_name =~ "RealDigital Boo 8874292301F6A" && level==0 && jtag_device_ctx=="jsn1-0362f093-0"}
fpga -file C:/385_Vivado_Projects/Final_Project/ECE-385-Final-Project/final_project_vitis/fp_usb/_ide/bitstream/mb_usb_hdmi_top.bit
targets -set -nocase -filter {name =~ "*microblaze*#0" && bscan=="USER2" }
loadhw -hw C:/385_Vivado_Projects/Final_Project/ECE-385-Final-Project/final_project_vitis/mb_usb_hdmi_top/export/mb_usb_hdmi_top/hw/mb_usb_hdmi_top.xsa -regs
configparams mdm-detect-bscan-mask 2
targets -set -nocase -filter {name =~ "*microblaze*#0" && bscan=="USER2" }
rst -system
after 3000
targets -set -nocase -filter {name =~ "*microblaze*#0" && bscan=="USER2" }
dow C:/385_Vivado_Projects/Final_Project/ECE-385-Final-Project/final_project_vitis/fp_usb/Debug/fp_usb.elf
----------------End of Script----------------

17:54:33 INFO  : Context for processor 'microblaze_0' is selected.
17:54:33 INFO  : 'con' command is executed.
17:54:33 INFO  : ----------------XSDB Script (After Launch)----------------
targets -set -nocase -filter {name =~ "*microblaze*#0" && bscan=="USER2" }
con
----------------End of Script----------------

17:54:33 INFO  : Disconnected from the channel tcfchan#17.
18:10:01 INFO  : Hardware specification for platform project 'mb_usb_hdmi_top' is updated.
18:10:11 INFO  : Result from executing command 'getProjects': mb_usb_hdmi_top
18:10:11 INFO  : Result from executing command 'getPlatforms': mb_usb_hdmi_top|C:/385_Vivado_Projects/Final_Project/ECE-385-Final-Project/final_project_vitis/mb_usb_hdmi_top/export/mb_usb_hdmi_top/mb_usb_hdmi_top.xpfm
18:10:11 INFO  : Checking for BSP changes to sync application flags for project 'fp_usb'...
18:10:13 INFO  : The hardware specification used by project 'fp_usb' is out of sync with the platform. Resource files extracted from the hardware specification will be updated.
18:10:13 INFO  : The file 'C:\385_Vivado_Projects\Final_Project\ECE-385-Final-Project\final_project_vitis\fp_usb\_ide\bitstream\mb_usb_hdmi_top.bit' stored in project is removed.
18:10:13 INFO  : The file 'C:\385_Vivado_Projects\Final_Project\ECE-385-Final-Project\final_project_vitis\fp_usb\_ide\bitstream\mb_usb_hdmi_top.mmi' stored in project is removed.
18:10:13 INFO  : The updated bitstream files are copied from platform to folder 'C:\385_Vivado_Projects\Final_Project\ECE-385-Final-Project\final_project_vitis\fp_usb\_ide\bitstream' in project 'fp_usb'.
18:10:28 INFO  : Connected to target on host '127.0.0.1' and port '3121'.
18:10:28 INFO  : Jtag cable 'RealDigital Boo 8874292301F6A' is selected.
18:10:28 INFO  : 'jtag frequency' command is executed.
18:10:28 INFO  : 'targets -set -filter {jtag_cable_name =~ "RealDigital Boo 8874292301F6A" && level==0 && jtag_device_ctx=="jsn1-0362f093-0"}' command is executed.
18:10:30 INFO  : Device configured successfully with "C:/385_Vivado_Projects/Final_Project/ECE-385-Final-Project/final_project_vitis/fp_usb/_ide/bitstream/mb_usb_hdmi_top.bit"
18:10:30 INFO  : Context for processor 'microblaze_0' is selected.
18:10:30 INFO  : Hardware design and registers information is loaded from 'C:/385_Vivado_Projects/Final_Project/ECE-385-Final-Project/final_project_vitis/mb_usb_hdmi_top/export/mb_usb_hdmi_top/hw/mb_usb_hdmi_top.xsa'.
18:10:30 INFO  : 'configparams mdm-detect-bscan-mask 2' command is executed.
18:10:30 INFO  : Context for processor 'microblaze_0' is selected.
18:10:30 INFO  : System reset is completed.
18:10:33 INFO  : 'after 3000' command is executed.
18:10:33 INFO  : Context for processor 'microblaze_0' is selected.
18:10:33 INFO  : The application 'C:/385_Vivado_Projects/Final_Project/ECE-385-Final-Project/final_project_vitis/fp_usb/Debug/fp_usb.elf' is downloaded to processor 'microblaze_0'.
18:10:33 INFO  : ----------------XSDB Script----------------
connect -url tcp:127.0.0.1:3121
targets -set -filter {jtag_cable_name =~ "RealDigital Boo 8874292301F6A" && level==0 && jtag_device_ctx=="jsn1-0362f093-0"}
fpga -file C:/385_Vivado_Projects/Final_Project/ECE-385-Final-Project/final_project_vitis/fp_usb/_ide/bitstream/mb_usb_hdmi_top.bit
targets -set -nocase -filter {name =~ "*microblaze*#0" && bscan=="USER2" }
loadhw -hw C:/385_Vivado_Projects/Final_Project/ECE-385-Final-Project/final_project_vitis/mb_usb_hdmi_top/export/mb_usb_hdmi_top/hw/mb_usb_hdmi_top.xsa -regs
configparams mdm-detect-bscan-mask 2
targets -set -nocase -filter {name =~ "*microblaze*#0" && bscan=="USER2" }
rst -system
after 3000
targets -set -nocase -filter {name =~ "*microblaze*#0" && bscan=="USER2" }
dow C:/385_Vivado_Projects/Final_Project/ECE-385-Final-Project/final_project_vitis/fp_usb/Debug/fp_usb.elf
----------------End of Script----------------

18:10:33 INFO  : Context for processor 'microblaze_0' is selected.
18:10:33 INFO  : 'con' command is executed.
18:10:33 INFO  : ----------------XSDB Script (After Launch)----------------
targets -set -nocase -filter {name =~ "*microblaze*#0" && bscan=="USER2" }
con
----------------End of Script----------------

18:10:33 INFO  : Disconnected from the channel tcfchan#19.
18:22:23 INFO  : Hardware specification for platform project 'mb_usb_hdmi_top' is updated.
18:22:33 INFO  : Result from executing command 'getProjects': mb_usb_hdmi_top
18:22:33 INFO  : Result from executing command 'getPlatforms': mb_usb_hdmi_top|C:/385_Vivado_Projects/Final_Project/ECE-385-Final-Project/final_project_vitis/mb_usb_hdmi_top/export/mb_usb_hdmi_top/mb_usb_hdmi_top.xpfm
18:22:34 INFO  : Checking for BSP changes to sync application flags for project 'fp_usb'...
18:22:36 INFO  : The hardware specification used by project 'fp_usb' is out of sync with the platform. Resource files extracted from the hardware specification will be updated.
18:22:36 INFO  : The file 'C:\385_Vivado_Projects\Final_Project\ECE-385-Final-Project\final_project_vitis\fp_usb\_ide\bitstream\mb_usb_hdmi_top.bit' stored in project is removed.
18:22:36 INFO  : The file 'C:\385_Vivado_Projects\Final_Project\ECE-385-Final-Project\final_project_vitis\fp_usb\_ide\bitstream\mb_usb_hdmi_top.mmi' stored in project is removed.
18:22:36 INFO  : The updated bitstream files are copied from platform to folder 'C:\385_Vivado_Projects\Final_Project\ECE-385-Final-Project\final_project_vitis\fp_usb\_ide\bitstream' in project 'fp_usb'.
18:22:46 INFO  : Connected to target on host '127.0.0.1' and port '3121'.
18:22:54 INFO  : Jtag cable 'RealDigital Boo 8874292301F6A' is selected.
18:22:54 INFO  : 'jtag frequency' command is executed.
18:22:54 INFO  : 'targets -set -filter {jtag_cable_name =~ "RealDigital Boo 8874292301F6A" && level==0 && jtag_device_ctx=="jsn1-0362f093-0"}' command is executed.
18:22:55 INFO  : Device configured successfully with "C:/385_Vivado_Projects/Final_Project/ECE-385-Final-Project/final_project_vitis/fp_usb/_ide/bitstream/mb_usb_hdmi_top.bit"
18:22:55 INFO  : Context for processor 'microblaze_0' is selected.
18:22:56 INFO  : Hardware design and registers information is loaded from 'C:/385_Vivado_Projects/Final_Project/ECE-385-Final-Project/final_project_vitis/mb_usb_hdmi_top/export/mb_usb_hdmi_top/hw/mb_usb_hdmi_top.xsa'.
18:22:56 INFO  : 'configparams mdm-detect-bscan-mask 2' command is executed.
18:22:56 INFO  : Context for processor 'microblaze_0' is selected.
18:22:56 INFO  : System reset is completed.
18:22:59 INFO  : 'after 3000' command is executed.
18:22:59 INFO  : Context for processor 'microblaze_0' is selected.
18:22:59 INFO  : The application 'C:/385_Vivado_Projects/Final_Project/ECE-385-Final-Project/final_project_vitis/fp_usb/Debug/fp_usb.elf' is downloaded to processor 'microblaze_0'.
18:22:59 INFO  : ----------------XSDB Script----------------
connect -url tcp:127.0.0.1:3121
targets -set -filter {jtag_cable_name =~ "RealDigital Boo 8874292301F6A" && level==0 && jtag_device_ctx=="jsn1-0362f093-0"}
fpga -file C:/385_Vivado_Projects/Final_Project/ECE-385-Final-Project/final_project_vitis/fp_usb/_ide/bitstream/mb_usb_hdmi_top.bit
targets -set -nocase -filter {name =~ "*microblaze*#0" && bscan=="USER2" }
loadhw -hw C:/385_Vivado_Projects/Final_Project/ECE-385-Final-Project/final_project_vitis/mb_usb_hdmi_top/export/mb_usb_hdmi_top/hw/mb_usb_hdmi_top.xsa -regs
configparams mdm-detect-bscan-mask 2
targets -set -nocase -filter {name =~ "*microblaze*#0" && bscan=="USER2" }
rst -system
after 3000
targets -set -nocase -filter {name =~ "*microblaze*#0" && bscan=="USER2" }
dow C:/385_Vivado_Projects/Final_Project/ECE-385-Final-Project/final_project_vitis/fp_usb/Debug/fp_usb.elf
----------------End of Script----------------

18:22:59 INFO  : Context for processor 'microblaze_0' is selected.
18:22:59 INFO  : 'con' command is executed.
18:22:59 INFO  : ----------------XSDB Script (After Launch)----------------
targets -set -nocase -filter {name =~ "*microblaze*#0" && bscan=="USER2" }
con
----------------End of Script----------------

18:22:59 INFO  : Disconnected from the channel tcfchan#21.
18:26:19 INFO  : Connected to target on host '127.0.0.1' and port '3121'.
18:26:19 INFO  : Jtag cable 'RealDigital Boo 8874292301F6A' is selected.
18:26:19 INFO  : 'jtag frequency' command is executed.
18:26:19 INFO  : 'targets -set -filter {jtag_cable_name =~ "RealDigital Boo 8874292301F6A" && level==0 && jtag_device_ctx=="jsn1-0362f093-0"}' command is executed.
18:26:20 INFO  : Device configured successfully with "C:/385_Vivado_Projects/Final_Project/ECE-385-Final-Project/final_project_vitis/fp_usb/_ide/bitstream/mb_usb_hdmi_top.bit"
18:26:21 INFO  : Context for processor 'microblaze_0' is selected.
18:26:21 INFO  : Hardware design and registers information is loaded from 'C:/385_Vivado_Projects/Final_Project/ECE-385-Final-Project/final_project_vitis/mb_usb_hdmi_top/export/mb_usb_hdmi_top/hw/mb_usb_hdmi_top.xsa'.
18:26:21 INFO  : 'configparams mdm-detect-bscan-mask 2' command is executed.
18:26:21 INFO  : Context for processor 'microblaze_0' is selected.
18:26:21 INFO  : System reset is completed.
18:26:24 INFO  : 'after 3000' command is executed.
18:26:24 INFO  : Context for processor 'microblaze_0' is selected.
18:26:24 INFO  : The application 'C:/385_Vivado_Projects/Final_Project/ECE-385-Final-Project/final_project_vitis/fp_usb/Debug/fp_usb.elf' is downloaded to processor 'microblaze_0'.
18:26:24 INFO  : ----------------XSDB Script----------------
connect -url tcp:127.0.0.1:3121
targets -set -filter {jtag_cable_name =~ "RealDigital Boo 8874292301F6A" && level==0 && jtag_device_ctx=="jsn1-0362f093-0"}
fpga -file C:/385_Vivado_Projects/Final_Project/ECE-385-Final-Project/final_project_vitis/fp_usb/_ide/bitstream/mb_usb_hdmi_top.bit
targets -set -nocase -filter {name =~ "*microblaze*#0" && bscan=="USER2" }
loadhw -hw C:/385_Vivado_Projects/Final_Project/ECE-385-Final-Project/final_project_vitis/mb_usb_hdmi_top/export/mb_usb_hdmi_top/hw/mb_usb_hdmi_top.xsa -regs
configparams mdm-detect-bscan-mask 2
targets -set -nocase -filter {name =~ "*microblaze*#0" && bscan=="USER2" }
rst -system
after 3000
targets -set -nocase -filter {name =~ "*microblaze*#0" && bscan=="USER2" }
dow C:/385_Vivado_Projects/Final_Project/ECE-385-Final-Project/final_project_vitis/fp_usb/Debug/fp_usb.elf
----------------End of Script----------------

18:26:24 INFO  : Context for processor 'microblaze_0' is selected.
18:26:24 INFO  : 'con' command is executed.
18:26:24 INFO  : ----------------XSDB Script (After Launch)----------------
targets -set -nocase -filter {name =~ "*microblaze*#0" && bscan=="USER2" }
con
----------------End of Script----------------

18:26:24 INFO  : Disconnected from the channel tcfchan#22.
18:55:54 INFO  : Hardware specification for platform project 'mb_usb_hdmi_top' is updated.
18:56:08 INFO  : Result from executing command 'getProjects': mb_usb_hdmi_top
18:56:08 INFO  : Result from executing command 'getPlatforms': mb_usb_hdmi_top|C:/385_Vivado_Projects/Final_Project/ECE-385-Final-Project/final_project_vitis/mb_usb_hdmi_top/export/mb_usb_hdmi_top/mb_usb_hdmi_top.xpfm
18:56:08 INFO  : Checking for BSP changes to sync application flags for project 'fp_usb'...
18:56:10 INFO  : The hardware specification used by project 'fp_usb' is out of sync with the platform. Resource files extracted from the hardware specification will be updated.
18:56:10 INFO  : The file 'C:\385_Vivado_Projects\Final_Project\ECE-385-Final-Project\final_project_vitis\fp_usb\_ide\bitstream\mb_usb_hdmi_top.bit' stored in project is removed.
18:56:10 INFO  : The file 'C:\385_Vivado_Projects\Final_Project\ECE-385-Final-Project\final_project_vitis\fp_usb\_ide\bitstream\mb_usb_hdmi_top.mmi' stored in project is removed.
18:56:10 INFO  : The updated bitstream files are copied from platform to folder 'C:\385_Vivado_Projects\Final_Project\ECE-385-Final-Project\final_project_vitis\fp_usb\_ide\bitstream' in project 'fp_usb'.
18:56:15 INFO  : Connected to target on host '127.0.0.1' and port '3121'.
18:56:15 INFO  : Jtag cable 'RealDigital Boo 8874292301F6A' is selected.
18:56:15 INFO  : 'jtag frequency' command is executed.
18:56:15 INFO  : 'targets -set -filter {jtag_cable_name =~ "RealDigital Boo 8874292301F6A" && level==0 && jtag_device_ctx=="jsn1-0362f093-0"}' command is executed.
18:56:17 INFO  : Device configured successfully with "C:/385_Vivado_Projects/Final_Project/ECE-385-Final-Project/final_project_vitis/fp_usb/_ide/bitstream/mb_usb_hdmi_top.bit"
18:56:17 INFO  : Context for processor 'microblaze_0' is selected.
18:56:17 INFO  : Hardware design and registers information is loaded from 'C:/385_Vivado_Projects/Final_Project/ECE-385-Final-Project/final_project_vitis/mb_usb_hdmi_top/export/mb_usb_hdmi_top/hw/mb_usb_hdmi_top.xsa'.
18:56:17 INFO  : 'configparams mdm-detect-bscan-mask 2' command is executed.
18:56:17 INFO  : Context for processor 'microblaze_0' is selected.
18:56:17 INFO  : System reset is completed.
18:56:20 INFO  : 'after 3000' command is executed.
18:56:20 INFO  : Context for processor 'microblaze_0' is selected.
18:56:20 INFO  : The application 'C:/385_Vivado_Projects/Final_Project/ECE-385-Final-Project/final_project_vitis/fp_usb/Debug/fp_usb.elf' is downloaded to processor 'microblaze_0'.
18:56:20 INFO  : ----------------XSDB Script----------------
connect -url tcp:127.0.0.1:3121
targets -set -filter {jtag_cable_name =~ "RealDigital Boo 8874292301F6A" && level==0 && jtag_device_ctx=="jsn1-0362f093-0"}
fpga -file C:/385_Vivado_Projects/Final_Project/ECE-385-Final-Project/final_project_vitis/fp_usb/_ide/bitstream/mb_usb_hdmi_top.bit
targets -set -nocase -filter {name =~ "*microblaze*#0" && bscan=="USER2" }
loadhw -hw C:/385_Vivado_Projects/Final_Project/ECE-385-Final-Project/final_project_vitis/mb_usb_hdmi_top/export/mb_usb_hdmi_top/hw/mb_usb_hdmi_top.xsa -regs
configparams mdm-detect-bscan-mask 2
targets -set -nocase -filter {name =~ "*microblaze*#0" && bscan=="USER2" }
rst -system
after 3000
targets -set -nocase -filter {name =~ "*microblaze*#0" && bscan=="USER2" }
dow C:/385_Vivado_Projects/Final_Project/ECE-385-Final-Project/final_project_vitis/fp_usb/Debug/fp_usb.elf
----------------End of Script----------------

18:56:20 INFO  : Context for processor 'microblaze_0' is selected.
18:56:20 INFO  : 'con' command is executed.
18:56:20 INFO  : ----------------XSDB Script (After Launch)----------------
targets -set -nocase -filter {name =~ "*microblaze*#0" && bscan=="USER2" }
con
----------------End of Script----------------

18:56:20 INFO  : Disconnected from the channel tcfchan#24.
19:12:21 INFO  : Hardware specification for platform project 'mb_usb_hdmi_top' is updated.
19:12:34 INFO  : Result from executing command 'getProjects': mb_usb_hdmi_top
19:12:34 INFO  : Result from executing command 'getPlatforms': mb_usb_hdmi_top|C:/385_Vivado_Projects/Final_Project/ECE-385-Final-Project/final_project_vitis/mb_usb_hdmi_top/export/mb_usb_hdmi_top/mb_usb_hdmi_top.xpfm
19:12:34 INFO  : Checking for BSP changes to sync application flags for project 'fp_usb'...
19:12:36 INFO  : The hardware specification used by project 'fp_usb' is out of sync with the platform. Resource files extracted from the hardware specification will be updated.
19:12:36 INFO  : The file 'C:\385_Vivado_Projects\Final_Project\ECE-385-Final-Project\final_project_vitis\fp_usb\_ide\bitstream\mb_usb_hdmi_top.bit' stored in project is removed.
19:12:36 INFO  : The file 'C:\385_Vivado_Projects\Final_Project\ECE-385-Final-Project\final_project_vitis\fp_usb\_ide\bitstream\mb_usb_hdmi_top.mmi' stored in project is removed.
19:12:36 INFO  : The updated bitstream files are copied from platform to folder 'C:\385_Vivado_Projects\Final_Project\ECE-385-Final-Project\final_project_vitis\fp_usb\_ide\bitstream' in project 'fp_usb'.
19:12:50 INFO  : Connected to target on host '127.0.0.1' and port '3121'.
19:12:50 INFO  : Jtag cable 'RealDigital Boo 8874292301F6A' is selected.
19:12:51 INFO  : 'jtag frequency' command is executed.
19:12:51 INFO  : 'targets -set -filter {jtag_cable_name =~ "RealDigital Boo 8874292301F6A" && level==0 && jtag_device_ctx=="jsn1-0362f093-0"}' command is executed.
19:12:52 INFO  : Device configured successfully with "C:/385_Vivado_Projects/Final_Project/ECE-385-Final-Project/final_project_vitis/fp_usb/_ide/bitstream/mb_usb_hdmi_top.bit"
19:12:52 INFO  : Context for processor 'microblaze_0' is selected.
19:12:52 INFO  : Hardware design and registers information is loaded from 'C:/385_Vivado_Projects/Final_Project/ECE-385-Final-Project/final_project_vitis/mb_usb_hdmi_top/export/mb_usb_hdmi_top/hw/mb_usb_hdmi_top.xsa'.
19:12:52 INFO  : 'configparams mdm-detect-bscan-mask 2' command is executed.
19:12:52 INFO  : Context for processor 'microblaze_0' is selected.
19:12:52 INFO  : System reset is completed.
19:12:55 INFO  : 'after 3000' command is executed.
19:12:55 INFO  : Context for processor 'microblaze_0' is selected.
19:12:55 INFO  : The application 'C:/385_Vivado_Projects/Final_Project/ECE-385-Final-Project/final_project_vitis/fp_usb/Debug/fp_usb.elf' is downloaded to processor 'microblaze_0'.
19:12:55 INFO  : ----------------XSDB Script----------------
connect -url tcp:127.0.0.1:3121
targets -set -filter {jtag_cable_name =~ "RealDigital Boo 8874292301F6A" && level==0 && jtag_device_ctx=="jsn1-0362f093-0"}
fpga -file C:/385_Vivado_Projects/Final_Project/ECE-385-Final-Project/final_project_vitis/fp_usb/_ide/bitstream/mb_usb_hdmi_top.bit
targets -set -nocase -filter {name =~ "*microblaze*#0" && bscan=="USER2" }
loadhw -hw C:/385_Vivado_Projects/Final_Project/ECE-385-Final-Project/final_project_vitis/mb_usb_hdmi_top/export/mb_usb_hdmi_top/hw/mb_usb_hdmi_top.xsa -regs
configparams mdm-detect-bscan-mask 2
targets -set -nocase -filter {name =~ "*microblaze*#0" && bscan=="USER2" }
rst -system
after 3000
targets -set -nocase -filter {name =~ "*microblaze*#0" && bscan=="USER2" }
dow C:/385_Vivado_Projects/Final_Project/ECE-385-Final-Project/final_project_vitis/fp_usb/Debug/fp_usb.elf
----------------End of Script----------------

19:12:55 INFO  : Context for processor 'microblaze_0' is selected.
19:12:55 INFO  : 'con' command is executed.
19:12:55 INFO  : ----------------XSDB Script (After Launch)----------------
targets -set -nocase -filter {name =~ "*microblaze*#0" && bscan=="USER2" }
con
----------------End of Script----------------

19:12:55 INFO  : Disconnected from the channel tcfchan#26.
19:39:59 INFO  : Hardware specification for platform project 'mb_usb_hdmi_top' is updated.
19:40:12 INFO  : Result from executing command 'getProjects': mb_usb_hdmi_top
19:40:12 INFO  : Result from executing command 'getPlatforms': mb_usb_hdmi_top|C:/385_Vivado_Projects/Final_Project/ECE-385-Final-Project/final_project_vitis/mb_usb_hdmi_top/export/mb_usb_hdmi_top/mb_usb_hdmi_top.xpfm
19:40:13 INFO  : Checking for BSP changes to sync application flags for project 'fp_usb'...
19:40:15 INFO  : The hardware specification used by project 'fp_usb' is out of sync with the platform. Resource files extracted from the hardware specification will be updated.
19:40:15 INFO  : The file 'C:\385_Vivado_Projects\Final_Project\ECE-385-Final-Project\final_project_vitis\fp_usb\_ide\bitstream\mb_usb_hdmi_top.bit' stored in project is removed.
19:40:15 INFO  : The file 'C:\385_Vivado_Projects\Final_Project\ECE-385-Final-Project\final_project_vitis\fp_usb\_ide\bitstream\mb_usb_hdmi_top.mmi' stored in project is removed.
19:40:15 INFO  : The updated bitstream files are copied from platform to folder 'C:\385_Vivado_Projects\Final_Project\ECE-385-Final-Project\final_project_vitis\fp_usb\_ide\bitstream' in project 'fp_usb'.
19:40:26 INFO  : Connected to target on host '127.0.0.1' and port '3121'.
19:40:32 INFO  : Jtag cable 'RealDigital Boo 8874292301F6A' is selected.
19:40:32 INFO  : 'jtag frequency' command is executed.
19:40:32 INFO  : 'targets -set -filter {jtag_cable_name =~ "RealDigital Boo 8874292301F6A" && level==0 && jtag_device_ctx=="jsn1-0362f093-0"}' command is executed.
19:40:34 INFO  : Device configured successfully with "C:/385_Vivado_Projects/Final_Project/ECE-385-Final-Project/final_project_vitis/fp_usb/_ide/bitstream/mb_usb_hdmi_top.bit"
19:40:34 INFO  : Context for processor 'microblaze_0' is selected.
19:40:34 INFO  : Hardware design and registers information is loaded from 'C:/385_Vivado_Projects/Final_Project/ECE-385-Final-Project/final_project_vitis/mb_usb_hdmi_top/export/mb_usb_hdmi_top/hw/mb_usb_hdmi_top.xsa'.
19:40:34 INFO  : 'configparams mdm-detect-bscan-mask 2' command is executed.
19:40:34 INFO  : Context for processor 'microblaze_0' is selected.
19:40:34 INFO  : System reset is completed.
19:40:37 INFO  : 'after 3000' command is executed.
19:40:37 INFO  : Context for processor 'microblaze_0' is selected.
19:40:37 INFO  : The application 'C:/385_Vivado_Projects/Final_Project/ECE-385-Final-Project/final_project_vitis/fp_usb/Debug/fp_usb.elf' is downloaded to processor 'microblaze_0'.
19:40:37 INFO  : ----------------XSDB Script----------------
connect -url tcp:127.0.0.1:3121
targets -set -filter {jtag_cable_name =~ "RealDigital Boo 8874292301F6A" && level==0 && jtag_device_ctx=="jsn1-0362f093-0"}
fpga -file C:/385_Vivado_Projects/Final_Project/ECE-385-Final-Project/final_project_vitis/fp_usb/_ide/bitstream/mb_usb_hdmi_top.bit
targets -set -nocase -filter {name =~ "*microblaze*#0" && bscan=="USER2" }
loadhw -hw C:/385_Vivado_Projects/Final_Project/ECE-385-Final-Project/final_project_vitis/mb_usb_hdmi_top/export/mb_usb_hdmi_top/hw/mb_usb_hdmi_top.xsa -regs
configparams mdm-detect-bscan-mask 2
targets -set -nocase -filter {name =~ "*microblaze*#0" && bscan=="USER2" }
rst -system
after 3000
targets -set -nocase -filter {name =~ "*microblaze*#0" && bscan=="USER2" }
dow C:/385_Vivado_Projects/Final_Project/ECE-385-Final-Project/final_project_vitis/fp_usb/Debug/fp_usb.elf
----------------End of Script----------------

19:40:37 INFO  : Context for processor 'microblaze_0' is selected.
19:40:37 INFO  : 'con' command is executed.
19:40:37 INFO  : ----------------XSDB Script (After Launch)----------------
targets -set -nocase -filter {name =~ "*microblaze*#0" && bscan=="USER2" }
con
----------------End of Script----------------

19:40:37 INFO  : Disconnected from the channel tcfchan#28.
22:02:37 INFO  : Hardware specification for platform project 'mb_usb_hdmi_top' is updated.
22:02:51 INFO  : Result from executing command 'getProjects': mb_usb_hdmi_top
22:02:51 INFO  : Result from executing command 'getPlatforms': mb_usb_hdmi_top|C:/385_Vivado_Projects/Final_Project/ECE-385-Final-Project/final_project_vitis/mb_usb_hdmi_top/export/mb_usb_hdmi_top/mb_usb_hdmi_top.xpfm
22:02:51 INFO  : Checking for BSP changes to sync application flags for project 'fp_usb'...
22:02:54 INFO  : The hardware specification used by project 'fp_usb' is out of sync with the platform. Resource files extracted from the hardware specification will be updated.
22:02:54 INFO  : The file 'C:\385_Vivado_Projects\Final_Project\ECE-385-Final-Project\final_project_vitis\fp_usb\_ide\bitstream\mb_usb_hdmi_top.bit' stored in project is removed.
22:02:54 INFO  : The file 'C:\385_Vivado_Projects\Final_Project\ECE-385-Final-Project\final_project_vitis\fp_usb\_ide\bitstream\mb_usb_hdmi_top.mmi' stored in project is removed.
22:02:54 INFO  : The updated bitstream files are copied from platform to folder 'C:\385_Vivado_Projects\Final_Project\ECE-385-Final-Project\final_project_vitis\fp_usb\_ide\bitstream' in project 'fp_usb'.
22:02:58 INFO  : Connected to target on host '127.0.0.1' and port '3121'.
22:02:58 INFO  : Jtag cable 'RealDigital Boo 8874292301F6A' is selected.
22:02:58 INFO  : 'jtag frequency' command is executed.
22:02:58 INFO  : 'targets -set -filter {jtag_cable_name =~ "RealDigital Boo 8874292301F6A" && level==0 && jtag_device_ctx=="jsn1-0362f093-0"}' command is executed.
22:03:00 INFO  : Device configured successfully with "C:/385_Vivado_Projects/Final_Project/ECE-385-Final-Project/final_project_vitis/fp_usb/_ide/bitstream/mb_usb_hdmi_top.bit"
22:03:00 INFO  : Context for processor 'microblaze_0' is selected.
22:03:00 INFO  : Hardware design and registers information is loaded from 'C:/385_Vivado_Projects/Final_Project/ECE-385-Final-Project/final_project_vitis/mb_usb_hdmi_top/export/mb_usb_hdmi_top/hw/mb_usb_hdmi_top.xsa'.
22:03:00 INFO  : 'configparams mdm-detect-bscan-mask 2' command is executed.
22:03:00 INFO  : Context for processor 'microblaze_0' is selected.
22:03:00 INFO  : System reset is completed.
22:03:03 INFO  : 'after 3000' command is executed.
22:03:03 INFO  : Context for processor 'microblaze_0' is selected.
22:03:03 INFO  : The application 'C:/385_Vivado_Projects/Final_Project/ECE-385-Final-Project/final_project_vitis/fp_usb/Debug/fp_usb.elf' is downloaded to processor 'microblaze_0'.
22:03:03 INFO  : ----------------XSDB Script----------------
connect -url tcp:127.0.0.1:3121
targets -set -filter {jtag_cable_name =~ "RealDigital Boo 8874292301F6A" && level==0 && jtag_device_ctx=="jsn1-0362f093-0"}
fpga -file C:/385_Vivado_Projects/Final_Project/ECE-385-Final-Project/final_project_vitis/fp_usb/_ide/bitstream/mb_usb_hdmi_top.bit
targets -set -nocase -filter {name =~ "*microblaze*#0" && bscan=="USER2" }
loadhw -hw C:/385_Vivado_Projects/Final_Project/ECE-385-Final-Project/final_project_vitis/mb_usb_hdmi_top/export/mb_usb_hdmi_top/hw/mb_usb_hdmi_top.xsa -regs
configparams mdm-detect-bscan-mask 2
targets -set -nocase -filter {name =~ "*microblaze*#0" && bscan=="USER2" }
rst -system
after 3000
targets -set -nocase -filter {name =~ "*microblaze*#0" && bscan=="USER2" }
dow C:/385_Vivado_Projects/Final_Project/ECE-385-Final-Project/final_project_vitis/fp_usb/Debug/fp_usb.elf
----------------End of Script----------------

22:03:03 INFO  : Context for processor 'microblaze_0' is selected.
22:03:03 INFO  : 'con' command is executed.
22:03:03 INFO  : ----------------XSDB Script (After Launch)----------------
targets -set -nocase -filter {name =~ "*microblaze*#0" && bscan=="USER2" }
con
----------------End of Script----------------

22:03:04 INFO  : Disconnected from the channel tcfchan#30.
22:28:51 INFO  : Hardware specification for platform project 'mb_usb_hdmi_top' is updated.
22:29:07 INFO  : Result from executing command 'getProjects': mb_usb_hdmi_top
22:29:07 INFO  : Result from executing command 'getPlatforms': mb_usb_hdmi_top|C:/385_Vivado_Projects/Final_Project/ECE-385-Final-Project/final_project_vitis/mb_usb_hdmi_top/export/mb_usb_hdmi_top/mb_usb_hdmi_top.xpfm
22:29:07 INFO  : Checking for BSP changes to sync application flags for project 'fp_usb'...
22:29:10 INFO  : The hardware specification used by project 'fp_usb' is out of sync with the platform. Resource files extracted from the hardware specification will be updated.
22:29:10 INFO  : The file 'C:\385_Vivado_Projects\Final_Project\ECE-385-Final-Project\final_project_vitis\fp_usb\_ide\bitstream\mb_usb_hdmi_top.bit' stored in project is removed.
22:29:10 INFO  : The file 'C:\385_Vivado_Projects\Final_Project\ECE-385-Final-Project\final_project_vitis\fp_usb\_ide\bitstream\mb_usb_hdmi_top.mmi' stored in project is removed.
22:29:10 INFO  : The updated bitstream files are copied from platform to folder 'C:\385_Vivado_Projects\Final_Project\ECE-385-Final-Project\final_project_vitis\fp_usb\_ide\bitstream' in project 'fp_usb'.
22:29:16 INFO  : Connected to target on host '127.0.0.1' and port '3121'.
22:29:17 INFO  : Jtag cable 'RealDigital Boo 8874292301F6A' is selected.
22:29:17 INFO  : 'jtag frequency' command is executed.
22:29:17 INFO  : 'targets -set -filter {jtag_cable_name =~ "RealDigital Boo 8874292301F6A" && level==0 && jtag_device_ctx=="jsn1-0362f093-0"}' command is executed.
22:29:18 INFO  : Device configured successfully with "C:/385_Vivado_Projects/Final_Project/ECE-385-Final-Project/final_project_vitis/fp_usb/_ide/bitstream/mb_usb_hdmi_top.bit"
22:29:18 INFO  : Context for processor 'microblaze_0' is selected.
22:29:18 INFO  : Hardware design and registers information is loaded from 'C:/385_Vivado_Projects/Final_Project/ECE-385-Final-Project/final_project_vitis/mb_usb_hdmi_top/export/mb_usb_hdmi_top/hw/mb_usb_hdmi_top.xsa'.
22:29:18 INFO  : 'configparams mdm-detect-bscan-mask 2' command is executed.
22:29:18 INFO  : Context for processor 'microblaze_0' is selected.
22:29:18 INFO  : System reset is completed.
22:29:21 INFO  : 'after 3000' command is executed.
22:29:22 INFO  : Context for processor 'microblaze_0' is selected.
22:29:22 INFO  : The application 'C:/385_Vivado_Projects/Final_Project/ECE-385-Final-Project/final_project_vitis/fp_usb/Debug/fp_usb.elf' is downloaded to processor 'microblaze_0'.
22:29:22 INFO  : ----------------XSDB Script----------------
connect -url tcp:127.0.0.1:3121
targets -set -filter {jtag_cable_name =~ "RealDigital Boo 8874292301F6A" && level==0 && jtag_device_ctx=="jsn1-0362f093-0"}
fpga -file C:/385_Vivado_Projects/Final_Project/ECE-385-Final-Project/final_project_vitis/fp_usb/_ide/bitstream/mb_usb_hdmi_top.bit
targets -set -nocase -filter {name =~ "*microblaze*#0" && bscan=="USER2" }
loadhw -hw C:/385_Vivado_Projects/Final_Project/ECE-385-Final-Project/final_project_vitis/mb_usb_hdmi_top/export/mb_usb_hdmi_top/hw/mb_usb_hdmi_top.xsa -regs
configparams mdm-detect-bscan-mask 2
targets -set -nocase -filter {name =~ "*microblaze*#0" && bscan=="USER2" }
rst -system
after 3000
targets -set -nocase -filter {name =~ "*microblaze*#0" && bscan=="USER2" }
dow C:/385_Vivado_Projects/Final_Project/ECE-385-Final-Project/final_project_vitis/fp_usb/Debug/fp_usb.elf
----------------End of Script----------------

22:29:22 INFO  : Context for processor 'microblaze_0' is selected.
22:29:22 INFO  : 'con' command is executed.
22:29:22 INFO  : ----------------XSDB Script (After Launch)----------------
targets -set -nocase -filter {name =~ "*microblaze*#0" && bscan=="USER2" }
con
----------------End of Script----------------

22:29:22 INFO  : Disconnected from the channel tcfchan#32.
22:30:06 INFO  : Connected to target on host '127.0.0.1' and port '3121'.
22:30:06 INFO  : Jtag cable 'RealDigital Boo 8874292301F6A' is selected.
22:30:07 INFO  : 'jtag frequency' command is executed.
22:30:07 INFO  : 'targets -set -filter {jtag_cable_name =~ "RealDigital Boo 8874292301F6A" && level==0 && jtag_device_ctx=="jsn1-0362f093-0"}' command is executed.
22:30:08 INFO  : Device configured successfully with "C:/385_Vivado_Projects/Final_Project/ECE-385-Final-Project/final_project_vitis/fp_usb/_ide/bitstream/mb_usb_hdmi_top.bit"
22:30:08 INFO  : Context for processor 'microblaze_0' is selected.
22:30:08 INFO  : Hardware design and registers information is loaded from 'C:/385_Vivado_Projects/Final_Project/ECE-385-Final-Project/final_project_vitis/mb_usb_hdmi_top/export/mb_usb_hdmi_top/hw/mb_usb_hdmi_top.xsa'.
22:30:08 INFO  : 'configparams mdm-detect-bscan-mask 2' command is executed.
22:30:08 INFO  : Context for processor 'microblaze_0' is selected.
22:30:08 INFO  : System reset is completed.
22:30:11 INFO  : 'after 3000' command is executed.
22:30:12 INFO  : Context for processor 'microblaze_0' is selected.
22:30:12 INFO  : The application 'C:/385_Vivado_Projects/Final_Project/ECE-385-Final-Project/final_project_vitis/fp_usb/Debug/fp_usb.elf' is downloaded to processor 'microblaze_0'.
22:30:12 INFO  : ----------------XSDB Script----------------
connect -url tcp:127.0.0.1:3121
targets -set -filter {jtag_cable_name =~ "RealDigital Boo 8874292301F6A" && level==0 && jtag_device_ctx=="jsn1-0362f093-0"}
fpga -file C:/385_Vivado_Projects/Final_Project/ECE-385-Final-Project/final_project_vitis/fp_usb/_ide/bitstream/mb_usb_hdmi_top.bit
targets -set -nocase -filter {name =~ "*microblaze*#0" && bscan=="USER2" }
loadhw -hw C:/385_Vivado_Projects/Final_Project/ECE-385-Final-Project/final_project_vitis/mb_usb_hdmi_top/export/mb_usb_hdmi_top/hw/mb_usb_hdmi_top.xsa -regs
configparams mdm-detect-bscan-mask 2
targets -set -nocase -filter {name =~ "*microblaze*#0" && bscan=="USER2" }
rst -system
after 3000
targets -set -nocase -filter {name =~ "*microblaze*#0" && bscan=="USER2" }
dow C:/385_Vivado_Projects/Final_Project/ECE-385-Final-Project/final_project_vitis/fp_usb/Debug/fp_usb.elf
----------------End of Script----------------

22:30:12 INFO  : Context for processor 'microblaze_0' is selected.
22:30:12 INFO  : 'con' command is executed.
22:30:12 INFO  : ----------------XSDB Script (After Launch)----------------
targets -set -nocase -filter {name =~ "*microblaze*#0" && bscan=="USER2" }
con
----------------End of Script----------------

22:30:12 INFO  : Disconnected from the channel tcfchan#33.
22:40:07 INFO  : Hardware specification for platform project 'mb_usb_hdmi_top' is updated.
22:40:20 INFO  : Result from executing command 'getProjects': mb_usb_hdmi_top
22:40:20 INFO  : Result from executing command 'getPlatforms': mb_usb_hdmi_top|C:/385_Vivado_Projects/Final_Project/ECE-385-Final-Project/final_project_vitis/mb_usb_hdmi_top/export/mb_usb_hdmi_top/mb_usb_hdmi_top.xpfm
22:40:21 INFO  : Checking for BSP changes to sync application flags for project 'fp_usb'...
22:40:24 INFO  : The hardware specification used by project 'fp_usb' is out of sync with the platform. Resource files extracted from the hardware specification will be updated.
22:40:24 INFO  : The file 'C:\385_Vivado_Projects\Final_Project\ECE-385-Final-Project\final_project_vitis\fp_usb\_ide\bitstream\mb_usb_hdmi_top.bit' stored in project is removed.
22:40:24 INFO  : The file 'C:\385_Vivado_Projects\Final_Project\ECE-385-Final-Project\final_project_vitis\fp_usb\_ide\bitstream\mb_usb_hdmi_top.mmi' stored in project is removed.
22:40:24 INFO  : The updated bitstream files are copied from platform to folder 'C:\385_Vivado_Projects\Final_Project\ECE-385-Final-Project\final_project_vitis\fp_usb\_ide\bitstream' in project 'fp_usb'.
22:40:29 INFO  : Connected to target on host '127.0.0.1' and port '3121'.
22:40:36 INFO  : Jtag cable 'RealDigital Boo 8874292301F6A' is selected.
22:40:36 INFO  : 'jtag frequency' command is executed.
22:40:36 INFO  : 'targets -set -filter {jtag_cable_name =~ "RealDigital Boo 8874292301F6A" && level==0 && jtag_device_ctx=="jsn1-0362f093-0"}' command is executed.
22:40:37 INFO  : Device configured successfully with "C:/385_Vivado_Projects/Final_Project/ECE-385-Final-Project/final_project_vitis/fp_usb/_ide/bitstream/mb_usb_hdmi_top.bit"
22:40:38 INFO  : Context for processor 'microblaze_0' is selected.
22:40:38 INFO  : Hardware design and registers information is loaded from 'C:/385_Vivado_Projects/Final_Project/ECE-385-Final-Project/final_project_vitis/mb_usb_hdmi_top/export/mb_usb_hdmi_top/hw/mb_usb_hdmi_top.xsa'.
22:40:38 INFO  : 'configparams mdm-detect-bscan-mask 2' command is executed.
22:40:38 INFO  : Context for processor 'microblaze_0' is selected.
22:40:38 INFO  : System reset is completed.
22:40:41 INFO  : 'after 3000' command is executed.
22:40:41 INFO  : Context for processor 'microblaze_0' is selected.
22:40:41 INFO  : The application 'C:/385_Vivado_Projects/Final_Project/ECE-385-Final-Project/final_project_vitis/fp_usb/Debug/fp_usb.elf' is downloaded to processor 'microblaze_0'.
22:40:41 INFO  : ----------------XSDB Script----------------
connect -url tcp:127.0.0.1:3121
targets -set -filter {jtag_cable_name =~ "RealDigital Boo 8874292301F6A" && level==0 && jtag_device_ctx=="jsn1-0362f093-0"}
fpga -file C:/385_Vivado_Projects/Final_Project/ECE-385-Final-Project/final_project_vitis/fp_usb/_ide/bitstream/mb_usb_hdmi_top.bit
targets -set -nocase -filter {name =~ "*microblaze*#0" && bscan=="USER2" }
loadhw -hw C:/385_Vivado_Projects/Final_Project/ECE-385-Final-Project/final_project_vitis/mb_usb_hdmi_top/export/mb_usb_hdmi_top/hw/mb_usb_hdmi_top.xsa -regs
configparams mdm-detect-bscan-mask 2
targets -set -nocase -filter {name =~ "*microblaze*#0" && bscan=="USER2" }
rst -system
after 3000
targets -set -nocase -filter {name =~ "*microblaze*#0" && bscan=="USER2" }
dow C:/385_Vivado_Projects/Final_Project/ECE-385-Final-Project/final_project_vitis/fp_usb/Debug/fp_usb.elf
----------------End of Script----------------

22:40:41 INFO  : Context for processor 'microblaze_0' is selected.
22:40:41 INFO  : 'con' command is executed.
22:40:41 INFO  : ----------------XSDB Script (After Launch)----------------
targets -set -nocase -filter {name =~ "*microblaze*#0" && bscan=="USER2" }
con
----------------End of Script----------------

22:40:41 INFO  : Disconnected from the channel tcfchan#35.
22:40:57 INFO  : Connected to target on host '127.0.0.1' and port '3121'.
22:40:57 INFO  : Jtag cable 'RealDigital Boo 8874292301F6A' is selected.
22:40:57 INFO  : 'jtag frequency' command is executed.
22:40:57 INFO  : 'targets -set -filter {jtag_cable_name =~ "RealDigital Boo 8874292301F6A" && level==0 && jtag_device_ctx=="jsn1-0362f093-0"}' command is executed.
22:40:58 INFO  : Device configured successfully with "C:/385_Vivado_Projects/Final_Project/ECE-385-Final-Project/final_project_vitis/fp_usb/_ide/bitstream/mb_usb_hdmi_top.bit"
22:40:59 INFO  : Context for processor 'microblaze_0' is selected.
22:40:59 INFO  : Hardware design and registers information is loaded from 'C:/385_Vivado_Projects/Final_Project/ECE-385-Final-Project/final_project_vitis/mb_usb_hdmi_top/export/mb_usb_hdmi_top/hw/mb_usb_hdmi_top.xsa'.
22:40:59 INFO  : 'configparams mdm-detect-bscan-mask 2' command is executed.
22:40:59 INFO  : Context for processor 'microblaze_0' is selected.
22:40:59 INFO  : System reset is completed.
22:41:02 INFO  : 'after 3000' command is executed.
22:41:05 ERROR : no targets found with "name =~ "*microblaze*#0" && bscan=="USER2" ". available targets: none
22:41:05 INFO  : ----------------XSDB Script----------------
connect -url tcp:127.0.0.1:3121
targets -set -filter {jtag_cable_name =~ "RealDigital Boo 8874292301F6A" && level==0 && jtag_device_ctx=="jsn1-0362f093-0"}
fpga -file C:/385_Vivado_Projects/Final_Project/ECE-385-Final-Project/final_project_vitis/fp_usb/_ide/bitstream/mb_usb_hdmi_top.bit
targets -set -nocase -filter {name =~ "*microblaze*#0" && bscan=="USER2" }
loadhw -hw C:/385_Vivado_Projects/Final_Project/ECE-385-Final-Project/final_project_vitis/mb_usb_hdmi_top/export/mb_usb_hdmi_top/hw/mb_usb_hdmi_top.xsa -regs
configparams mdm-detect-bscan-mask 2
targets -set -nocase -filter {name =~ "*microblaze*#0" && bscan=="USER2" }
rst -system
after 3000
targets -set -nocase -filter {name =~ "*microblaze*#0" && bscan=="USER2" }
----------------End of Script----------------

22:41:05 ERROR : no targets found with "name =~ "*microblaze*#0" && bscan=="USER2" ". available targets: none
22:41:37 INFO  : Connected to target on host '127.0.0.1' and port '3121'.
22:41:38 INFO  : Jtag cable 'RealDigital Boo 8874292301F6A' is selected.
22:41:38 INFO  : 'jtag frequency' command is executed.
22:41:38 INFO  : 'targets -set -filter {jtag_cable_name =~ "RealDigital Boo 8874292301F6A" && level==0 && jtag_device_ctx=="jsn1-0362f093-0"}' command is executed.
22:41:40 INFO  : Device configured successfully with "C:/385_Vivado_Projects/Final_Project/ECE-385-Final-Project/final_project_vitis/fp_usb/_ide/bitstream/mb_usb_hdmi_top.bit"
22:41:40 INFO  : Context for processor 'microblaze_0' is selected.
22:41:40 INFO  : Hardware design and registers information is loaded from 'C:/385_Vivado_Projects/Final_Project/ECE-385-Final-Project/final_project_vitis/mb_usb_hdmi_top/export/mb_usb_hdmi_top/hw/mb_usb_hdmi_top.xsa'.
22:41:40 INFO  : 'configparams mdm-detect-bscan-mask 2' command is executed.
22:41:40 INFO  : Context for processor 'microblaze_0' is selected.
22:41:40 INFO  : System reset is completed.
22:41:43 INFO  : 'after 3000' command is executed.
22:41:43 INFO  : Context for processor 'microblaze_0' is selected.
22:41:43 INFO  : The application 'C:/385_Vivado_Projects/Final_Project/ECE-385-Final-Project/final_project_vitis/fp_usb/Debug/fp_usb.elf' is downloaded to processor 'microblaze_0'.
22:41:43 INFO  : ----------------XSDB Script----------------
connect -url tcp:127.0.0.1:3121
targets -set -filter {jtag_cable_name =~ "RealDigital Boo 8874292301F6A" && level==0 && jtag_device_ctx=="jsn1-0362f093-0"}
fpga -file C:/385_Vivado_Projects/Final_Project/ECE-385-Final-Project/final_project_vitis/fp_usb/_ide/bitstream/mb_usb_hdmi_top.bit
targets -set -nocase -filter {name =~ "*microblaze*#0" && bscan=="USER2" }
loadhw -hw C:/385_Vivado_Projects/Final_Project/ECE-385-Final-Project/final_project_vitis/mb_usb_hdmi_top/export/mb_usb_hdmi_top/hw/mb_usb_hdmi_top.xsa -regs
configparams mdm-detect-bscan-mask 2
targets -set -nocase -filter {name =~ "*microblaze*#0" && bscan=="USER2" }
rst -system
after 3000
targets -set -nocase -filter {name =~ "*microblaze*#0" && bscan=="USER2" }
dow C:/385_Vivado_Projects/Final_Project/ECE-385-Final-Project/final_project_vitis/fp_usb/Debug/fp_usb.elf
----------------End of Script----------------

22:41:43 INFO  : Context for processor 'microblaze_0' is selected.
22:41:43 INFO  : 'con' command is executed.
22:41:43 INFO  : ----------------XSDB Script (After Launch)----------------
targets -set -nocase -filter {name =~ "*microblaze*#0" && bscan=="USER2" }
con
----------------End of Script----------------

22:41:43 INFO  : Disconnected from the channel tcfchan#36.
22:42:04 INFO  : Connected to target on host '127.0.0.1' and port '3121'.
22:42:05 INFO  : Jtag cable 'RealDigital Boo 8874292301F6A' is selected.
22:42:05 INFO  : 'jtag frequency' command is executed.
22:42:05 INFO  : 'targets -set -filter {jtag_cable_name =~ "RealDigital Boo 8874292301F6A" && level==0 && jtag_device_ctx=="jsn1-0362f093-0"}' command is executed.
22:42:06 INFO  : Device configured successfully with "C:/385_Vivado_Projects/Final_Project/ECE-385-Final-Project/final_project_vitis/fp_usb/_ide/bitstream/mb_usb_hdmi_top.bit"
22:42:06 INFO  : Context for processor 'microblaze_0' is selected.
22:42:06 INFO  : Hardware design and registers information is loaded from 'C:/385_Vivado_Projects/Final_Project/ECE-385-Final-Project/final_project_vitis/mb_usb_hdmi_top/export/mb_usb_hdmi_top/hw/mb_usb_hdmi_top.xsa'.
22:42:06 INFO  : 'configparams mdm-detect-bscan-mask 2' command is executed.
22:42:06 INFO  : Context for processor 'microblaze_0' is selected.
22:42:06 INFO  : System reset is completed.
22:42:09 INFO  : 'after 3000' command is executed.
22:42:09 INFO  : Context for processor 'microblaze_0' is selected.
22:42:10 INFO  : The application 'C:/385_Vivado_Projects/Final_Project/ECE-385-Final-Project/final_project_vitis/fp_usb/Debug/fp_usb.elf' is downloaded to processor 'microblaze_0'.
22:42:10 INFO  : ----------------XSDB Script----------------
connect -url tcp:127.0.0.1:3121
targets -set -filter {jtag_cable_name =~ "RealDigital Boo 8874292301F6A" && level==0 && jtag_device_ctx=="jsn1-0362f093-0"}
fpga -file C:/385_Vivado_Projects/Final_Project/ECE-385-Final-Project/final_project_vitis/fp_usb/_ide/bitstream/mb_usb_hdmi_top.bit
targets -set -nocase -filter {name =~ "*microblaze*#0" && bscan=="USER2" }
loadhw -hw C:/385_Vivado_Projects/Final_Project/ECE-385-Final-Project/final_project_vitis/mb_usb_hdmi_top/export/mb_usb_hdmi_top/hw/mb_usb_hdmi_top.xsa -regs
configparams mdm-detect-bscan-mask 2
targets -set -nocase -filter {name =~ "*microblaze*#0" && bscan=="USER2" }
rst -system
after 3000
targets -set -nocase -filter {name =~ "*microblaze*#0" && bscan=="USER2" }
dow C:/385_Vivado_Projects/Final_Project/ECE-385-Final-Project/final_project_vitis/fp_usb/Debug/fp_usb.elf
----------------End of Script----------------

22:42:10 INFO  : Context for processor 'microblaze_0' is selected.
22:42:10 INFO  : 'con' command is executed.
22:42:10 INFO  : ----------------XSDB Script (After Launch)----------------
targets -set -nocase -filter {name =~ "*microblaze*#0" && bscan=="USER2" }
con
----------------End of Script----------------

22:42:10 INFO  : Disconnected from the channel tcfchan#37.
22:42:58 INFO  : Connected to target on host '127.0.0.1' and port '3121'.
22:42:58 INFO  : Jtag cable 'RealDigital Boo 8874292301F6A' is selected.
22:42:58 INFO  : 'jtag frequency' command is executed.
22:42:58 INFO  : 'targets -set -filter {jtag_cable_name =~ "RealDigital Boo 8874292301F6A" && level==0 && jtag_device_ctx=="jsn1-0362f093-0"}' command is executed.
22:43:00 INFO  : Device configured successfully with "C:/385_Vivado_Projects/Final_Project/ECE-385-Final-Project/final_project_vitis/fp_usb/_ide/bitstream/mb_usb_hdmi_top.bit"
22:43:00 INFO  : Context for processor 'microblaze_0' is selected.
22:43:00 INFO  : Hardware design and registers information is loaded from 'C:/385_Vivado_Projects/Final_Project/ECE-385-Final-Project/final_project_vitis/mb_usb_hdmi_top/export/mb_usb_hdmi_top/hw/mb_usb_hdmi_top.xsa'.
22:43:00 INFO  : 'configparams mdm-detect-bscan-mask 2' command is executed.
22:43:00 INFO  : Context for processor 'microblaze_0' is selected.
22:43:00 INFO  : System reset is completed.
22:43:03 INFO  : 'after 3000' command is executed.
22:43:03 INFO  : Context for processor 'microblaze_0' is selected.
22:43:03 INFO  : The application 'C:/385_Vivado_Projects/Final_Project/ECE-385-Final-Project/final_project_vitis/fp_usb/Debug/fp_usb.elf' is downloaded to processor 'microblaze_0'.
22:43:03 INFO  : ----------------XSDB Script----------------
connect -url tcp:127.0.0.1:3121
targets -set -filter {jtag_cable_name =~ "RealDigital Boo 8874292301F6A" && level==0 && jtag_device_ctx=="jsn1-0362f093-0"}
fpga -file C:/385_Vivado_Projects/Final_Project/ECE-385-Final-Project/final_project_vitis/fp_usb/_ide/bitstream/mb_usb_hdmi_top.bit
targets -set -nocase -filter {name =~ "*microblaze*#0" && bscan=="USER2" }
loadhw -hw C:/385_Vivado_Projects/Final_Project/ECE-385-Final-Project/final_project_vitis/mb_usb_hdmi_top/export/mb_usb_hdmi_top/hw/mb_usb_hdmi_top.xsa -regs
configparams mdm-detect-bscan-mask 2
targets -set -nocase -filter {name =~ "*microblaze*#0" && bscan=="USER2" }
rst -system
after 3000
targets -set -nocase -filter {name =~ "*microblaze*#0" && bscan=="USER2" }
dow C:/385_Vivado_Projects/Final_Project/ECE-385-Final-Project/final_project_vitis/fp_usb/Debug/fp_usb.elf
----------------End of Script----------------

22:43:03 INFO  : Context for processor 'microblaze_0' is selected.
22:43:03 INFO  : 'con' command is executed.
22:43:03 INFO  : ----------------XSDB Script (After Launch)----------------
targets -set -nocase -filter {name =~ "*microblaze*#0" && bscan=="USER2" }
con
----------------End of Script----------------

22:43:03 INFO  : Disconnected from the channel tcfchan#38.
23:12:58 INFO  : Connected to target on host '127.0.0.1' and port '3121'.
23:12:59 INFO  : Jtag cable 'RealDigital Boo 8874292301F6A' is selected.
23:12:59 INFO  : 'jtag frequency' command is executed.
23:12:59 INFO  : 'targets -set -filter {jtag_cable_name =~ "RealDigital Boo 8874292301F6A" && level==0 && jtag_device_ctx=="jsn1-0362f093-0"}' command is executed.
23:13:00 INFO  : Device configured successfully with "C:/385_Vivado_Projects/Final_Project/ECE-385-Final-Project/final_project_vitis/fp_usb/_ide/bitstream/mb_usb_hdmi_top.bit"
23:13:00 INFO  : Context for processor 'microblaze_0' is selected.
23:13:00 INFO  : Hardware design and registers information is loaded from 'C:/385_Vivado_Projects/Final_Project/ECE-385-Final-Project/final_project_vitis/mb_usb_hdmi_top/export/mb_usb_hdmi_top/hw/mb_usb_hdmi_top.xsa'.
23:13:00 INFO  : 'configparams mdm-detect-bscan-mask 2' command is executed.
23:13:00 INFO  : Context for processor 'microblaze_0' is selected.
23:13:00 INFO  : System reset is completed.
23:13:03 INFO  : 'after 3000' command is executed.
23:13:03 INFO  : Context for processor 'microblaze_0' is selected.
23:13:03 INFO  : The application 'C:/385_Vivado_Projects/Final_Project/ECE-385-Final-Project/final_project_vitis/fp_usb/Debug/fp_usb.elf' is downloaded to processor 'microblaze_0'.
23:13:03 INFO  : ----------------XSDB Script----------------
connect -url tcp:127.0.0.1:3121
targets -set -filter {jtag_cable_name =~ "RealDigital Boo 8874292301F6A" && level==0 && jtag_device_ctx=="jsn1-0362f093-0"}
fpga -file C:/385_Vivado_Projects/Final_Project/ECE-385-Final-Project/final_project_vitis/fp_usb/_ide/bitstream/mb_usb_hdmi_top.bit
targets -set -nocase -filter {name =~ "*microblaze*#0" && bscan=="USER2" }
loadhw -hw C:/385_Vivado_Projects/Final_Project/ECE-385-Final-Project/final_project_vitis/mb_usb_hdmi_top/export/mb_usb_hdmi_top/hw/mb_usb_hdmi_top.xsa -regs
configparams mdm-detect-bscan-mask 2
targets -set -nocase -filter {name =~ "*microblaze*#0" && bscan=="USER2" }
rst -system
after 3000
targets -set -nocase -filter {name =~ "*microblaze*#0" && bscan=="USER2" }
dow C:/385_Vivado_Projects/Final_Project/ECE-385-Final-Project/final_project_vitis/fp_usb/Debug/fp_usb.elf
----------------End of Script----------------

23:13:03 INFO  : Context for processor 'microblaze_0' is selected.
23:13:03 INFO  : 'con' command is executed.
23:13:03 INFO  : ----------------XSDB Script (After Launch)----------------
targets -set -nocase -filter {name =~ "*microblaze*#0" && bscan=="USER2" }
con
----------------End of Script----------------

23:13:03 INFO  : Disconnected from the channel tcfchan#39.
23:32:29 INFO  : Hardware specification for platform project 'mb_usb_hdmi_top' is updated.
23:32:42 INFO  : Result from executing command 'getProjects': mb_usb_hdmi_top
23:32:42 INFO  : Result from executing command 'getPlatforms': mb_usb_hdmi_top|C:/385_Vivado_Projects/Final_Project/ECE-385-Final-Project/final_project_vitis/mb_usb_hdmi_top/export/mb_usb_hdmi_top/mb_usb_hdmi_top.xpfm
23:32:42 INFO  : Checking for BSP changes to sync application flags for project 'fp_usb'...
23:32:44 INFO  : The hardware specification used by project 'fp_usb' is out of sync with the platform. Resource files extracted from the hardware specification will be updated.
23:32:44 INFO  : The file 'C:\385_Vivado_Projects\Final_Project\ECE-385-Final-Project\final_project_vitis\fp_usb\_ide\bitstream\mb_usb_hdmi_top.bit' stored in project is removed.
23:32:44 INFO  : The file 'C:\385_Vivado_Projects\Final_Project\ECE-385-Final-Project\final_project_vitis\fp_usb\_ide\bitstream\mb_usb_hdmi_top.mmi' stored in project is removed.
23:32:44 INFO  : The updated bitstream files are copied from platform to folder 'C:\385_Vivado_Projects\Final_Project\ECE-385-Final-Project\final_project_vitis\fp_usb\_ide\bitstream' in project 'fp_usb'.
23:32:50 INFO  : Connected to target on host '127.0.0.1' and port '3121'.
23:32:50 INFO  : Jtag cable 'RealDigital Boo 8874292301F6A' is selected.
23:32:50 INFO  : 'jtag frequency' command is executed.
23:32:50 INFO  : 'targets -set -filter {jtag_cable_name =~ "RealDigital Boo 8874292301F6A" && level==0 && jtag_device_ctx=="jsn1-0362f093-0"}' command is executed.
23:32:52 INFO  : Device configured successfully with "C:/385_Vivado_Projects/Final_Project/ECE-385-Final-Project/final_project_vitis/fp_usb/_ide/bitstream/mb_usb_hdmi_top.bit"
23:32:52 INFO  : Context for processor 'microblaze_0' is selected.
23:32:52 INFO  : Hardware design and registers information is loaded from 'C:/385_Vivado_Projects/Final_Project/ECE-385-Final-Project/final_project_vitis/mb_usb_hdmi_top/export/mb_usb_hdmi_top/hw/mb_usb_hdmi_top.xsa'.
23:32:52 INFO  : 'configparams mdm-detect-bscan-mask 2' command is executed.
23:32:52 INFO  : Context for processor 'microblaze_0' is selected.
23:32:52 INFO  : System reset is completed.
23:32:55 INFO  : 'after 3000' command is executed.
23:32:55 INFO  : Context for processor 'microblaze_0' is selected.
23:32:55 INFO  : The application 'C:/385_Vivado_Projects/Final_Project/ECE-385-Final-Project/final_project_vitis/fp_usb/Debug/fp_usb.elf' is downloaded to processor 'microblaze_0'.
23:32:55 INFO  : ----------------XSDB Script----------------
connect -url tcp:127.0.0.1:3121
targets -set -filter {jtag_cable_name =~ "RealDigital Boo 8874292301F6A" && level==0 && jtag_device_ctx=="jsn1-0362f093-0"}
fpga -file C:/385_Vivado_Projects/Final_Project/ECE-385-Final-Project/final_project_vitis/fp_usb/_ide/bitstream/mb_usb_hdmi_top.bit
targets -set -nocase -filter {name =~ "*microblaze*#0" && bscan=="USER2" }
loadhw -hw C:/385_Vivado_Projects/Final_Project/ECE-385-Final-Project/final_project_vitis/mb_usb_hdmi_top/export/mb_usb_hdmi_top/hw/mb_usb_hdmi_top.xsa -regs
configparams mdm-detect-bscan-mask 2
targets -set -nocase -filter {name =~ "*microblaze*#0" && bscan=="USER2" }
rst -system
after 3000
targets -set -nocase -filter {name =~ "*microblaze*#0" && bscan=="USER2" }
dow C:/385_Vivado_Projects/Final_Project/ECE-385-Final-Project/final_project_vitis/fp_usb/Debug/fp_usb.elf
----------------End of Script----------------

23:32:55 INFO  : Context for processor 'microblaze_0' is selected.
23:32:55 INFO  : 'con' command is executed.
23:32:55 INFO  : ----------------XSDB Script (After Launch)----------------
targets -set -nocase -filter {name =~ "*microblaze*#0" && bscan=="USER2" }
con
----------------End of Script----------------

23:32:55 INFO  : Disconnected from the channel tcfchan#41.
23:33:00 INFO  : Connected to target on host '127.0.0.1' and port '3121'.
23:33:00 INFO  : Jtag cable 'RealDigital Boo 8874292301F6A' is selected.
23:33:00 INFO  : 'jtag frequency' command is executed.
23:33:04 ERROR : no targets found with "jtag_cable_name =~ "RealDigital Boo 8874292301F6A" && level==0 && jtag_device_ctx=="jsn1-0362f093-0"". available targets:
  1  xc7s50
23:33:04 ERROR : Exception occured while running Program Device.
java.lang.RuntimeException: no targets found with "jtag_cable_name =~ "RealDigital Boo 8874292301F6A" && level==0 && jtag_device_ctx=="jsn1-0362f093-0"". available targets:
  1  xc7s50
23:33:04 INFO  : ----------------XSDB Script----------------
connect -url tcp:127.0.0.1:3121
----------------End of Script----------------

23:33:04 ERROR : no targets found with "jtag_cable_name =~ "RealDigital Boo 8874292301F6A" && level==0 && jtag_device_ctx=="jsn1-0362f093-0"". available targets:
  1  xc7s50
23:33:09 INFO  : Connected to target on host '127.0.0.1' and port '3121'.
23:33:09 INFO  : Jtag cable 'RealDigital Boo 8874292301F6A' is selected.
23:33:09 INFO  : 'jtag frequency' command is executed.
23:33:12 ERROR : no targets found with "jtag_cable_name =~ "RealDigital Boo 8874292301F6A" && level==0 && jtag_device_ctx=="jsn1-0362f093-0"". available targets:
  1  xc7s50
23:33:12 ERROR : Exception occured while running Program Device.
java.lang.RuntimeException: no targets found with "jtag_cable_name =~ "RealDigital Boo 8874292301F6A" && level==0 && jtag_device_ctx=="jsn1-0362f093-0"". available targets:
  1  xc7s50
23:33:12 INFO  : ----------------XSDB Script----------------
connect -url tcp:127.0.0.1:3121
----------------End of Script----------------

23:33:12 ERROR : no targets found with "jtag_cable_name =~ "RealDigital Boo 8874292301F6A" && level==0 && jtag_device_ctx=="jsn1-0362f093-0"". available targets:
  1  xc7s50
23:33:17 INFO  : Checking for BSP changes to sync application flags for project 'fp_usb'...
23:33:20 INFO  : Connected to target on host '127.0.0.1' and port '3121'.
23:33:20 INFO  : Jtag cable 'RealDigital Boo 8874292301F6A' is selected.
23:33:20 INFO  : 'jtag frequency' command is executed.
23:33:23 ERROR : no targets found with "jtag_cable_name =~ "RealDigital Boo 8874292301F6A" && level==0 && jtag_device_ctx=="jsn1-0362f093-0"". available targets:
  1  xc7s50
23:33:23 ERROR : Exception occured while running Program Device.
java.lang.RuntimeException: no targets found with "jtag_cable_name =~ "RealDigital Boo 8874292301F6A" && level==0 && jtag_device_ctx=="jsn1-0362f093-0"". available targets:
  1  xc7s50
23:33:23 INFO  : ----------------XSDB Script----------------
connect -url tcp:127.0.0.1:3121
----------------End of Script----------------

23:33:23 ERROR : no targets found with "jtag_cable_name =~ "RealDigital Boo 8874292301F6A" && level==0 && jtag_device_ctx=="jsn1-0362f093-0"". available targets:
  1  xc7s50
23:33:34 INFO  : Connected to target on host '127.0.0.1' and port '3121'.
23:33:34 INFO  : Jtag cable 'RealDigital Boo 8874292301F6A' is selected.
23:33:34 INFO  : 'jtag frequency' command is executed.
23:33:37 ERROR : no targets found with "jtag_cable_name =~ "RealDigital Boo 8874292301F6A" && level==0 && jtag_device_ctx=="jsn1-0362f093-0"". available targets:
  1  xc7s50
23:33:37 ERROR : Exception occured while running Program Device.
java.lang.RuntimeException: no targets found with "jtag_cable_name =~ "RealDigital Boo 8874292301F6A" && level==0 && jtag_device_ctx=="jsn1-0362f093-0"". available targets:
  1  xc7s50
23:33:37 INFO  : ----------------XSDB Script----------------
connect -url tcp:127.0.0.1:3121
----------------End of Script----------------

23:33:37 ERROR : no targets found with "jtag_cable_name =~ "RealDigital Boo 8874292301F6A" && level==0 && jtag_device_ctx=="jsn1-0362f093-0"". available targets:
  1  xc7s50
23:34:26 DEBUG : Logs will be stored at 'C:/385_Vivado_Projects/Final_Project/ECE-385-Final-Project/final_project_vitis/IDE.log'.
23:34:27 INFO  : Launching XSCT server: xsct.bat -n  -interactive C:\385_Vivado_Projects\Final_Project\ECE-385-Final-Project\final_project_vitis\temp_xsdb_launch_script.tcl
23:34:28 INFO  : Platform repository initialization has completed.
23:34:29 INFO  : XSCT server has started successfully.
23:34:29 INFO  : plnx-install-location is set to ''
23:34:29 INFO  : Successfully done setting XSCT server connection channel  
23:34:29 INFO  : Successfully done setting workspace for the tool. 
23:34:30 INFO  : Registering command handlers for Vitis TCF services
23:34:33 INFO  : Successfully done query RDI_DATADIR 
23:34:39 INFO  : Hardware specification for platform project 'mb_usb_hdmi_top' is updated.
23:34:51 INFO  : Result from executing command 'getProjects': mb_usb_hdmi_top
23:34:51 INFO  : Result from executing command 'getPlatforms': mb_usb_hdmi_top|C:/385_Vivado_Projects/Final_Project/ECE-385-Final-Project/final_project_vitis/mb_usb_hdmi_top/export/mb_usb_hdmi_top/mb_usb_hdmi_top.xpfm
23:34:51 INFO  : Checking for BSP changes to sync application flags for project 'fp_usb'...
23:34:56 INFO  : Connected to target on host '127.0.0.1' and port '3121'.
23:34:57 INFO  : Jtag cable 'RealDigital Boo 8874292301F6A' is selected.
23:34:57 INFO  : 'jtag frequency' command is executed.
23:34:57 INFO  : 'targets -set -filter {jtag_cable_name =~ "RealDigital Boo 8874292301F6A" && level==0 && jtag_device_ctx=="jsn1-0362f093-0"}' command is executed.
23:34:58 INFO  : Device configured successfully with "C:/385_Vivado_Projects/Final_Project/ECE-385-Final-Project/final_project_vitis/fp_usb/_ide/bitstream/mb_usb_hdmi_top.bit"
23:34:58 INFO  : Context for processor 'microblaze_0' is selected.
23:34:58 INFO  : Hardware design and registers information is loaded from 'C:/385_Vivado_Projects/Final_Project/ECE-385-Final-Project/final_project_vitis/mb_usb_hdmi_top/export/mb_usb_hdmi_top/hw/mb_usb_hdmi_top.xsa'.
23:34:58 INFO  : 'configparams mdm-detect-bscan-mask 2' command is executed.
23:34:58 INFO  : Context for processor 'microblaze_0' is selected.
23:34:58 INFO  : System reset is completed.
23:35:01 INFO  : 'after 3000' command is executed.
23:35:02 INFO  : Context for processor 'microblaze_0' is selected.
23:35:02 INFO  : The application 'C:/385_Vivado_Projects/Final_Project/ECE-385-Final-Project/final_project_vitis/fp_usb/Debug/fp_usb.elf' is downloaded to processor 'microblaze_0'.
23:35:02 INFO  : ----------------XSDB Script----------------
connect -url tcp:127.0.0.1:3121
targets -set -filter {jtag_cable_name =~ "RealDigital Boo 8874292301F6A" && level==0 && jtag_device_ctx=="jsn1-0362f093-0"}
fpga -file C:/385_Vivado_Projects/Final_Project/ECE-385-Final-Project/final_project_vitis/fp_usb/_ide/bitstream/mb_usb_hdmi_top.bit
targets -set -nocase -filter {name =~ "*microblaze*#0" && bscan=="USER2" }
loadhw -hw C:/385_Vivado_Projects/Final_Project/ECE-385-Final-Project/final_project_vitis/mb_usb_hdmi_top/export/mb_usb_hdmi_top/hw/mb_usb_hdmi_top.xsa -regs
configparams mdm-detect-bscan-mask 2
targets -set -nocase -filter {name =~ "*microblaze*#0" && bscan=="USER2" }
rst -system
after 3000
targets -set -nocase -filter {name =~ "*microblaze*#0" && bscan=="USER2" }
dow C:/385_Vivado_Projects/Final_Project/ECE-385-Final-Project/final_project_vitis/fp_usb/Debug/fp_usb.elf
----------------End of Script----------------

23:35:02 INFO  : Context for processor 'microblaze_0' is selected.
23:35:02 INFO  : 'con' command is executed.
23:35:02 INFO  : ----------------XSDB Script (After Launch)----------------
targets -set -nocase -filter {name =~ "*microblaze*#0" && bscan=="USER2" }
con
----------------End of Script----------------

23:35:02 INFO  : Disconnected from the channel tcfchan#2.
23:47:10 INFO  : Hardware specification for platform project 'mb_usb_hdmi_top' is updated.
23:47:21 INFO  : Result from executing command 'getProjects': mb_usb_hdmi_top
23:47:21 INFO  : Result from executing command 'getPlatforms': mb_usb_hdmi_top|C:/385_Vivado_Projects/Final_Project/ECE-385-Final-Project/final_project_vitis/mb_usb_hdmi_top/export/mb_usb_hdmi_top/mb_usb_hdmi_top.xpfm
23:47:21 INFO  : Checking for BSP changes to sync application flags for project 'fp_usb'...
23:47:23 INFO  : The hardware specification used by project 'fp_usb' is out of sync with the platform. Resource files extracted from the hardware specification will be updated.
23:47:23 INFO  : The file 'C:\385_Vivado_Projects\Final_Project\ECE-385-Final-Project\final_project_vitis\fp_usb\_ide\bitstream\mb_usb_hdmi_top.bit' stored in project is removed.
23:47:23 INFO  : The file 'C:\385_Vivado_Projects\Final_Project\ECE-385-Final-Project\final_project_vitis\fp_usb\_ide\bitstream\mb_usb_hdmi_top.mmi' stored in project is removed.
23:47:23 INFO  : The updated bitstream files are copied from platform to folder 'C:\385_Vivado_Projects\Final_Project\ECE-385-Final-Project\final_project_vitis\fp_usb\_ide\bitstream' in project 'fp_usb'.
23:47:27 INFO  : Connected to target on host '127.0.0.1' and port '3121'.
23:47:29 INFO  : Jtag cable 'RealDigital Boo 8874292301F6A' is selected.
23:47:29 INFO  : 'jtag frequency' command is executed.
23:47:29 INFO  : 'targets -set -filter {jtag_cable_name =~ "RealDigital Boo 8874292301F6A" && level==0 && jtag_device_ctx=="jsn1-0362f093-0"}' command is executed.
23:47:31 INFO  : Device configured successfully with "C:/385_Vivado_Projects/Final_Project/ECE-385-Final-Project/final_project_vitis/fp_usb/_ide/bitstream/mb_usb_hdmi_top.bit"
23:47:31 INFO  : Context for processor 'microblaze_0' is selected.
23:47:31 INFO  : Hardware design and registers information is loaded from 'C:/385_Vivado_Projects/Final_Project/ECE-385-Final-Project/final_project_vitis/mb_usb_hdmi_top/export/mb_usb_hdmi_top/hw/mb_usb_hdmi_top.xsa'.
23:47:31 INFO  : 'configparams mdm-detect-bscan-mask 2' command is executed.
23:47:31 INFO  : Context for processor 'microblaze_0' is selected.
23:47:31 INFO  : System reset is completed.
23:47:34 INFO  : 'after 3000' command is executed.
23:47:34 INFO  : Context for processor 'microblaze_0' is selected.
23:47:34 INFO  : The application 'C:/385_Vivado_Projects/Final_Project/ECE-385-Final-Project/final_project_vitis/fp_usb/Debug/fp_usb.elf' is downloaded to processor 'microblaze_0'.
23:47:34 INFO  : ----------------XSDB Script----------------
connect -url tcp:127.0.0.1:3121
targets -set -filter {jtag_cable_name =~ "RealDigital Boo 8874292301F6A" && level==0 && jtag_device_ctx=="jsn1-0362f093-0"}
fpga -file C:/385_Vivado_Projects/Final_Project/ECE-385-Final-Project/final_project_vitis/fp_usb/_ide/bitstream/mb_usb_hdmi_top.bit
targets -set -nocase -filter {name =~ "*microblaze*#0" && bscan=="USER2" }
loadhw -hw C:/385_Vivado_Projects/Final_Project/ECE-385-Final-Project/final_project_vitis/mb_usb_hdmi_top/export/mb_usb_hdmi_top/hw/mb_usb_hdmi_top.xsa -regs
configparams mdm-detect-bscan-mask 2
targets -set -nocase -filter {name =~ "*microblaze*#0" && bscan=="USER2" }
rst -system
after 3000
targets -set -nocase -filter {name =~ "*microblaze*#0" && bscan=="USER2" }
dow C:/385_Vivado_Projects/Final_Project/ECE-385-Final-Project/final_project_vitis/fp_usb/Debug/fp_usb.elf
----------------End of Script----------------

23:47:34 INFO  : Context for processor 'microblaze_0' is selected.
23:47:34 INFO  : 'con' command is executed.
23:47:34 INFO  : ----------------XSDB Script (After Launch)----------------
targets -set -nocase -filter {name =~ "*microblaze*#0" && bscan=="USER2" }
con
----------------End of Script----------------

23:47:34 INFO  : Disconnected from the channel tcfchan#4.
09:44:27 DEBUG : Logs will be stored at 'C:/385_Vivado_Projects/Final_Project/ECE-385-Final-Project/final_project_vitis/IDE.log'.
09:44:27 INFO  : Launching XSCT server: xsct.bat -n  -interactive C:\385_Vivado_Projects\Final_Project\ECE-385-Final-Project\final_project_vitis\temp_xsdb_launch_script.tcl
09:44:29 INFO  : Platform repository initialization has completed.
09:44:31 INFO  : Registering command handlers for Vitis TCF services
09:44:31 INFO  : XSCT server has started successfully.
09:44:34 INFO  : plnx-install-location is set to ''
09:44:34 INFO  : Successfully done setting XSCT server connection channel  
09:44:34 INFO  : Successfully done query RDI_DATADIR 
09:44:34 INFO  : Successfully done setting workspace for the tool. 
09:44:45 INFO  : Hardware specification for platform project 'mb_usb_hdmi_top' is updated.
09:45:01 INFO  : Result from executing command 'getProjects': mb_usb_hdmi_top
09:45:01 INFO  : Result from executing command 'getPlatforms': mb_usb_hdmi_top|C:/385_Vivado_Projects/Final_Project/ECE-385-Final-Project/final_project_vitis/mb_usb_hdmi_top/export/mb_usb_hdmi_top/mb_usb_hdmi_top.xpfm
09:45:01 INFO  : Checking for BSP changes to sync application flags for project 'fp_usb'...
09:45:04 INFO  : The hardware specification used by project 'fp_usb' is out of sync with the platform. Resource files extracted from the hardware specification will be updated.
09:45:04 INFO  : The file 'C:\385_Vivado_Projects\Final_Project\ECE-385-Final-Project\final_project_vitis\fp_usb\_ide\bitstream\mb_usb_hdmi_top.bit' stored in project is removed.
09:45:04 INFO  : The file 'C:\385_Vivado_Projects\Final_Project\ECE-385-Final-Project\final_project_vitis\fp_usb\_ide\bitstream\mb_usb_hdmi_top.mmi' stored in project is removed.
09:45:04 INFO  : The updated bitstream files are copied from platform to folder 'C:\385_Vivado_Projects\Final_Project\ECE-385-Final-Project\final_project_vitis\fp_usb\_ide\bitstream' in project 'fp_usb'.
09:45:25 INFO  : Connected to target on host '127.0.0.1' and port '3121'.
09:45:26 INFO  : Jtag cable 'RealDigital Boo 8874292301F6A' is selected.
09:45:26 INFO  : 'jtag frequency' command is executed.
09:45:26 INFO  : 'targets -set -filter {jtag_cable_name =~ "RealDigital Boo 8874292301F6A" && level==0 && jtag_device_ctx=="jsn1-0362f093-0"}' command is executed.
09:45:27 INFO  : Device configured successfully with "C:/385_Vivado_Projects/Final_Project/ECE-385-Final-Project/final_project_vitis/fp_usb/_ide/bitstream/mb_usb_hdmi_top.bit"
09:45:27 INFO  : Context for processor 'microblaze_0' is selected.
09:45:27 INFO  : Hardware design and registers information is loaded from 'C:/385_Vivado_Projects/Final_Project/ECE-385-Final-Project/final_project_vitis/mb_usb_hdmi_top/export/mb_usb_hdmi_top/hw/mb_usb_hdmi_top.xsa'.
09:45:27 INFO  : 'configparams mdm-detect-bscan-mask 2' command is executed.
09:45:27 INFO  : Context for processor 'microblaze_0' is selected.
09:45:27 INFO  : System reset is completed.
09:45:30 INFO  : 'after 3000' command is executed.
09:45:30 INFO  : Context for processor 'microblaze_0' is selected.
09:45:31 INFO  : The application 'C:/385_Vivado_Projects/Final_Project/ECE-385-Final-Project/final_project_vitis/fp_usb/Debug/fp_usb.elf' is downloaded to processor 'microblaze_0'.
09:45:31 INFO  : ----------------XSDB Script----------------
connect -url tcp:127.0.0.1:3121
targets -set -filter {jtag_cable_name =~ "RealDigital Boo 8874292301F6A" && level==0 && jtag_device_ctx=="jsn1-0362f093-0"}
fpga -file C:/385_Vivado_Projects/Final_Project/ECE-385-Final-Project/final_project_vitis/fp_usb/_ide/bitstream/mb_usb_hdmi_top.bit
targets -set -nocase -filter {name =~ "*microblaze*#0" && bscan=="USER2" }
loadhw -hw C:/385_Vivado_Projects/Final_Project/ECE-385-Final-Project/final_project_vitis/mb_usb_hdmi_top/export/mb_usb_hdmi_top/hw/mb_usb_hdmi_top.xsa -regs
configparams mdm-detect-bscan-mask 2
targets -set -nocase -filter {name =~ "*microblaze*#0" && bscan=="USER2" }
rst -system
after 3000
targets -set -nocase -filter {name =~ "*microblaze*#0" && bscan=="USER2" }
dow C:/385_Vivado_Projects/Final_Project/ECE-385-Final-Project/final_project_vitis/fp_usb/Debug/fp_usb.elf
----------------End of Script----------------

09:45:31 INFO  : Context for processor 'microblaze_0' is selected.
09:45:31 INFO  : 'con' command is executed.
09:45:31 INFO  : ----------------XSDB Script (After Launch)----------------
targets -set -nocase -filter {name =~ "*microblaze*#0" && bscan=="USER2" }
con
----------------End of Script----------------

09:45:31 INFO  : Disconnected from the channel tcfchan#2.
10:36:11 INFO  : Hardware specification for platform project 'mb_usb_hdmi_top' is updated.
10:36:26 INFO  : Result from executing command 'getProjects': mb_usb_hdmi_top
10:36:26 INFO  : Result from executing command 'getPlatforms': mb_usb_hdmi_top|C:/385_Vivado_Projects/Final_Project/ECE-385-Final-Project/final_project_vitis/mb_usb_hdmi_top/export/mb_usb_hdmi_top/mb_usb_hdmi_top.xpfm
10:36:26 INFO  : Checking for BSP changes to sync application flags for project 'fp_usb'...
10:36:28 INFO  : The hardware specification used by project 'fp_usb' is out of sync with the platform. Resource files extracted from the hardware specification will be updated.
10:36:28 INFO  : The file 'C:\385_Vivado_Projects\Final_Project\ECE-385-Final-Project\final_project_vitis\fp_usb\_ide\bitstream\mb_usb_hdmi_top.bit' stored in project is removed.
10:36:28 INFO  : The file 'C:\385_Vivado_Projects\Final_Project\ECE-385-Final-Project\final_project_vitis\fp_usb\_ide\bitstream\mb_usb_hdmi_top.mmi' stored in project is removed.
10:36:28 INFO  : The updated bitstream files are copied from platform to folder 'C:\385_Vivado_Projects\Final_Project\ECE-385-Final-Project\final_project_vitis\fp_usb\_ide\bitstream' in project 'fp_usb'.
10:36:48 INFO  : Connected to target on host '127.0.0.1' and port '3121'.
10:36:48 INFO  : Jtag cable 'RealDigital Boo 8874292301F6A' is selected.
10:36:48 INFO  : 'jtag frequency' command is executed.
10:36:48 INFO  : 'targets -set -filter {jtag_cable_name =~ "RealDigital Boo 8874292301F6A" && level==0 && jtag_device_ctx=="jsn1-0362f093-0"}' command is executed.
10:36:49 INFO  : Device configured successfully with "C:/385_Vivado_Projects/Final_Project/ECE-385-Final-Project/final_project_vitis/fp_usb/_ide/bitstream/mb_usb_hdmi_top.bit"
10:36:49 INFO  : Context for processor 'microblaze_0' is selected.
10:36:49 INFO  : Hardware design and registers information is loaded from 'C:/385_Vivado_Projects/Final_Project/ECE-385-Final-Project/final_project_vitis/mb_usb_hdmi_top/export/mb_usb_hdmi_top/hw/mb_usb_hdmi_top.xsa'.
10:36:49 INFO  : 'configparams mdm-detect-bscan-mask 2' command is executed.
10:36:49 INFO  : Context for processor 'microblaze_0' is selected.
10:36:49 INFO  : System reset is completed.
10:36:52 INFO  : 'after 3000' command is executed.
10:36:52 INFO  : Context for processor 'microblaze_0' is selected.
10:36:53 INFO  : The application 'C:/385_Vivado_Projects/Final_Project/ECE-385-Final-Project/final_project_vitis/fp_usb/Debug/fp_usb.elf' is downloaded to processor 'microblaze_0'.
10:36:53 INFO  : ----------------XSDB Script----------------
connect -url tcp:127.0.0.1:3121
targets -set -filter {jtag_cable_name =~ "RealDigital Boo 8874292301F6A" && level==0 && jtag_device_ctx=="jsn1-0362f093-0"}
fpga -file C:/385_Vivado_Projects/Final_Project/ECE-385-Final-Project/final_project_vitis/fp_usb/_ide/bitstream/mb_usb_hdmi_top.bit
targets -set -nocase -filter {name =~ "*microblaze*#0" && bscan=="USER2" }
loadhw -hw C:/385_Vivado_Projects/Final_Project/ECE-385-Final-Project/final_project_vitis/mb_usb_hdmi_top/export/mb_usb_hdmi_top/hw/mb_usb_hdmi_top.xsa -regs
configparams mdm-detect-bscan-mask 2
targets -set -nocase -filter {name =~ "*microblaze*#0" && bscan=="USER2" }
rst -system
after 3000
targets -set -nocase -filter {name =~ "*microblaze*#0" && bscan=="USER2" }
dow C:/385_Vivado_Projects/Final_Project/ECE-385-Final-Project/final_project_vitis/fp_usb/Debug/fp_usb.elf
----------------End of Script----------------

10:36:53 INFO  : Context for processor 'microblaze_0' is selected.
10:36:53 INFO  : 'con' command is executed.
10:36:53 INFO  : ----------------XSDB Script (After Launch)----------------
targets -set -nocase -filter {name =~ "*microblaze*#0" && bscan=="USER2" }
con
----------------End of Script----------------

10:36:53 INFO  : Disconnected from the channel tcfchan#4.
10:48:21 INFO  : Hardware specification for platform project 'mb_usb_hdmi_top' is updated.
10:48:33 INFO  : Result from executing command 'getProjects': mb_usb_hdmi_top
10:48:33 INFO  : Result from executing command 'getPlatforms': mb_usb_hdmi_top|C:/385_Vivado_Projects/Final_Project/ECE-385-Final-Project/final_project_vitis/mb_usb_hdmi_top/export/mb_usb_hdmi_top/mb_usb_hdmi_top.xpfm
10:48:33 INFO  : Checking for BSP changes to sync application flags for project 'fp_usb'...
10:48:35 INFO  : The hardware specification used by project 'fp_usb' is out of sync with the platform. Resource files extracted from the hardware specification will be updated.
10:48:35 INFO  : The file 'C:\385_Vivado_Projects\Final_Project\ECE-385-Final-Project\final_project_vitis\fp_usb\_ide\bitstream\mb_usb_hdmi_top.bit' stored in project is removed.
10:48:35 INFO  : The file 'C:\385_Vivado_Projects\Final_Project\ECE-385-Final-Project\final_project_vitis\fp_usb\_ide\bitstream\mb_usb_hdmi_top.mmi' stored in project is removed.
10:48:35 INFO  : The updated bitstream files are copied from platform to folder 'C:\385_Vivado_Projects\Final_Project\ECE-385-Final-Project\final_project_vitis\fp_usb\_ide\bitstream' in project 'fp_usb'.
10:49:56 INFO  : Connected to target on host '127.0.0.1' and port '3121'.
10:49:56 INFO  : Jtag cable 'RealDigital Boo 8874292301F6A' is selected.
10:49:56 INFO  : 'jtag frequency' command is executed.
10:49:57 INFO  : 'targets -set -filter {jtag_cable_name =~ "RealDigital Boo 8874292301F6A" && level==0 && jtag_device_ctx=="jsn1-0362f093-0"}' command is executed.
10:49:58 INFO  : Device configured successfully with "C:/385_Vivado_Projects/Final_Project/ECE-385-Final-Project/final_project_vitis/fp_usb/_ide/bitstream/mb_usb_hdmi_top.bit"
10:49:58 INFO  : Context for processor 'microblaze_0' is selected.
10:49:58 INFO  : Hardware design and registers information is loaded from 'C:/385_Vivado_Projects/Final_Project/ECE-385-Final-Project/final_project_vitis/mb_usb_hdmi_top/export/mb_usb_hdmi_top/hw/mb_usb_hdmi_top.xsa'.
10:49:58 INFO  : 'configparams mdm-detect-bscan-mask 2' command is executed.
10:49:58 INFO  : Context for processor 'microblaze_0' is selected.
10:49:58 INFO  : System reset is completed.
10:50:01 INFO  : 'after 3000' command is executed.
10:50:01 INFO  : Context for processor 'microblaze_0' is selected.
10:50:01 INFO  : The application 'C:/385_Vivado_Projects/Final_Project/ECE-385-Final-Project/final_project_vitis/fp_usb/Debug/fp_usb.elf' is downloaded to processor 'microblaze_0'.
10:50:01 INFO  : ----------------XSDB Script----------------
connect -url tcp:127.0.0.1:3121
targets -set -filter {jtag_cable_name =~ "RealDigital Boo 8874292301F6A" && level==0 && jtag_device_ctx=="jsn1-0362f093-0"}
fpga -file C:/385_Vivado_Projects/Final_Project/ECE-385-Final-Project/final_project_vitis/fp_usb/_ide/bitstream/mb_usb_hdmi_top.bit
targets -set -nocase -filter {name =~ "*microblaze*#0" && bscan=="USER2" }
loadhw -hw C:/385_Vivado_Projects/Final_Project/ECE-385-Final-Project/final_project_vitis/mb_usb_hdmi_top/export/mb_usb_hdmi_top/hw/mb_usb_hdmi_top.xsa -regs
configparams mdm-detect-bscan-mask 2
targets -set -nocase -filter {name =~ "*microblaze*#0" && bscan=="USER2" }
rst -system
after 3000
targets -set -nocase -filter {name =~ "*microblaze*#0" && bscan=="USER2" }
dow C:/385_Vivado_Projects/Final_Project/ECE-385-Final-Project/final_project_vitis/fp_usb/Debug/fp_usb.elf
----------------End of Script----------------

10:50:01 INFO  : Context for processor 'microblaze_0' is selected.
10:50:01 INFO  : 'con' command is executed.
10:50:01 INFO  : ----------------XSDB Script (After Launch)----------------
targets -set -nocase -filter {name =~ "*microblaze*#0" && bscan=="USER2" }
con
----------------End of Script----------------

10:50:01 INFO  : Disconnected from the channel tcfchan#6.
10:50:26 INFO  : Connected to target on host '127.0.0.1' and port '3121'.
10:50:27 INFO  : Jtag cable 'RealDigital Boo 8874292301F6A' is selected.
10:50:27 INFO  : 'jtag frequency' command is executed.
10:50:27 INFO  : 'targets -set -filter {jtag_cable_name =~ "RealDigital Boo 8874292301F6A" && level==0 && jtag_device_ctx=="jsn1-0362f093-0"}' command is executed.
10:50:28 INFO  : Device configured successfully with "C:/385_Vivado_Projects/Final_Project/ECE-385-Final-Project/final_project_vitis/fp_usb/_ide/bitstream/mb_usb_hdmi_top.bit"
10:50:28 INFO  : Context for processor 'microblaze_0' is selected.
10:50:28 INFO  : Hardware design and registers information is loaded from 'C:/385_Vivado_Projects/Final_Project/ECE-385-Final-Project/final_project_vitis/mb_usb_hdmi_top/export/mb_usb_hdmi_top/hw/mb_usb_hdmi_top.xsa'.
10:50:28 INFO  : 'configparams mdm-detect-bscan-mask 2' command is executed.
10:50:28 INFO  : Context for processor 'microblaze_0' is selected.
10:50:28 INFO  : System reset is completed.
10:50:31 INFO  : 'after 3000' command is executed.
10:50:31 INFO  : Context for processor 'microblaze_0' is selected.
10:50:31 INFO  : The application 'C:/385_Vivado_Projects/Final_Project/ECE-385-Final-Project/final_project_vitis/fp_usb/Debug/fp_usb.elf' is downloaded to processor 'microblaze_0'.
10:50:31 INFO  : ----------------XSDB Script----------------
connect -url tcp:127.0.0.1:3121
targets -set -filter {jtag_cable_name =~ "RealDigital Boo 8874292301F6A" && level==0 && jtag_device_ctx=="jsn1-0362f093-0"}
fpga -file C:/385_Vivado_Projects/Final_Project/ECE-385-Final-Project/final_project_vitis/fp_usb/_ide/bitstream/mb_usb_hdmi_top.bit
targets -set -nocase -filter {name =~ "*microblaze*#0" && bscan=="USER2" }
loadhw -hw C:/385_Vivado_Projects/Final_Project/ECE-385-Final-Project/final_project_vitis/mb_usb_hdmi_top/export/mb_usb_hdmi_top/hw/mb_usb_hdmi_top.xsa -regs
configparams mdm-detect-bscan-mask 2
targets -set -nocase -filter {name =~ "*microblaze*#0" && bscan=="USER2" }
rst -system
after 3000
targets -set -nocase -filter {name =~ "*microblaze*#0" && bscan=="USER2" }
dow C:/385_Vivado_Projects/Final_Project/ECE-385-Final-Project/final_project_vitis/fp_usb/Debug/fp_usb.elf
----------------End of Script----------------

10:50:31 INFO  : Context for processor 'microblaze_0' is selected.
10:50:31 INFO  : 'con' command is executed.
10:50:31 INFO  : ----------------XSDB Script (After Launch)----------------
targets -set -nocase -filter {name =~ "*microblaze*#0" && bscan=="USER2" }
con
----------------End of Script----------------

10:50:31 INFO  : Disconnected from the channel tcfchan#7.
11:07:40 INFO  : Hardware specification for platform project 'mb_usb_hdmi_top' is updated.
11:07:50 INFO  : Result from executing command 'getProjects': mb_usb_hdmi_top
11:07:50 INFO  : Result from executing command 'getPlatforms': mb_usb_hdmi_top|C:/385_Vivado_Projects/Final_Project/ECE-385-Final-Project/final_project_vitis/mb_usb_hdmi_top/export/mb_usb_hdmi_top/mb_usb_hdmi_top.xpfm
11:07:51 INFO  : Checking for BSP changes to sync application flags for project 'fp_usb'...
11:07:53 INFO  : The hardware specification used by project 'fp_usb' is out of sync with the platform. Resource files extracted from the hardware specification will be updated.
11:07:53 INFO  : The file 'C:\385_Vivado_Projects\Final_Project\ECE-385-Final-Project\final_project_vitis\fp_usb\_ide\bitstream\mb_usb_hdmi_top.bit' stored in project is removed.
11:07:53 INFO  : The file 'C:\385_Vivado_Projects\Final_Project\ECE-385-Final-Project\final_project_vitis\fp_usb\_ide\bitstream\mb_usb_hdmi_top.mmi' stored in project is removed.
11:07:53 INFO  : The updated bitstream files are copied from platform to folder 'C:\385_Vivado_Projects\Final_Project\ECE-385-Final-Project\final_project_vitis\fp_usb\_ide\bitstream' in project 'fp_usb'.
11:08:09 INFO  : Connected to target on host '127.0.0.1' and port '3121'.
11:08:15 INFO  : Jtag cable 'RealDigital Boo 8874292301F6A' is selected.
11:08:15 INFO  : 'jtag frequency' command is executed.
11:08:15 INFO  : 'targets -set -filter {jtag_cable_name =~ "RealDigital Boo 8874292301F6A" && level==0 && jtag_device_ctx=="jsn1-0362f093-0"}' command is executed.
11:08:16 INFO  : Device configured successfully with "C:/385_Vivado_Projects/Final_Project/ECE-385-Final-Project/final_project_vitis/fp_usb/_ide/bitstream/mb_usb_hdmi_top.bit"
11:08:16 INFO  : Context for processor 'microblaze_0' is selected.
11:08:16 INFO  : Hardware design and registers information is loaded from 'C:/385_Vivado_Projects/Final_Project/ECE-385-Final-Project/final_project_vitis/mb_usb_hdmi_top/export/mb_usb_hdmi_top/hw/mb_usb_hdmi_top.xsa'.
11:08:16 INFO  : 'configparams mdm-detect-bscan-mask 2' command is executed.
11:08:16 INFO  : Context for processor 'microblaze_0' is selected.
11:08:16 INFO  : System reset is completed.
11:08:19 INFO  : 'after 3000' command is executed.
11:08:19 INFO  : Context for processor 'microblaze_0' is selected.
11:08:19 INFO  : The application 'C:/385_Vivado_Projects/Final_Project/ECE-385-Final-Project/final_project_vitis/fp_usb/Debug/fp_usb.elf' is downloaded to processor 'microblaze_0'.
11:08:19 INFO  : ----------------XSDB Script----------------
connect -url tcp:127.0.0.1:3121
targets -set -filter {jtag_cable_name =~ "RealDigital Boo 8874292301F6A" && level==0 && jtag_device_ctx=="jsn1-0362f093-0"}
fpga -file C:/385_Vivado_Projects/Final_Project/ECE-385-Final-Project/final_project_vitis/fp_usb/_ide/bitstream/mb_usb_hdmi_top.bit
targets -set -nocase -filter {name =~ "*microblaze*#0" && bscan=="USER2" }
loadhw -hw C:/385_Vivado_Projects/Final_Project/ECE-385-Final-Project/final_project_vitis/mb_usb_hdmi_top/export/mb_usb_hdmi_top/hw/mb_usb_hdmi_top.xsa -regs
configparams mdm-detect-bscan-mask 2
targets -set -nocase -filter {name =~ "*microblaze*#0" && bscan=="USER2" }
rst -system
after 3000
targets -set -nocase -filter {name =~ "*microblaze*#0" && bscan=="USER2" }
dow C:/385_Vivado_Projects/Final_Project/ECE-385-Final-Project/final_project_vitis/fp_usb/Debug/fp_usb.elf
----------------End of Script----------------

11:08:19 INFO  : Context for processor 'microblaze_0' is selected.
11:08:19 INFO  : 'con' command is executed.
11:08:19 INFO  : ----------------XSDB Script (After Launch)----------------
targets -set -nocase -filter {name =~ "*microblaze*#0" && bscan=="USER2" }
con
----------------End of Script----------------

11:08:19 INFO  : Disconnected from the channel tcfchan#9.
13:49:39 INFO  : Hardware specification for platform project 'mb_usb_hdmi_top' is updated.
13:49:52 INFO  : Result from executing command 'getProjects': mb_usb_hdmi_top
13:49:52 INFO  : Result from executing command 'getPlatforms': mb_usb_hdmi_top|C:/385_Vivado_Projects/Final_Project/ECE-385-Final-Project/final_project_vitis/mb_usb_hdmi_top/export/mb_usb_hdmi_top/mb_usb_hdmi_top.xpfm
13:49:53 INFO  : Checking for BSP changes to sync application flags for project 'fp_usb'...
13:49:55 INFO  : The hardware specification used by project 'fp_usb' is out of sync with the platform. Resource files extracted from the hardware specification will be updated.
13:49:55 INFO  : The file 'C:\385_Vivado_Projects\Final_Project\ECE-385-Final-Project\final_project_vitis\fp_usb\_ide\bitstream\mb_usb_hdmi_top.bit' stored in project is removed.
13:49:55 INFO  : The file 'C:\385_Vivado_Projects\Final_Project\ECE-385-Final-Project\final_project_vitis\fp_usb\_ide\bitstream\mb_usb_hdmi_top.mmi' stored in project is removed.
13:49:55 INFO  : The updated bitstream files are copied from platform to folder 'C:\385_Vivado_Projects\Final_Project\ECE-385-Final-Project\final_project_vitis\fp_usb\_ide\bitstream' in project 'fp_usb'.
13:49:59 INFO  : Connected to target on host '127.0.0.1' and port '3121'.
13:49:59 INFO  : Jtag cable 'RealDigital Boo 8874292301F6A' is selected.
13:49:59 INFO  : 'jtag frequency' command is executed.
13:49:59 INFO  : 'targets -set -filter {jtag_cable_name =~ "RealDigital Boo 8874292301F6A" && level==0 && jtag_device_ctx=="jsn1-0362f093-0"}' command is executed.
13:50:01 INFO  : Device configured successfully with "C:/385_Vivado_Projects/Final_Project/ECE-385-Final-Project/final_project_vitis/fp_usb/_ide/bitstream/mb_usb_hdmi_top.bit"
13:50:01 INFO  : Context for processor 'microblaze_0' is selected.
13:50:01 INFO  : Hardware design and registers information is loaded from 'C:/385_Vivado_Projects/Final_Project/ECE-385-Final-Project/final_project_vitis/mb_usb_hdmi_top/export/mb_usb_hdmi_top/hw/mb_usb_hdmi_top.xsa'.
13:50:01 INFO  : 'configparams mdm-detect-bscan-mask 2' command is executed.
13:50:01 INFO  : Context for processor 'microblaze_0' is selected.
13:50:01 INFO  : System reset is completed.
13:50:04 INFO  : 'after 3000' command is executed.
13:50:04 INFO  : Context for processor 'microblaze_0' is selected.
13:50:04 INFO  : The application 'C:/385_Vivado_Projects/Final_Project/ECE-385-Final-Project/final_project_vitis/fp_usb/Debug/fp_usb.elf' is downloaded to processor 'microblaze_0'.
13:50:04 INFO  : ----------------XSDB Script----------------
connect -url tcp:127.0.0.1:3121
targets -set -filter {jtag_cable_name =~ "RealDigital Boo 8874292301F6A" && level==0 && jtag_device_ctx=="jsn1-0362f093-0"}
fpga -file C:/385_Vivado_Projects/Final_Project/ECE-385-Final-Project/final_project_vitis/fp_usb/_ide/bitstream/mb_usb_hdmi_top.bit
targets -set -nocase -filter {name =~ "*microblaze*#0" && bscan=="USER2" }
loadhw -hw C:/385_Vivado_Projects/Final_Project/ECE-385-Final-Project/final_project_vitis/mb_usb_hdmi_top/export/mb_usb_hdmi_top/hw/mb_usb_hdmi_top.xsa -regs
configparams mdm-detect-bscan-mask 2
targets -set -nocase -filter {name =~ "*microblaze*#0" && bscan=="USER2" }
rst -system
after 3000
targets -set -nocase -filter {name =~ "*microblaze*#0" && bscan=="USER2" }
dow C:/385_Vivado_Projects/Final_Project/ECE-385-Final-Project/final_project_vitis/fp_usb/Debug/fp_usb.elf
----------------End of Script----------------

13:50:04 INFO  : Context for processor 'microblaze_0' is selected.
13:50:04 INFO  : 'con' command is executed.
13:50:04 INFO  : ----------------XSDB Script (After Launch)----------------
targets -set -nocase -filter {name =~ "*microblaze*#0" && bscan=="USER2" }
con
----------------End of Script----------------

13:50:04 INFO  : Disconnected from the channel tcfchan#11.
13:55:34 INFO  : Connected to target on host '127.0.0.1' and port '3121'.
13:55:34 INFO  : Jtag cable 'RealDigital Boo 8874292301F6A' is selected.
13:55:34 INFO  : 'jtag frequency' command is executed.
13:55:34 INFO  : 'targets -set -filter {jtag_cable_name =~ "RealDigital Boo 8874292301F6A" && level==0 && jtag_device_ctx=="jsn1-0362f093-0"}' command is executed.
13:55:35 INFO  : Device configured successfully with "C:/385_Vivado_Projects/Final_Project/ECE-385-Final-Project/final_project_vitis/fp_usb/_ide/bitstream/mb_usb_hdmi_top.bit"
13:55:36 INFO  : Context for processor 'microblaze_0' is selected.
13:55:36 INFO  : Hardware design and registers information is loaded from 'C:/385_Vivado_Projects/Final_Project/ECE-385-Final-Project/final_project_vitis/mb_usb_hdmi_top/export/mb_usb_hdmi_top/hw/mb_usb_hdmi_top.xsa'.
13:55:36 INFO  : 'configparams mdm-detect-bscan-mask 2' command is executed.
13:55:36 INFO  : Context for processor 'microblaze_0' is selected.
13:55:36 INFO  : System reset is completed.
13:55:39 INFO  : 'after 3000' command is executed.
13:55:39 INFO  : Context for processor 'microblaze_0' is selected.
13:55:39 INFO  : The application 'C:/385_Vivado_Projects/Final_Project/ECE-385-Final-Project/final_project_vitis/fp_usb/Debug/fp_usb.elf' is downloaded to processor 'microblaze_0'.
13:55:39 INFO  : ----------------XSDB Script----------------
connect -url tcp:127.0.0.1:3121
targets -set -filter {jtag_cable_name =~ "RealDigital Boo 8874292301F6A" && level==0 && jtag_device_ctx=="jsn1-0362f093-0"}
fpga -file C:/385_Vivado_Projects/Final_Project/ECE-385-Final-Project/final_project_vitis/fp_usb/_ide/bitstream/mb_usb_hdmi_top.bit
targets -set -nocase -filter {name =~ "*microblaze*#0" && bscan=="USER2" }
loadhw -hw C:/385_Vivado_Projects/Final_Project/ECE-385-Final-Project/final_project_vitis/mb_usb_hdmi_top/export/mb_usb_hdmi_top/hw/mb_usb_hdmi_top.xsa -regs
configparams mdm-detect-bscan-mask 2
targets -set -nocase -filter {name =~ "*microblaze*#0" && bscan=="USER2" }
rst -system
after 3000
targets -set -nocase -filter {name =~ "*microblaze*#0" && bscan=="USER2" }
dow C:/385_Vivado_Projects/Final_Project/ECE-385-Final-Project/final_project_vitis/fp_usb/Debug/fp_usb.elf
----------------End of Script----------------

13:55:39 INFO  : Context for processor 'microblaze_0' is selected.
13:55:39 INFO  : 'con' command is executed.
13:55:39 INFO  : ----------------XSDB Script (After Launch)----------------
targets -set -nocase -filter {name =~ "*microblaze*#0" && bscan=="USER2" }
con
----------------End of Script----------------

13:55:39 INFO  : Disconnected from the channel tcfchan#12.
14:42:47 INFO  : Hardware specification for platform project 'mb_usb_hdmi_top' is updated.
14:42:57 INFO  : Result from executing command 'getProjects': mb_usb_hdmi_top
14:42:57 INFO  : Result from executing command 'getPlatforms': mb_usb_hdmi_top|C:/385_Vivado_Projects/Final_Project/ECE-385-Final-Project/final_project_vitis/mb_usb_hdmi_top/export/mb_usb_hdmi_top/mb_usb_hdmi_top.xpfm
14:42:57 INFO  : Checking for BSP changes to sync application flags for project 'fp_usb'...
14:42:59 INFO  : The hardware specification used by project 'fp_usb' is out of sync with the platform. Resource files extracted from the hardware specification will be updated.
14:42:59 INFO  : The file 'C:\385_Vivado_Projects\Final_Project\ECE-385-Final-Project\final_project_vitis\fp_usb\_ide\bitstream\mb_usb_hdmi_top.bit' stored in project is removed.
14:42:59 INFO  : The file 'C:\385_Vivado_Projects\Final_Project\ECE-385-Final-Project\final_project_vitis\fp_usb\_ide\bitstream\mb_usb_hdmi_top.mmi' stored in project is removed.
14:42:59 INFO  : The updated bitstream files are copied from platform to folder 'C:\385_Vivado_Projects\Final_Project\ECE-385-Final-Project\final_project_vitis\fp_usb\_ide\bitstream' in project 'fp_usb'.
14:43:31 INFO  : Connected to target on host '127.0.0.1' and port '3121'.
14:43:31 INFO  : Jtag cable 'RealDigital Boo 8874292301F6A' is selected.
14:43:31 INFO  : 'jtag frequency' command is executed.
14:43:31 INFO  : 'targets -set -filter {jtag_cable_name =~ "RealDigital Boo 8874292301F6A" && level==0 && jtag_device_ctx=="jsn1-0362f093-0"}' command is executed.
14:43:32 INFO  : Device configured successfully with "C:/385_Vivado_Projects/Final_Project/ECE-385-Final-Project/final_project_vitis/fp_usb/_ide/bitstream/mb_usb_hdmi_top.bit"
14:43:32 INFO  : Context for processor 'microblaze_0' is selected.
14:43:32 INFO  : Hardware design and registers information is loaded from 'C:/385_Vivado_Projects/Final_Project/ECE-385-Final-Project/final_project_vitis/mb_usb_hdmi_top/export/mb_usb_hdmi_top/hw/mb_usb_hdmi_top.xsa'.
14:43:32 INFO  : 'configparams mdm-detect-bscan-mask 2' command is executed.
14:43:32 INFO  : Context for processor 'microblaze_0' is selected.
14:43:32 INFO  : System reset is completed.
14:43:35 INFO  : 'after 3000' command is executed.
14:43:35 INFO  : Context for processor 'microblaze_0' is selected.
14:43:36 INFO  : The application 'C:/385_Vivado_Projects/Final_Project/ECE-385-Final-Project/final_project_vitis/fp_usb/Debug/fp_usb.elf' is downloaded to processor 'microblaze_0'.
14:43:36 INFO  : ----------------XSDB Script----------------
connect -url tcp:127.0.0.1:3121
targets -set -filter {jtag_cable_name =~ "RealDigital Boo 8874292301F6A" && level==0 && jtag_device_ctx=="jsn1-0362f093-0"}
fpga -file C:/385_Vivado_Projects/Final_Project/ECE-385-Final-Project/final_project_vitis/fp_usb/_ide/bitstream/mb_usb_hdmi_top.bit
targets -set -nocase -filter {name =~ "*microblaze*#0" && bscan=="USER2" }
loadhw -hw C:/385_Vivado_Projects/Final_Project/ECE-385-Final-Project/final_project_vitis/mb_usb_hdmi_top/export/mb_usb_hdmi_top/hw/mb_usb_hdmi_top.xsa -regs
configparams mdm-detect-bscan-mask 2
targets -set -nocase -filter {name =~ "*microblaze*#0" && bscan=="USER2" }
rst -system
after 3000
targets -set -nocase -filter {name =~ "*microblaze*#0" && bscan=="USER2" }
dow C:/385_Vivado_Projects/Final_Project/ECE-385-Final-Project/final_project_vitis/fp_usb/Debug/fp_usb.elf
----------------End of Script----------------

14:43:36 INFO  : Context for processor 'microblaze_0' is selected.
14:43:36 INFO  : 'con' command is executed.
14:43:36 INFO  : ----------------XSDB Script (After Launch)----------------
targets -set -nocase -filter {name =~ "*microblaze*#0" && bscan=="USER2" }
con
----------------End of Script----------------

14:43:36 INFO  : Disconnected from the channel tcfchan#14.
14:56:38 INFO  : Hardware specification for platform project 'mb_usb_hdmi_top' is updated.
14:56:50 INFO  : Result from executing command 'getProjects': mb_usb_hdmi_top
14:56:50 INFO  : Result from executing command 'getPlatforms': mb_usb_hdmi_top|C:/385_Vivado_Projects/Final_Project/ECE-385-Final-Project/final_project_vitis/mb_usb_hdmi_top/export/mb_usb_hdmi_top/mb_usb_hdmi_top.xpfm
14:56:50 INFO  : Checking for BSP changes to sync application flags for project 'fp_usb'...
14:56:52 INFO  : The hardware specification used by project 'fp_usb' is out of sync with the platform. Resource files extracted from the hardware specification will be updated.
14:56:52 INFO  : The file 'C:\385_Vivado_Projects\Final_Project\ECE-385-Final-Project\final_project_vitis\fp_usb\_ide\bitstream\mb_usb_hdmi_top.bit' stored in project is removed.
14:56:52 INFO  : The file 'C:\385_Vivado_Projects\Final_Project\ECE-385-Final-Project\final_project_vitis\fp_usb\_ide\bitstream\mb_usb_hdmi_top.mmi' stored in project is removed.
14:56:52 INFO  : The updated bitstream files are copied from platform to folder 'C:\385_Vivado_Projects\Final_Project\ECE-385-Final-Project\final_project_vitis\fp_usb\_ide\bitstream' in project 'fp_usb'.
