
*** Running vivado
    with args -log mb_usb_hdmi_top.vds -m64 -product Vivado -mode batch -messageDb vivado.pb -notrace -source mb_usb_hdmi_top.tcl



****** Vivado v2022.2 (64-bit)
  **** SW Build 3671981 on Fri Oct 14 05:00:03 MDT 2022
  **** IP Build 3669848 on Fri Oct 14 08:30:02 MDT 2022
    ** Copyright 1986-2022 Xilinx, Inc. All Rights Reserved.

source mb_usb_hdmi_top.tcl -notrace
INFO: [IP_Flow 19-234] Refreshing IP repositories
INFO: [IP_Flow 19-1700] Loaded user IP repository 'c:/385_Vivado_Projects/Final_Project/ECE-385-Final-Project/hdmi_tx_1.0'.
INFO: [IP_Flow 19-2313] Loaded Vivado IP repository 'C:/Vivado/2022.2/data/ip'.
WARNING: [IP_Flow 19-4995] The host OS only allows 260 characters in a normal path. The IP cache path is more than 80 characters. If you experience issues with IP caching, please consider changing the IP cache to a location with a shorter path. Alternately consider using the OS subst command to map part of the path to a drive letter. 
Current IP cache path is c:/385_Vivado_Projects/Final_Project/ECE-385-Final-Project/goose_hunt/goose_hunt.cache/ip 
Command: read_checkpoint -auto_incremental -incremental C:/385_Vivado_Projects/Final_Project/ECE-385-Final-Project/goose_hunt/goose_hunt.srcs/utils_1/imports/synth_1/mb_usb_hdmi_top.dcp
INFO: [Vivado 12-5825] Read reference checkpoint from C:/385_Vivado_Projects/Final_Project/ECE-385-Final-Project/goose_hunt/goose_hunt.srcs/utils_1/imports/synth_1/mb_usb_hdmi_top.dcp for incremental synthesis
INFO: [Vivado 12-7989] Please ensure there are no constraint changes
Command: synth_design -top mb_usb_hdmi_top -part xc7s50csga324-1
Starting synth_design
Attempting to get a license for feature 'Synthesis' and/or device 'xc7s50'
INFO: [Common 17-349] Got license for feature 'Synthesis' and/or device 'xc7s50'
INFO: [Device 21-403] Loading part xc7s50csga324-1
INFO: [Designutils 20-5440] No compile time benefit to using incremental synthesis; A full resynthesis will be run
INFO: [Designutils 20-4379] Flow is switching to default flow due to incremental criteria not met. If you would like to alter this behaviour and have the flow terminate instead, please set the following parameter config_implementation {autoIncr.Synth.RejectBehavior Terminate}
INFO: [Synth 8-7079] Multithreading enabled for synth_design using a maximum of 2 processes.
INFO: [Synth 8-7078] Launching helper process for spawning children vivado processes
INFO: [Synth 8-7075] Helper process launched with PID 11336
INFO: [Synth 8-11241] undeclared symbol 'REGCCE', assumed default net type 'wire' [C:/Vivado/2022.2/data/verilog/src/unimacro/BRAM_SINGLE_MACRO.v:2170]
INFO: [Synth 8-11241] undeclared symbol 'DistY', assumed default net type 'wire' [C:/385_Vivado_Projects/Final_Project/ECE-385-Final-Project/goose_hunt/goose_hunt.srcs/sources_1/imports/design_source/Color_Mapper.sv:418]
---------------------------------------------------------------------------------
Starting RTL Elaboration : Time (s): cpu = 00:00:07 ; elapsed = 00:00:08 . Memory (MB): peak = 1228.113 ; gain = 407.672
---------------------------------------------------------------------------------
INFO: [Synth 8-6157] synthesizing module 'mb_usb_hdmi_top' [C:/385_Vivado_Projects/Final_Project/ECE-385-Final-Project/goose_hunt/goose_hunt.srcs/sources_1/imports/design_source/mb_usb_hdmi_top.sv:14]
INFO: [Synth 8-6157] synthesizing module 'negedge_detector' [C:/385_Vivado_Projects/Final_Project/ECE-385-Final-Project/goose_hunt/goose_hunt.srcs/sources_1/imports/385_Vivado_Projects/negedge_detector.sv:1]
INFO: [Synth 8-6155] done synthesizing module 'negedge_detector' (0#1) [C:/385_Vivado_Projects/Final_Project/ECE-385-Final-Project/goose_hunt/goose_hunt.srcs/sources_1/imports/385_Vivado_Projects/negedge_detector.sv:1]
INFO: [Synth 8-6157] synthesizing module 'hex_driver' [C:/385_Vivado_Projects/Final_Project/ECE-385-Final-Project/goose_hunt/goose_hunt.srcs/sources_1/imports/design_source/hex_driver.sv:1]
INFO: [Synth 8-6157] synthesizing module 'nibble_to_hex' [C:/385_Vivado_Projects/Final_Project/ECE-385-Final-Project/goose_hunt/goose_hunt.srcs/sources_1/imports/design_source/hex_driver.sv:11]
INFO: [Synth 8-6155] done synthesizing module 'nibble_to_hex' (0#1) [C:/385_Vivado_Projects/Final_Project/ECE-385-Final-Project/goose_hunt/goose_hunt.srcs/sources_1/imports/design_source/hex_driver.sv:11]
INFO: [Synth 8-6157] synthesizing module 'nibble_to_hex' [C:/385_Vivado_Projects/Final_Project/ECE-385-Final-Project/goose_hunt/goose_hunt.srcs/sources_1/imports/design_source/hex_driver.sv:11]
INFO: [Synth 8-6155] done synthesizing module 'nibble_to_hex' (0#1) [C:/385_Vivado_Projects/Final_Project/ECE-385-Final-Project/goose_hunt/goose_hunt.srcs/sources_1/imports/design_source/hex_driver.sv:11]
INFO: [Synth 8-6157] synthesizing module 'nibble_to_hex' [C:/385_Vivado_Projects/Final_Project/ECE-385-Final-Project/goose_hunt/goose_hunt.srcs/sources_1/imports/design_source/hex_driver.sv:11]
INFO: [Synth 8-6155] done synthesizing module 'nibble_to_hex' (0#1) [C:/385_Vivado_Projects/Final_Project/ECE-385-Final-Project/goose_hunt/goose_hunt.srcs/sources_1/imports/design_source/hex_driver.sv:11]
INFO: [Synth 8-6157] synthesizing module 'nibble_to_hex' [C:/385_Vivado_Projects/Final_Project/ECE-385-Final-Project/goose_hunt/goose_hunt.srcs/sources_1/imports/design_source/hex_driver.sv:11]
INFO: [Synth 8-6155] done synthesizing module 'nibble_to_hex' (0#1) [C:/385_Vivado_Projects/Final_Project/ECE-385-Final-Project/goose_hunt/goose_hunt.srcs/sources_1/imports/design_source/hex_driver.sv:11]
INFO: [Synth 8-6155] done synthesizing module 'hex_driver' (0#1) [C:/385_Vivado_Projects/Final_Project/ECE-385-Final-Project/goose_hunt/goose_hunt.srcs/sources_1/imports/design_source/hex_driver.sv:1]
INFO: [Synth 8-6157] synthesizing module 'lfsr' [C:/385_Vivado_Projects/Final_Project/ECE-385-Final-Project/goose_hunt/goose_hunt.srcs/sources_1/new/lfsr.sv:23]
INFO: [Synth 8-6155] done synthesizing module 'lfsr' (0#1) [C:/385_Vivado_Projects/Final_Project/ECE-385-Final-Project/goose_hunt/goose_hunt.srcs/sources_1/new/lfsr.sv:23]
INFO: [Synth 8-6157] synthesizing module 'mb_block' [c:/385_Vivado_Projects/Final_Project/ECE-385-Final-Project/goose_hunt/goose_hunt.gen/sources_1/bd/mb_block/synth/mb_block.v:936]
INFO: [Synth 8-6157] synthesizing module 'mb_block_axi_uartlite_0_0' [C:/385_Vivado_Projects/Final_Project/ECE-385-Final-Project/goose_hunt/goose_hunt.runs/synth_1/.Xil/Vivado-47504-DESKTOP-0EC8M3E/realtime/mb_block_axi_uartlite_0_0_stub.v:5]
INFO: [Synth 8-6155] done synthesizing module 'mb_block_axi_uartlite_0_0' (0#1) [C:/385_Vivado_Projects/Final_Project/ECE-385-Final-Project/goose_hunt/goose_hunt.runs/synth_1/.Xil/Vivado-47504-DESKTOP-0EC8M3E/realtime/mb_block_axi_uartlite_0_0_stub.v:5]
INFO: [Synth 8-6157] synthesizing module 'mb_block_clk_wiz_1_0' [C:/385_Vivado_Projects/Final_Project/ECE-385-Final-Project/goose_hunt/goose_hunt.runs/synth_1/.Xil/Vivado-47504-DESKTOP-0EC8M3E/realtime/mb_block_clk_wiz_1_0_stub.v:5]
INFO: [Synth 8-6155] done synthesizing module 'mb_block_clk_wiz_1_0' (0#1) [C:/385_Vivado_Projects/Final_Project/ECE-385-Final-Project/goose_hunt/goose_hunt.runs/synth_1/.Xil/Vivado-47504-DESKTOP-0EC8M3E/realtime/mb_block_clk_wiz_1_0_stub.v:5]
INFO: [Synth 8-6157] synthesizing module 'mb_block_axi_gpio_0_1' [C:/385_Vivado_Projects/Final_Project/ECE-385-Final-Project/goose_hunt/goose_hunt.runs/synth_1/.Xil/Vivado-47504-DESKTOP-0EC8M3E/realtime/mb_block_axi_gpio_0_1_stub.v:5]
INFO: [Synth 8-6155] done synthesizing module 'mb_block_axi_gpio_0_1' (0#1) [C:/385_Vivado_Projects/Final_Project/ECE-385-Final-Project/goose_hunt/goose_hunt.runs/synth_1/.Xil/Vivado-47504-DESKTOP-0EC8M3E/realtime/mb_block_axi_gpio_0_1_stub.v:5]
INFO: [Synth 8-6157] synthesizing module 'mb_block_axi_gpio_0_2' [C:/385_Vivado_Projects/Final_Project/ECE-385-Final-Project/goose_hunt/goose_hunt.runs/synth_1/.Xil/Vivado-47504-DESKTOP-0EC8M3E/realtime/mb_block_axi_gpio_0_2_stub.v:5]
INFO: [Synth 8-6155] done synthesizing module 'mb_block_axi_gpio_0_2' (0#1) [C:/385_Vivado_Projects/Final_Project/ECE-385-Final-Project/goose_hunt/goose_hunt.runs/synth_1/.Xil/Vivado-47504-DESKTOP-0EC8M3E/realtime/mb_block_axi_gpio_0_2_stub.v:5]
INFO: [Synth 8-6157] synthesizing module 'mb_block_axi_gpio_0_0' [C:/385_Vivado_Projects/Final_Project/ECE-385-Final-Project/goose_hunt/goose_hunt.runs/synth_1/.Xil/Vivado-47504-DESKTOP-0EC8M3E/realtime/mb_block_axi_gpio_0_0_stub.v:5]
INFO: [Synth 8-6155] done synthesizing module 'mb_block_axi_gpio_0_0' (0#1) [C:/385_Vivado_Projects/Final_Project/ECE-385-Final-Project/goose_hunt/goose_hunt.runs/synth_1/.Xil/Vivado-47504-DESKTOP-0EC8M3E/realtime/mb_block_axi_gpio_0_0_stub.v:5]
INFO: [Synth 8-6157] synthesizing module 'mb_block_mdm_1_0' [C:/385_Vivado_Projects/Final_Project/ECE-385-Final-Project/goose_hunt/goose_hunt.runs/synth_1/.Xil/Vivado-47504-DESKTOP-0EC8M3E/realtime/mb_block_mdm_1_0_stub.v:5]
INFO: [Synth 8-6155] done synthesizing module 'mb_block_mdm_1_0' (0#1) [C:/385_Vivado_Projects/Final_Project/ECE-385-Final-Project/goose_hunt/goose_hunt.runs/synth_1/.Xil/Vivado-47504-DESKTOP-0EC8M3E/realtime/mb_block_mdm_1_0_stub.v:5]
INFO: [Synth 8-6157] synthesizing module 'mb_block_microblaze_0_0' [C:/385_Vivado_Projects/Final_Project/ECE-385-Final-Project/goose_hunt/goose_hunt.runs/synth_1/.Xil/Vivado-47504-DESKTOP-0EC8M3E/realtime/mb_block_microblaze_0_0_stub.v:5]
INFO: [Synth 8-6155] done synthesizing module 'mb_block_microblaze_0_0' (0#1) [C:/385_Vivado_Projects/Final_Project/ECE-385-Final-Project/goose_hunt/goose_hunt.runs/synth_1/.Xil/Vivado-47504-DESKTOP-0EC8M3E/realtime/mb_block_microblaze_0_0_stub.v:5]
INFO: [Synth 8-6157] synthesizing module 'mb_block_microblaze_0_axi_intc_0' [C:/385_Vivado_Projects/Final_Project/ECE-385-Final-Project/goose_hunt/goose_hunt.runs/synth_1/.Xil/Vivado-47504-DESKTOP-0EC8M3E/realtime/mb_block_microblaze_0_axi_intc_0_stub.v:5]
INFO: [Synth 8-6155] done synthesizing module 'mb_block_microblaze_0_axi_intc_0' (0#1) [C:/385_Vivado_Projects/Final_Project/ECE-385-Final-Project/goose_hunt/goose_hunt.runs/synth_1/.Xil/Vivado-47504-DESKTOP-0EC8M3E/realtime/mb_block_microblaze_0_axi_intc_0_stub.v:5]
INFO: [Synth 8-6157] synthesizing module 'mb_block_microblaze_0_axi_periph_0' [c:/385_Vivado_Projects/Final_Project/ECE-385-Final-Project/goose_hunt/goose_hunt.gen/sources_1/bd/mb_block/synth/mb_block.v:1602]
INFO: [Synth 8-6157] synthesizing module 'm00_couplers_imp_1TK4492' [c:/385_Vivado_Projects/Final_Project/ECE-385-Final-Project/goose_hunt/goose_hunt.gen/sources_1/bd/mb_block/synth/mb_block.v:12]
INFO: [Synth 8-6155] done synthesizing module 'm00_couplers_imp_1TK4492' (0#1) [c:/385_Vivado_Projects/Final_Project/ECE-385-Final-Project/goose_hunt/goose_hunt.gen/sources_1/bd/mb_block/synth/mb_block.v:12]
INFO: [Synth 8-6157] synthesizing module 'm01_couplers_imp_UT2LJ' [c:/385_Vivado_Projects/Final_Project/ECE-385-Final-Project/goose_hunt/goose_hunt.gen/sources_1/bd/mb_block/synth/mb_block.v:144]
INFO: [Synth 8-6155] done synthesizing module 'm01_couplers_imp_UT2LJ' (0#1) [c:/385_Vivado_Projects/Final_Project/ECE-385-Final-Project/goose_hunt/goose_hunt.gen/sources_1/bd/mb_block/synth/mb_block.v:144]
INFO: [Synth 8-6157] synthesizing module 'm02_couplers_imp_1ST4AV9' [c:/385_Vivado_Projects/Final_Project/ECE-385-Final-Project/goose_hunt/goose_hunt.gen/sources_1/bd/mb_block/synth/mb_block.v:276]
INFO: [Synth 8-6155] done synthesizing module 'm02_couplers_imp_1ST4AV9' (0#1) [c:/385_Vivado_Projects/Final_Project/ECE-385-Final-Project/goose_hunt/goose_hunt.gen/sources_1/bd/mb_block/synth/mb_block.v:276]
INFO: [Synth 8-6157] synthesizing module 'm03_couplers_imp_1VI1NO' [c:/385_Vivado_Projects/Final_Project/ECE-385-Final-Project/goose_hunt/goose_hunt.gen/sources_1/bd/mb_block/synth/mb_block.v:408]
INFO: [Synth 8-6155] done synthesizing module 'm03_couplers_imp_1VI1NO' (0#1) [c:/385_Vivado_Projects/Final_Project/ECE-385-Final-Project/goose_hunt/goose_hunt.gen/sources_1/bd/mb_block/synth/mb_block.v:408]
INFO: [Synth 8-6157] synthesizing module 'm04_couplers_imp_1SCR8U8' [c:/385_Vivado_Projects/Final_Project/ECE-385-Final-Project/goose_hunt/goose_hunt.gen/sources_1/bd/mb_block/synth/mb_block.v:540]
INFO: [Synth 8-6155] done synthesizing module 'm04_couplers_imp_1SCR8U8' (0#1) [c:/385_Vivado_Projects/Final_Project/ECE-385-Final-Project/goose_hunt/goose_hunt.gen/sources_1/bd/mb_block/synth/mb_block.v:540]
INFO: [Synth 8-6157] synthesizing module 'm05_couplers_imp_2FAMHT' [c:/385_Vivado_Projects/Final_Project/ECE-385-Final-Project/goose_hunt/goose_hunt.gen/sources_1/bd/mb_block/synth/mb_block.v:672]
INFO: [Synth 8-6155] done synthesizing module 'm05_couplers_imp_2FAMHT' (0#1) [c:/385_Vivado_Projects/Final_Project/ECE-385-Final-Project/goose_hunt/goose_hunt.gen/sources_1/bd/mb_block/synth/mb_block.v:672]
INFO: [Synth 8-6157] synthesizing module 'm06_couplers_imp_1QRRYF7' [c:/385_Vivado_Projects/Final_Project/ECE-385-Final-Project/goose_hunt/goose_hunt.gen/sources_1/bd/mb_block/synth/mb_block.v:804]
INFO: [Synth 8-6155] done synthesizing module 'm06_couplers_imp_1QRRYF7' (0#1) [c:/385_Vivado_Projects/Final_Project/ECE-385-Final-Project/goose_hunt/goose_hunt.gen/sources_1/bd/mb_block/synth/mb_block.v:804]
INFO: [Synth 8-6157] synthesizing module 's00_couplers_imp_5YIJ0K' [c:/385_Vivado_Projects/Final_Project/ECE-385-Final-Project/goose_hunt/goose_hunt.gen/sources_1/bd/mb_block/synth/mb_block.v:2926]
INFO: [Synth 8-6155] done synthesizing module 's00_couplers_imp_5YIJ0K' (0#1) [c:/385_Vivado_Projects/Final_Project/ECE-385-Final-Project/goose_hunt/goose_hunt.gen/sources_1/bd/mb_block/synth/mb_block.v:2926]
INFO: [Synth 8-6157] synthesizing module 'mb_block_xbar_0' [C:/385_Vivado_Projects/Final_Project/ECE-385-Final-Project/goose_hunt/goose_hunt.runs/synth_1/.Xil/Vivado-47504-DESKTOP-0EC8M3E/realtime/mb_block_xbar_0_stub.v:5]
INFO: [Synth 8-6155] done synthesizing module 'mb_block_xbar_0' (0#1) [C:/385_Vivado_Projects/Final_Project/ECE-385-Final-Project/goose_hunt/goose_hunt.runs/synth_1/.Xil/Vivado-47504-DESKTOP-0EC8M3E/realtime/mb_block_xbar_0_stub.v:5]
WARNING: [Synth 8-7071] port 'm_axi_awprot' of module 'mb_block_xbar_0' is unconnected for instance 'xbar' [c:/385_Vivado_Projects/Final_Project/ECE-385-Final-Project/goose_hunt/goose_hunt.gen/sources_1/bd/mb_block/synth/mb_block.v:2651]
WARNING: [Synth 8-7071] port 'm_axi_arprot' of module 'mb_block_xbar_0' is unconnected for instance 'xbar' [c:/385_Vivado_Projects/Final_Project/ECE-385-Final-Project/goose_hunt/goose_hunt.gen/sources_1/bd/mb_block/synth/mb_block.v:2651]
WARNING: [Synth 8-7023] instance 'xbar' of module 'mb_block_xbar_0' has 40 connections declared, but only 38 given [c:/385_Vivado_Projects/Final_Project/ECE-385-Final-Project/goose_hunt/goose_hunt.gen/sources_1/bd/mb_block/synth/mb_block.v:2651]
INFO: [Synth 8-6155] done synthesizing module 'mb_block_microblaze_0_axi_periph_0' (0#1) [c:/385_Vivado_Projects/Final_Project/ECE-385-Final-Project/goose_hunt/goose_hunt.gen/sources_1/bd/mb_block/synth/mb_block.v:1602]
INFO: [Synth 8-6157] synthesizing module 'microblaze_0_local_memory_imp_G5BFEQ' [c:/385_Vivado_Projects/Final_Project/ECE-385-Final-Project/goose_hunt/goose_hunt.gen/sources_1/bd/mb_block/synth/mb_block.v:2692]
INFO: [Synth 8-6157] synthesizing module 'mb_block_dlmb_bram_if_cntlr_0' [C:/385_Vivado_Projects/Final_Project/ECE-385-Final-Project/goose_hunt/goose_hunt.runs/synth_1/.Xil/Vivado-47504-DESKTOP-0EC8M3E/realtime/mb_block_dlmb_bram_if_cntlr_0_stub.v:5]
INFO: [Synth 8-6155] done synthesizing module 'mb_block_dlmb_bram_if_cntlr_0' (0#1) [C:/385_Vivado_Projects/Final_Project/ECE-385-Final-Project/goose_hunt/goose_hunt.runs/synth_1/.Xil/Vivado-47504-DESKTOP-0EC8M3E/realtime/mb_block_dlmb_bram_if_cntlr_0_stub.v:5]
INFO: [Synth 8-6157] synthesizing module 'mb_block_dlmb_v10_0' [C:/385_Vivado_Projects/Final_Project/ECE-385-Final-Project/goose_hunt/goose_hunt.runs/synth_1/.Xil/Vivado-47504-DESKTOP-0EC8M3E/realtime/mb_block_dlmb_v10_0_stub.v:5]
INFO: [Synth 8-6155] done synthesizing module 'mb_block_dlmb_v10_0' (0#1) [C:/385_Vivado_Projects/Final_Project/ECE-385-Final-Project/goose_hunt/goose_hunt.runs/synth_1/.Xil/Vivado-47504-DESKTOP-0EC8M3E/realtime/mb_block_dlmb_v10_0_stub.v:5]
WARNING: [Synth 8-7071] port 'LMB_Rst' of module 'mb_block_dlmb_v10_0' is unconnected for instance 'dlmb_v10' [c:/385_Vivado_Projects/Final_Project/ECE-385-Final-Project/goose_hunt/goose_hunt.gen/sources_1/bd/mb_block/synth/mb_block.v:2838]
WARNING: [Synth 8-7023] instance 'dlmb_v10' of module 'mb_block_dlmb_v10_0' has 25 connections declared, but only 24 given [c:/385_Vivado_Projects/Final_Project/ECE-385-Final-Project/goose_hunt/goose_hunt.gen/sources_1/bd/mb_block/synth/mb_block.v:2838]
INFO: [Synth 8-6157] synthesizing module 'mb_block_ilmb_bram_if_cntlr_0' [C:/385_Vivado_Projects/Final_Project/ECE-385-Final-Project/goose_hunt/goose_hunt.runs/synth_1/.Xil/Vivado-47504-DESKTOP-0EC8M3E/realtime/mb_block_ilmb_bram_if_cntlr_0_stub.v:5]
INFO: [Synth 8-6155] done synthesizing module 'mb_block_ilmb_bram_if_cntlr_0' (0#1) [C:/385_Vivado_Projects/Final_Project/ECE-385-Final-Project/goose_hunt/goose_hunt.runs/synth_1/.Xil/Vivado-47504-DESKTOP-0EC8M3E/realtime/mb_block_ilmb_bram_if_cntlr_0_stub.v:5]
INFO: [Synth 8-6157] synthesizing module 'mb_block_ilmb_v10_0' [C:/385_Vivado_Projects/Final_Project/ECE-385-Final-Project/goose_hunt/goose_hunt.runs/synth_1/.Xil/Vivado-47504-DESKTOP-0EC8M3E/realtime/mb_block_ilmb_v10_0_stub.v:5]
INFO: [Synth 8-6155] done synthesizing module 'mb_block_ilmb_v10_0' (0#1) [C:/385_Vivado_Projects/Final_Project/ECE-385-Final-Project/goose_hunt/goose_hunt.runs/synth_1/.Xil/Vivado-47504-DESKTOP-0EC8M3E/realtime/mb_block_ilmb_v10_0_stub.v:5]
WARNING: [Synth 8-7071] port 'LMB_Rst' of module 'mb_block_ilmb_v10_0' is unconnected for instance 'ilmb_v10' [c:/385_Vivado_Projects/Final_Project/ECE-385-Final-Project/goose_hunt/goose_hunt.gen/sources_1/bd/mb_block/synth/mb_block.v:2884]
WARNING: [Synth 8-7023] instance 'ilmb_v10' of module 'mb_block_ilmb_v10_0' has 25 connections declared, but only 24 given [c:/385_Vivado_Projects/Final_Project/ECE-385-Final-Project/goose_hunt/goose_hunt.gen/sources_1/bd/mb_block/synth/mb_block.v:2884]
INFO: [Synth 8-6157] synthesizing module 'mb_block_lmb_bram_0' [C:/385_Vivado_Projects/Final_Project/ECE-385-Final-Project/goose_hunt/goose_hunt.runs/synth_1/.Xil/Vivado-47504-DESKTOP-0EC8M3E/realtime/mb_block_lmb_bram_0_stub.v:5]
INFO: [Synth 8-6155] done synthesizing module 'mb_block_lmb_bram_0' (0#1) [C:/385_Vivado_Projects/Final_Project/ECE-385-Final-Project/goose_hunt/goose_hunt.runs/synth_1/.Xil/Vivado-47504-DESKTOP-0EC8M3E/realtime/mb_block_lmb_bram_0_stub.v:5]
WARNING: [Synth 8-7071] port 'rsta_busy' of module 'mb_block_lmb_bram_0' is unconnected for instance 'lmb_bram' [c:/385_Vivado_Projects/Final_Project/ECE-385-Final-Project/goose_hunt/goose_hunt.gen/sources_1/bd/mb_block/synth/mb_block.v:2909]
WARNING: [Synth 8-7071] port 'rstb_busy' of module 'mb_block_lmb_bram_0' is unconnected for instance 'lmb_bram' [c:/385_Vivado_Projects/Final_Project/ECE-385-Final-Project/goose_hunt/goose_hunt.gen/sources_1/bd/mb_block/synth/mb_block.v:2909]
WARNING: [Synth 8-7023] instance 'lmb_bram' of module 'mb_block_lmb_bram_0' has 16 connections declared, but only 14 given [c:/385_Vivado_Projects/Final_Project/ECE-385-Final-Project/goose_hunt/goose_hunt.gen/sources_1/bd/mb_block/synth/mb_block.v:2909]
INFO: [Synth 8-6155] done synthesizing module 'microblaze_0_local_memory_imp_G5BFEQ' (0#1) [c:/385_Vivado_Projects/Final_Project/ECE-385-Final-Project/goose_hunt/goose_hunt.gen/sources_1/bd/mb_block/synth/mb_block.v:2692]
INFO: [Synth 8-6157] synthesizing module 'mb_block_rst_clk_wiz_1_100M_0' [C:/385_Vivado_Projects/Final_Project/ECE-385-Final-Project/goose_hunt/goose_hunt.runs/synth_1/.Xil/Vivado-47504-DESKTOP-0EC8M3E/realtime/mb_block_rst_clk_wiz_1_100M_0_stub.v:5]
INFO: [Synth 8-6155] done synthesizing module 'mb_block_rst_clk_wiz_1_100M_0' (0#1) [C:/385_Vivado_Projects/Final_Project/ECE-385-Final-Project/goose_hunt/goose_hunt.runs/synth_1/.Xil/Vivado-47504-DESKTOP-0EC8M3E/realtime/mb_block_rst_clk_wiz_1_100M_0_stub.v:5]
WARNING: [Synth 8-7071] port 'peripheral_reset' of module 'mb_block_rst_clk_wiz_1_100M_0' is unconnected for instance 'rst_clk_wiz_1_100M' [c:/385_Vivado_Projects/Final_Project/ECE-385-Final-Project/goose_hunt/goose_hunt.gen/sources_1/bd/mb_block/synth/mb_block.v:1532]
WARNING: [Synth 8-7071] port 'interconnect_aresetn' of module 'mb_block_rst_clk_wiz_1_100M_0' is unconnected for instance 'rst_clk_wiz_1_100M' [c:/385_Vivado_Projects/Final_Project/ECE-385-Final-Project/goose_hunt/goose_hunt.gen/sources_1/bd/mb_block/synth/mb_block.v:1532]
WARNING: [Synth 8-7023] instance 'rst_clk_wiz_1_100M' of module 'mb_block_rst_clk_wiz_1_100M_0' has 10 connections declared, but only 8 given [c:/385_Vivado_Projects/Final_Project/ECE-385-Final-Project/goose_hunt/goose_hunt.gen/sources_1/bd/mb_block/synth/mb_block.v:1532]
INFO: [Synth 8-6157] synthesizing module 'mb_block_axi_quad_spi_0_0' [C:/385_Vivado_Projects/Final_Project/ECE-385-Final-Project/goose_hunt/goose_hunt.runs/synth_1/.Xil/Vivado-47504-DESKTOP-0EC8M3E/realtime/mb_block_axi_quad_spi_0_0_stub.v:5]
INFO: [Synth 8-6155] done synthesizing module 'mb_block_axi_quad_spi_0_0' (0#1) [C:/385_Vivado_Projects/Final_Project/ECE-385-Final-Project/goose_hunt/goose_hunt.runs/synth_1/.Xil/Vivado-47504-DESKTOP-0EC8M3E/realtime/mb_block_axi_quad_spi_0_0_stub.v:5]
WARNING: [Synth 8-7071] port 'io0_t' of module 'mb_block_axi_quad_spi_0_0' is unconnected for instance 'spi_usb' [c:/385_Vivado_Projects/Final_Project/ECE-385-Final-Project/goose_hunt/goose_hunt.gen/sources_1/bd/mb_block/synth/mb_block.v:1541]
WARNING: [Synth 8-7071] port 'io1_o' of module 'mb_block_axi_quad_spi_0_0' is unconnected for instance 'spi_usb' [c:/385_Vivado_Projects/Final_Project/ECE-385-Final-Project/goose_hunt/goose_hunt.gen/sources_1/bd/mb_block/synth/mb_block.v:1541]
WARNING: [Synth 8-7071] port 'io1_t' of module 'mb_block_axi_quad_spi_0_0' is unconnected for instance 'spi_usb' [c:/385_Vivado_Projects/Final_Project/ECE-385-Final-Project/goose_hunt/goose_hunt.gen/sources_1/bd/mb_block/synth/mb_block.v:1541]
WARNING: [Synth 8-7071] port 'sck_t' of module 'mb_block_axi_quad_spi_0_0' is unconnected for instance 'spi_usb' [c:/385_Vivado_Projects/Final_Project/ECE-385-Final-Project/goose_hunt/goose_hunt.gen/sources_1/bd/mb_block/synth/mb_block.v:1541]
WARNING: [Synth 8-7071] port 'ss_t' of module 'mb_block_axi_quad_spi_0_0' is unconnected for instance 'spi_usb' [c:/385_Vivado_Projects/Final_Project/ECE-385-Final-Project/goose_hunt/goose_hunt.gen/sources_1/bd/mb_block/synth/mb_block.v:1541]
WARNING: [Synth 8-7023] instance 'spi_usb' of module 'mb_block_axi_quad_spi_0_0' has 33 connections declared, but only 28 given [c:/385_Vivado_Projects/Final_Project/ECE-385-Final-Project/goose_hunt/goose_hunt.gen/sources_1/bd/mb_block/synth/mb_block.v:1541]
INFO: [Synth 8-6157] synthesizing module 'mb_block_axi_timer_0_0' [C:/385_Vivado_Projects/Final_Project/ECE-385-Final-Project/goose_hunt/goose_hunt.runs/synth_1/.Xil/Vivado-47504-DESKTOP-0EC8M3E/realtime/mb_block_axi_timer_0_0_stub.v:5]
INFO: [Synth 8-6155] done synthesizing module 'mb_block_axi_timer_0_0' (0#1) [C:/385_Vivado_Projects/Final_Project/ECE-385-Final-Project/goose_hunt/goose_hunt.runs/synth_1/.Xil/Vivado-47504-DESKTOP-0EC8M3E/realtime/mb_block_axi_timer_0_0_stub.v:5]
WARNING: [Synth 8-7071] port 'generateout0' of module 'mb_block_axi_timer_0_0' is unconnected for instance 'timer_usb_axi' [c:/385_Vivado_Projects/Final_Project/ECE-385-Final-Project/goose_hunt/goose_hunt.gen/sources_1/bd/mb_block/synth/mb_block.v:1570]
WARNING: [Synth 8-7071] port 'generateout1' of module 'mb_block_axi_timer_0_0' is unconnected for instance 'timer_usb_axi' [c:/385_Vivado_Projects/Final_Project/ECE-385-Final-Project/goose_hunt/goose_hunt.gen/sources_1/bd/mb_block/synth/mb_block.v:1570]
WARNING: [Synth 8-7071] port 'pwm0' of module 'mb_block_axi_timer_0_0' is unconnected for instance 'timer_usb_axi' [c:/385_Vivado_Projects/Final_Project/ECE-385-Final-Project/goose_hunt/goose_hunt.gen/sources_1/bd/mb_block/synth/mb_block.v:1570]
WARNING: [Synth 8-7023] instance 'timer_usb_axi' of module 'mb_block_axi_timer_0_0' has 26 connections declared, but only 23 given [c:/385_Vivado_Projects/Final_Project/ECE-385-Final-Project/goose_hunt/goose_hunt.gen/sources_1/bd/mb_block/synth/mb_block.v:1570]
INFO: [Synth 8-6157] synthesizing module 'mb_block_xlconcat_0_0' [c:/385_Vivado_Projects/Final_Project/ECE-385-Final-Project/goose_hunt/goose_hunt.gen/sources_1/bd/mb_block/ip/mb_block_xlconcat_0_0/synth/mb_block_xlconcat_0_0.v:53]
INFO: [Synth 8-6157] synthesizing module 'xlconcat_v2_1_4_xlconcat' [c:/385_Vivado_Projects/Final_Project/ECE-385-Final-Project/goose_hunt/goose_hunt.gen/sources_1/bd/mb_block/ipshared/4b67/hdl/xlconcat_v2_1_vl_rfs.v:14]
INFO: [Synth 8-6155] done synthesizing module 'xlconcat_v2_1_4_xlconcat' (0#1) [c:/385_Vivado_Projects/Final_Project/ECE-385-Final-Project/goose_hunt/goose_hunt.gen/sources_1/bd/mb_block/ipshared/4b67/hdl/xlconcat_v2_1_vl_rfs.v:14]
INFO: [Synth 8-6155] done synthesizing module 'mb_block_xlconcat_0_0' (0#1) [c:/385_Vivado_Projects/Final_Project/ECE-385-Final-Project/goose_hunt/goose_hunt.gen/sources_1/bd/mb_block/ip/mb_block_xlconcat_0_0/synth/mb_block_xlconcat_0_0.v:53]
INFO: [Synth 8-6155] done synthesizing module 'mb_block' (0#1) [c:/385_Vivado_Projects/Final_Project/ECE-385-Final-Project/goose_hunt/goose_hunt.gen/sources_1/bd/mb_block/synth/mb_block.v:936]
INFO: [Synth 8-6157] synthesizing module 'clk_wiz_0' [C:/385_Vivado_Projects/Final_Project/ECE-385-Final-Project/goose_hunt/goose_hunt.runs/synth_1/.Xil/Vivado-47504-DESKTOP-0EC8M3E/realtime/clk_wiz_0_stub.v:5]
INFO: [Synth 8-6155] done synthesizing module 'clk_wiz_0' (0#1) [C:/385_Vivado_Projects/Final_Project/ECE-385-Final-Project/goose_hunt/goose_hunt.runs/synth_1/.Xil/Vivado-47504-DESKTOP-0EC8M3E/realtime/clk_wiz_0_stub.v:5]
INFO: [Synth 8-6157] synthesizing module 'vga_controller' [C:/385_Vivado_Projects/Final_Project/ECE-385-Final-Project/goose_hunt/goose_hunt.srcs/sources_1/imports/design_source/VGA_controller.sv:26]
INFO: [Synth 8-6155] done synthesizing module 'vga_controller' (0#1) [C:/385_Vivado_Projects/Final_Project/ECE-385-Final-Project/goose_hunt/goose_hunt.srcs/sources_1/imports/design_source/VGA_controller.sv:26]
WARNING: [Synth 8-7071] port 'sync' of module 'vga_controller' is unconnected for instance 'vga' [C:/385_Vivado_Projects/Final_Project/ECE-385-Final-Project/goose_hunt/goose_hunt.srcs/sources_1/imports/design_source/mb_usb_hdmi_top.sv:187]
WARNING: [Synth 8-7023] instance 'vga' of module 'vga_controller' has 8 connections declared, but only 7 given [C:/385_Vivado_Projects/Final_Project/ECE-385-Final-Project/goose_hunt/goose_hunt.srcs/sources_1/imports/design_source/mb_usb_hdmi_top.sv:187]
INFO: [Synth 8-6157] synthesizing module 'hdmi_tx_0' [C:/385_Vivado_Projects/Final_Project/ECE-385-Final-Project/goose_hunt/goose_hunt.runs/synth_1/.Xil/Vivado-47504-DESKTOP-0EC8M3E/realtime/hdmi_tx_0_stub.v:5]
INFO: [Synth 8-6155] done synthesizing module 'hdmi_tx_0' (0#1) [C:/385_Vivado_Projects/Final_Project/ECE-385-Final-Project/goose_hunt/goose_hunt.runs/synth_1/.Xil/Vivado-47504-DESKTOP-0EC8M3E/realtime/hdmi_tx_0_stub.v:5]
INFO: [Synth 8-6157] synthesizing module 'ball' [C:/385_Vivado_Projects/Final_Project/ECE-385-Final-Project/goose_hunt/goose_hunt.srcs/sources_1/imports/design_source/ball.sv:18]
INFO: [Synth 8-6155] done synthesizing module 'ball' (0#1) [C:/385_Vivado_Projects/Final_Project/ECE-385-Final-Project/goose_hunt/goose_hunt.srcs/sources_1/imports/design_source/ball.sv:18]
INFO: [Synth 8-6157] synthesizing module 'color_mapper' [C:/385_Vivado_Projects/Final_Project/ECE-385-Final-Project/goose_hunt/goose_hunt.srcs/sources_1/imports/design_source/Color_Mapper.sv:17]
INFO: [Synth 8-6157] synthesizing module 'BinaryToDecimal' [C:/385_Vivado_Projects/Final_Project/ECE-385-Final-Project/goose_hunt/goose_hunt.srcs/sources_1/new/binary_to_decimal.sv:23]
INFO: [Synth 8-6155] done synthesizing module 'BinaryToDecimal' (0#1) [C:/385_Vivado_Projects/Final_Project/ECE-385-Final-Project/goose_hunt/goose_hunt.srcs/sources_1/new/binary_to_decimal.sv:23]
WARNING: [Synth 8-6104] Input port 'ones_digit' has an internal driver [C:/385_Vivado_Projects/Final_Project/ECE-385-Final-Project/goose_hunt/goose_hunt.srcs/sources_1/imports/design_source/Color_Mapper.sv:144]
WARNING: [Synth 8-6104] Input port 'tens_digit' has an internal driver [C:/385_Vivado_Projects/Final_Project/ECE-385-Final-Project/goose_hunt/goose_hunt.srcs/sources_1/imports/design_source/Color_Mapper.sv:145]
WARNING: [Synth 8-6104] Input port 'hundreds_digit' has an internal driver [C:/385_Vivado_Projects/Final_Project/ECE-385-Final-Project/goose_hunt/goose_hunt.srcs/sources_1/imports/design_source/Color_Mapper.sv:146]
WARNING: [Synth 8-7071] port 'clk' of module 'BinaryToDecimal' is unconnected for instance 'binary_to_decimal' [C:/385_Vivado_Projects/Final_Project/ECE-385-Final-Project/goose_hunt/goose_hunt.srcs/sources_1/imports/design_source/Color_Mapper.sv:142]
WARNING: [Synth 8-7071] port 'reset' of module 'BinaryToDecimal' is unconnected for instance 'binary_to_decimal' [C:/385_Vivado_Projects/Final_Project/ECE-385-Final-Project/goose_hunt/goose_hunt.srcs/sources_1/imports/design_source/Color_Mapper.sv:142]
WARNING: [Synth 8-7023] instance 'binary_to_decimal' of module 'BinaryToDecimal' has 6 connections declared, but only 4 given [C:/385_Vivado_Projects/Final_Project/ECE-385-Final-Project/goose_hunt/goose_hunt.srcs/sources_1/imports/design_source/Color_Mapper.sv:142]
INFO: [Synth 8-6157] synthesizing module 'num_0_rom' [C:/385_Vivado_Projects/Final_Project/ECE-385-Final-Project/goose_hunt/goose_hunt.runs/synth_1/.Xil/Vivado-47504-DESKTOP-0EC8M3E/realtime/num_0_rom_stub.v:5]
INFO: [Synth 8-6155] done synthesizing module 'num_0_rom' (0#1) [C:/385_Vivado_Projects/Final_Project/ECE-385-Final-Project/goose_hunt/goose_hunt.runs/synth_1/.Xil/Vivado-47504-DESKTOP-0EC8M3E/realtime/num_0_rom_stub.v:5]
WARNING: [Synth 8-689] width (17) of port connection 'addra' does not match port width (9) of module 'num_0_rom' [C:/385_Vivado_Projects/Final_Project/ECE-385-Final-Project/goose_hunt/goose_hunt.srcs/sources_1/imports/design_source/Color_Mapper.sv:151]
INFO: [Synth 8-6157] synthesizing module 'num_0_palette' [C:/385_Vivado_Projects/Final_Project/ECE-385-Final-Project/goose_hunt/goose_hunt.srcs/sources_1/imports/Image_to_COE/num_0/num_0_palette.sv:1]
INFO: [Synth 8-6155] done synthesizing module 'num_0_palette' (0#1) [C:/385_Vivado_Projects/Final_Project/ECE-385-Final-Project/goose_hunt/goose_hunt.srcs/sources_1/imports/Image_to_COE/num_0/num_0_palette.sv:1]
INFO: [Synth 8-6157] synthesizing module 'num_1_rom' [C:/385_Vivado_Projects/Final_Project/ECE-385-Final-Project/goose_hunt/goose_hunt.runs/synth_1/.Xil/Vivado-47504-DESKTOP-0EC8M3E/realtime/num_1_rom_stub.v:5]
INFO: [Synth 8-6155] done synthesizing module 'num_1_rom' (0#1) [C:/385_Vivado_Projects/Final_Project/ECE-385-Final-Project/goose_hunt/goose_hunt.runs/synth_1/.Xil/Vivado-47504-DESKTOP-0EC8M3E/realtime/num_1_rom_stub.v:5]
WARNING: [Synth 8-689] width (17) of port connection 'addra' does not match port width (9) of module 'num_1_rom' [C:/385_Vivado_Projects/Final_Project/ECE-385-Final-Project/goose_hunt/goose_hunt.srcs/sources_1/imports/design_source/Color_Mapper.sv:164]
INFO: [Synth 8-6157] synthesizing module 'num_1_palette' [C:/385_Vivado_Projects/Final_Project/ECE-385-Final-Project/goose_hunt/goose_hunt.srcs/sources_1/imports/Image_to_COE/num_1/num_1_palette.sv:1]
INFO: [Synth 8-6155] done synthesizing module 'num_1_palette' (0#1) [C:/385_Vivado_Projects/Final_Project/ECE-385-Final-Project/goose_hunt/goose_hunt.srcs/sources_1/imports/Image_to_COE/num_1/num_1_palette.sv:1]
INFO: [Synth 8-6157] synthesizing module 'num_2_rom' [C:/385_Vivado_Projects/Final_Project/ECE-385-Final-Project/goose_hunt/goose_hunt.runs/synth_1/.Xil/Vivado-47504-DESKTOP-0EC8M3E/realtime/num_2_rom_stub.v:5]
INFO: [Synth 8-6155] done synthesizing module 'num_2_rom' (0#1) [C:/385_Vivado_Projects/Final_Project/ECE-385-Final-Project/goose_hunt/goose_hunt.runs/synth_1/.Xil/Vivado-47504-DESKTOP-0EC8M3E/realtime/num_2_rom_stub.v:5]
WARNING: [Synth 8-689] width (17) of port connection 'addra' does not match port width (9) of module 'num_2_rom' [C:/385_Vivado_Projects/Final_Project/ECE-385-Final-Project/goose_hunt/goose_hunt.srcs/sources_1/imports/design_source/Color_Mapper.sv:177]
INFO: [Synth 8-6157] synthesizing module 'num_2_palette' [C:/385_Vivado_Projects/Final_Project/ECE-385-Final-Project/goose_hunt/goose_hunt.srcs/sources_1/imports/Image_to_COE/num_2/num_2_palette.sv:1]
INFO: [Synth 8-6155] done synthesizing module 'num_2_palette' (0#1) [C:/385_Vivado_Projects/Final_Project/ECE-385-Final-Project/goose_hunt/goose_hunt.srcs/sources_1/imports/Image_to_COE/num_2/num_2_palette.sv:1]
INFO: [Synth 8-6157] synthesizing module 'num_3_rom' [C:/385_Vivado_Projects/Final_Project/ECE-385-Final-Project/goose_hunt/goose_hunt.runs/synth_1/.Xil/Vivado-47504-DESKTOP-0EC8M3E/realtime/num_3_rom_stub.v:5]
INFO: [Synth 8-6155] done synthesizing module 'num_3_rom' (0#1) [C:/385_Vivado_Projects/Final_Project/ECE-385-Final-Project/goose_hunt/goose_hunt.runs/synth_1/.Xil/Vivado-47504-DESKTOP-0EC8M3E/realtime/num_3_rom_stub.v:5]
WARNING: [Synth 8-689] width (17) of port connection 'addra' does not match port width (9) of module 'num_3_rom' [C:/385_Vivado_Projects/Final_Project/ECE-385-Final-Project/goose_hunt/goose_hunt.srcs/sources_1/imports/design_source/Color_Mapper.sv:190]
INFO: [Synth 8-6157] synthesizing module 'num_3_palette' [C:/385_Vivado_Projects/Final_Project/ECE-385-Final-Project/goose_hunt/goose_hunt.srcs/sources_1/imports/Image_to_COE/num_3/num_3_palette.sv:1]
INFO: [Synth 8-6155] done synthesizing module 'num_3_palette' (0#1) [C:/385_Vivado_Projects/Final_Project/ECE-385-Final-Project/goose_hunt/goose_hunt.srcs/sources_1/imports/Image_to_COE/num_3/num_3_palette.sv:1]
INFO: [Synth 8-6157] synthesizing module 'num_4_rom' [C:/385_Vivado_Projects/Final_Project/ECE-385-Final-Project/goose_hunt/goose_hunt.runs/synth_1/.Xil/Vivado-47504-DESKTOP-0EC8M3E/realtime/num_4_rom_stub.v:5]
INFO: [Synth 8-6155] done synthesizing module 'num_4_rom' (0#1) [C:/385_Vivado_Projects/Final_Project/ECE-385-Final-Project/goose_hunt/goose_hunt.runs/synth_1/.Xil/Vivado-47504-DESKTOP-0EC8M3E/realtime/num_4_rom_stub.v:5]
WARNING: [Synth 8-689] width (17) of port connection 'addra' does not match port width (9) of module 'num_4_rom' [C:/385_Vivado_Projects/Final_Project/ECE-385-Final-Project/goose_hunt/goose_hunt.srcs/sources_1/imports/design_source/Color_Mapper.sv:203]
INFO: [Synth 8-6157] synthesizing module 'num_4_palette' [C:/385_Vivado_Projects/Final_Project/ECE-385-Final-Project/goose_hunt/goose_hunt.srcs/sources_1/imports/Image_to_COE/num_4/num_4_palette.sv:1]
INFO: [Synth 8-6155] done synthesizing module 'num_4_palette' (0#1) [C:/385_Vivado_Projects/Final_Project/ECE-385-Final-Project/goose_hunt/goose_hunt.srcs/sources_1/imports/Image_to_COE/num_4/num_4_palette.sv:1]
INFO: [Synth 8-6157] synthesizing module 'num_5_rom' [C:/385_Vivado_Projects/Final_Project/ECE-385-Final-Project/goose_hunt/goose_hunt.runs/synth_1/.Xil/Vivado-47504-DESKTOP-0EC8M3E/realtime/num_5_rom_stub.v:5]
INFO: [Synth 8-6155] done synthesizing module 'num_5_rom' (0#1) [C:/385_Vivado_Projects/Final_Project/ECE-385-Final-Project/goose_hunt/goose_hunt.runs/synth_1/.Xil/Vivado-47504-DESKTOP-0EC8M3E/realtime/num_5_rom_stub.v:5]
WARNING: [Synth 8-689] width (17) of port connection 'addra' does not match port width (9) of module 'num_5_rom' [C:/385_Vivado_Projects/Final_Project/ECE-385-Final-Project/goose_hunt/goose_hunt.srcs/sources_1/imports/design_source/Color_Mapper.sv:216]
INFO: [Synth 8-6157] synthesizing module 'num_5_palette' [C:/385_Vivado_Projects/Final_Project/ECE-385-Final-Project/goose_hunt/goose_hunt.srcs/sources_1/imports/Image_to_COE/num_5/num_5_palette.sv:1]
INFO: [Synth 8-6155] done synthesizing module 'num_5_palette' (0#1) [C:/385_Vivado_Projects/Final_Project/ECE-385-Final-Project/goose_hunt/goose_hunt.srcs/sources_1/imports/Image_to_COE/num_5/num_5_palette.sv:1]
INFO: [Synth 8-6157] synthesizing module 'num_6_rom' [C:/385_Vivado_Projects/Final_Project/ECE-385-Final-Project/goose_hunt/goose_hunt.runs/synth_1/.Xil/Vivado-47504-DESKTOP-0EC8M3E/realtime/num_6_rom_stub.v:5]
INFO: [Synth 8-6155] done synthesizing module 'num_6_rom' (0#1) [C:/385_Vivado_Projects/Final_Project/ECE-385-Final-Project/goose_hunt/goose_hunt.runs/synth_1/.Xil/Vivado-47504-DESKTOP-0EC8M3E/realtime/num_6_rom_stub.v:5]
WARNING: [Synth 8-689] width (17) of port connection 'addra' does not match port width (9) of module 'num_6_rom' [C:/385_Vivado_Projects/Final_Project/ECE-385-Final-Project/goose_hunt/goose_hunt.srcs/sources_1/imports/design_source/Color_Mapper.sv:229]
INFO: [Synth 8-6157] synthesizing module 'num_6_palette' [C:/385_Vivado_Projects/Final_Project/ECE-385-Final-Project/goose_hunt/goose_hunt.srcs/sources_1/imports/Image_to_COE/num_6/num_6_palette.sv:1]
INFO: [Synth 8-6155] done synthesizing module 'num_6_palette' (0#1) [C:/385_Vivado_Projects/Final_Project/ECE-385-Final-Project/goose_hunt/goose_hunt.srcs/sources_1/imports/Image_to_COE/num_6/num_6_palette.sv:1]
INFO: [Synth 8-6157] synthesizing module 'num_7_rom' [C:/385_Vivado_Projects/Final_Project/ECE-385-Final-Project/goose_hunt/goose_hunt.runs/synth_1/.Xil/Vivado-47504-DESKTOP-0EC8M3E/realtime/num_7_rom_stub.v:5]
INFO: [Synth 8-6155] done synthesizing module 'num_7_rom' (0#1) [C:/385_Vivado_Projects/Final_Project/ECE-385-Final-Project/goose_hunt/goose_hunt.runs/synth_1/.Xil/Vivado-47504-DESKTOP-0EC8M3E/realtime/num_7_rom_stub.v:5]
WARNING: [Synth 8-689] width (17) of port connection 'addra' does not match port width (9) of module 'num_7_rom' [C:/385_Vivado_Projects/Final_Project/ECE-385-Final-Project/goose_hunt/goose_hunt.srcs/sources_1/imports/design_source/Color_Mapper.sv:242]
INFO: [Synth 8-6157] synthesizing module 'num_7_palette' [C:/385_Vivado_Projects/Final_Project/ECE-385-Final-Project/goose_hunt/goose_hunt.srcs/sources_1/imports/Image_to_COE/num_7/num_7_palette.sv:1]
INFO: [Synth 8-6155] done synthesizing module 'num_7_palette' (0#1) [C:/385_Vivado_Projects/Final_Project/ECE-385-Final-Project/goose_hunt/goose_hunt.srcs/sources_1/imports/Image_to_COE/num_7/num_7_palette.sv:1]
INFO: [Synth 8-6157] synthesizing module 'num_8_rom' [C:/385_Vivado_Projects/Final_Project/ECE-385-Final-Project/goose_hunt/goose_hunt.runs/synth_1/.Xil/Vivado-47504-DESKTOP-0EC8M3E/realtime/num_8_rom_stub.v:5]
INFO: [Synth 8-6155] done synthesizing module 'num_8_rom' (0#1) [C:/385_Vivado_Projects/Final_Project/ECE-385-Final-Project/goose_hunt/goose_hunt.runs/synth_1/.Xil/Vivado-47504-DESKTOP-0EC8M3E/realtime/num_8_rom_stub.v:5]
WARNING: [Synth 8-689] width (17) of port connection 'addra' does not match port width (9) of module 'num_8_rom' [C:/385_Vivado_Projects/Final_Project/ECE-385-Final-Project/goose_hunt/goose_hunt.srcs/sources_1/imports/design_source/Color_Mapper.sv:255]
INFO: [Synth 8-6157] synthesizing module 'num_8_palette' [C:/385_Vivado_Projects/Final_Project/ECE-385-Final-Project/goose_hunt/goose_hunt.srcs/sources_1/imports/Image_to_COE/num_8/num_8_palette.sv:1]
INFO: [Synth 8-6155] done synthesizing module 'num_8_palette' (0#1) [C:/385_Vivado_Projects/Final_Project/ECE-385-Final-Project/goose_hunt/goose_hunt.srcs/sources_1/imports/Image_to_COE/num_8/num_8_palette.sv:1]
INFO: [Synth 8-6157] synthesizing module 'num_9_rom' [C:/385_Vivado_Projects/Final_Project/ECE-385-Final-Project/goose_hunt/goose_hunt.runs/synth_1/.Xil/Vivado-47504-DESKTOP-0EC8M3E/realtime/num_9_rom_stub.v:5]
INFO: [Synth 8-6155] done synthesizing module 'num_9_rom' (0#1) [C:/385_Vivado_Projects/Final_Project/ECE-385-Final-Project/goose_hunt/goose_hunt.runs/synth_1/.Xil/Vivado-47504-DESKTOP-0EC8M3E/realtime/num_9_rom_stub.v:5]
WARNING: [Synth 8-689] width (17) of port connection 'addra' does not match port width (9) of module 'num_9_rom' [C:/385_Vivado_Projects/Final_Project/ECE-385-Final-Project/goose_hunt/goose_hunt.srcs/sources_1/imports/design_source/Color_Mapper.sv:268]
INFO: [Synth 8-6157] synthesizing module 'num_9_palette' [C:/385_Vivado_Projects/Final_Project/ECE-385-Final-Project/goose_hunt/goose_hunt.srcs/sources_1/imports/Image_to_COE/num_9/num_9_palette.sv:1]
INFO: [Synth 8-6155] done synthesizing module 'num_9_palette' (0#1) [C:/385_Vivado_Projects/Final_Project/ECE-385-Final-Project/goose_hunt/goose_hunt.srcs/sources_1/imports/Image_to_COE/num_9/num_9_palette.sv:1]
INFO: [Synth 8-6157] synthesizing module 'num_10_rom' [C:/385_Vivado_Projects/Final_Project/ECE-385-Final-Project/goose_hunt/goose_hunt.runs/synth_1/.Xil/Vivado-47504-DESKTOP-0EC8M3E/realtime/num_10_rom_stub.v:5]
INFO: [Synth 8-6155] done synthesizing module 'num_10_rom' (0#1) [C:/385_Vivado_Projects/Final_Project/ECE-385-Final-Project/goose_hunt/goose_hunt.runs/synth_1/.Xil/Vivado-47504-DESKTOP-0EC8M3E/realtime/num_10_rom_stub.v:5]
WARNING: [Synth 8-689] width (17) of port connection 'addra' does not match port width (9) of module 'num_10_rom' [C:/385_Vivado_Projects/Final_Project/ECE-385-Final-Project/goose_hunt/goose_hunt.srcs/sources_1/imports/design_source/Color_Mapper.sv:281]
INFO: [Synth 8-6157] synthesizing module 'num_10_palette' [C:/385_Vivado_Projects/Final_Project/ECE-385-Final-Project/goose_hunt/goose_hunt.srcs/sources_1/imports/Image_to_COE/num_10/num_10_palette.sv:1]
INFO: [Synth 8-6155] done synthesizing module 'num_10_palette' (0#1) [C:/385_Vivado_Projects/Final_Project/ECE-385-Final-Project/goose_hunt/goose_hunt.srcs/sources_1/imports/Image_to_COE/num_10/num_10_palette.sv:1]
INFO: [Synth 8-6157] synthesizing module 'duck_hunt_end_rom' [C:/385_Vivado_Projects/Final_Project/ECE-385-Final-Project/goose_hunt/goose_hunt.runs/synth_1/.Xil/Vivado-47504-DESKTOP-0EC8M3E/realtime/duck_hunt_end_rom_stub.v:5]
INFO: [Synth 8-6155] done synthesizing module 'duck_hunt_end_rom' (0#1) [C:/385_Vivado_Projects/Final_Project/ECE-385-Final-Project/goose_hunt/goose_hunt.runs/synth_1/.Xil/Vivado-47504-DESKTOP-0EC8M3E/realtime/duck_hunt_end_rom_stub.v:5]
INFO: [Synth 8-6157] synthesizing module 'duck_hunt_end_palette' [C:/385_Vivado_Projects/Final_Project/ECE-385-Final-Project/goose_hunt/goose_hunt.srcs/sources_1/imports/duck_hunt_end/duck_hunt_end_palette.sv:1]
INFO: [Synth 8-6155] done synthesizing module 'duck_hunt_end_palette' (0#1) [C:/385_Vivado_Projects/Final_Project/ECE-385-Final-Project/goose_hunt/goose_hunt.srcs/sources_1/imports/duck_hunt_end/duck_hunt_end_palette.sv:1]
INFO: [Synth 8-6157] synthesizing module 'duck_hunt_v2_rom' [C:/385_Vivado_Projects/Final_Project/ECE-385-Final-Project/goose_hunt/goose_hunt.runs/synth_1/.Xil/Vivado-47504-DESKTOP-0EC8M3E/realtime/duck_hunt_v2_rom_stub.v:5]
INFO: [Synth 8-6155] done synthesizing module 'duck_hunt_v2_rom' (0#1) [C:/385_Vivado_Projects/Final_Project/ECE-385-Final-Project/goose_hunt/goose_hunt.runs/synth_1/.Xil/Vivado-47504-DESKTOP-0EC8M3E/realtime/duck_hunt_v2_rom_stub.v:5]
INFO: [Synth 8-6157] synthesizing module 'duck_hunt_v2_palette' [C:/385_Vivado_Projects/Final_Project/ECE-385-Final-Project/goose_hunt/goose_hunt.srcs/sources_1/imports/duck_hunt_v2/duck_hunt_v2_palette.sv:1]
INFO: [Synth 8-6155] done synthesizing module 'duck_hunt_v2_palette' (0#1) [C:/385_Vivado_Projects/Final_Project/ECE-385-Final-Project/goose_hunt/goose_hunt.srcs/sources_1/imports/duck_hunt_v2/duck_hunt_v2_palette.sv:1]
INFO: [Synth 8-6157] synthesizing module 'Goose_wing_up_rom' [C:/385_Vivado_Projects/Final_Project/ECE-385-Final-Project/goose_hunt/goose_hunt.runs/synth_1/.Xil/Vivado-47504-DESKTOP-0EC8M3E/realtime/Goose_wing_up_rom_stub.v:5]
INFO: [Synth 8-6155] done synthesizing module 'Goose_wing_up_rom' (0#1) [C:/385_Vivado_Projects/Final_Project/ECE-385-Final-Project/goose_hunt/goose_hunt.runs/synth_1/.Xil/Vivado-47504-DESKTOP-0EC8M3E/realtime/Goose_wing_up_rom_stub.v:5]
WARNING: [Synth 8-689] width (17) of port connection 'addra' does not match port width (12) of module 'Goose_wing_up_rom' [C:/385_Vivado_Projects/Final_Project/ECE-385-Final-Project/goose_hunt/goose_hunt.srcs/sources_1/imports/design_source/Color_Mapper.sv:323]
INFO: [Synth 8-6157] synthesizing module 'Goose_wing_up_palette' [C:/385_Vivado_Projects/Final_Project/ECE-385-Final-Project/goose_hunt/goose_hunt.srcs/sources_1/imports/Image_to_COE/Goose_wing_up/Goose_wing_up_palette.sv:1]
INFO: [Synth 8-6155] done synthesizing module 'Goose_wing_up_palette' (0#1) [C:/385_Vivado_Projects/Final_Project/ECE-385-Final-Project/goose_hunt/goose_hunt.srcs/sources_1/imports/Image_to_COE/Goose_wing_up/Goose_wing_up_palette.sv:1]
INFO: [Synth 8-6157] synthesizing module 'Goose_wing_mid_rom' [C:/385_Vivado_Projects/Final_Project/ECE-385-Final-Project/goose_hunt/goose_hunt.runs/synth_1/.Xil/Vivado-47504-DESKTOP-0EC8M3E/realtime/Goose_wing_mid_rom_stub.v:5]
INFO: [Synth 8-6155] done synthesizing module 'Goose_wing_mid_rom' (0#1) [C:/385_Vivado_Projects/Final_Project/ECE-385-Final-Project/goose_hunt/goose_hunt.runs/synth_1/.Xil/Vivado-47504-DESKTOP-0EC8M3E/realtime/Goose_wing_mid_rom_stub.v:5]
WARNING: [Synth 8-689] width (17) of port connection 'addra' does not match port width (12) of module 'Goose_wing_mid_rom' [C:/385_Vivado_Projects/Final_Project/ECE-385-Final-Project/goose_hunt/goose_hunt.srcs/sources_1/imports/design_source/Color_Mapper.sv:336]
INFO: [Synth 8-6157] synthesizing module 'Goose_wing_mid_palette' [C:/385_Vivado_Projects/Final_Project/ECE-385-Final-Project/goose_hunt/goose_hunt.srcs/sources_1/imports/Image_to_COE/Goose_wing_mid/Goose_wing_mid_palette.sv:1]
INFO: [Synth 8-6155] done synthesizing module 'Goose_wing_mid_palette' (0#1) [C:/385_Vivado_Projects/Final_Project/ECE-385-Final-Project/goose_hunt/goose_hunt.srcs/sources_1/imports/Image_to_COE/Goose_wing_mid/Goose_wing_mid_palette.sv:1]
INFO: [Synth 8-6157] synthesizing module 'Goose_wing_down_rom' [C:/385_Vivado_Projects/Final_Project/ECE-385-Final-Project/goose_hunt/goose_hunt.runs/synth_1/.Xil/Vivado-47504-DESKTOP-0EC8M3E/realtime/Goose_wing_down_rom_stub.v:5]
INFO: [Synth 8-6155] done synthesizing module 'Goose_wing_down_rom' (0#1) [C:/385_Vivado_Projects/Final_Project/ECE-385-Final-Project/goose_hunt/goose_hunt.runs/synth_1/.Xil/Vivado-47504-DESKTOP-0EC8M3E/realtime/Goose_wing_down_rom_stub.v:5]
WARNING: [Synth 8-689] width (17) of port connection 'addra' does not match port width (12) of module 'Goose_wing_down_rom' [C:/385_Vivado_Projects/Final_Project/ECE-385-Final-Project/goose_hunt/goose_hunt.srcs/sources_1/imports/design_source/Color_Mapper.sv:349]
INFO: [Synth 8-6157] synthesizing module 'Goose_wing_down_palette' [C:/385_Vivado_Projects/Final_Project/ECE-385-Final-Project/goose_hunt/goose_hunt.srcs/sources_1/imports/Image_to_COE/Goose_wing_down/Goose_wing_down_palette.sv:1]
INFO: [Synth 8-6155] done synthesizing module 'Goose_wing_down_palette' (0#1) [C:/385_Vivado_Projects/Final_Project/ECE-385-Final-Project/goose_hunt/goose_hunt.srcs/sources_1/imports/Image_to_COE/Goose_wing_down/Goose_wing_down_palette.sv:1]
INFO: [Synth 8-6157] synthesizing module 'Goose_fall_rom' [C:/385_Vivado_Projects/Final_Project/ECE-385-Final-Project/goose_hunt/goose_hunt.runs/synth_1/.Xil/Vivado-47504-DESKTOP-0EC8M3E/realtime/Goose_fall_rom_stub.v:5]
INFO: [Synth 8-6155] done synthesizing module 'Goose_fall_rom' (0#1) [C:/385_Vivado_Projects/Final_Project/ECE-385-Final-Project/goose_hunt/goose_hunt.runs/synth_1/.Xil/Vivado-47504-DESKTOP-0EC8M3E/realtime/Goose_fall_rom_stub.v:5]
WARNING: [Synth 8-689] width (17) of port connection 'addra' does not match port width (12) of module 'Goose_fall_rom' [C:/385_Vivado_Projects/Final_Project/ECE-385-Final-Project/goose_hunt/goose_hunt.srcs/sources_1/imports/design_source/Color_Mapper.sv:362]
INFO: [Synth 8-6157] synthesizing module 'Goose_fall_palette' [C:/385_Vivado_Projects/Final_Project/ECE-385-Final-Project/goose_hunt/goose_hunt.srcs/sources_1/imports/Goose_fall/Goose_fall_palette.sv:1]
INFO: [Synth 8-6155] done synthesizing module 'Goose_fall_palette' (0#1) [C:/385_Vivado_Projects/Final_Project/ECE-385-Final-Project/goose_hunt/goose_hunt.srcs/sources_1/imports/Goose_fall/Goose_fall_palette.sv:1]
INFO: [Synth 8-638] synthesizing module 'Goose_fly_away1_rom' [c:/385_Vivado_Projects/Final_Project/ECE-385-Final-Project/goose_hunt/goose_hunt.gen/sources_1/ip/Goose_fly_away1_rom/synth/Goose_fly_away1_rom.vhd:67]
	Parameter C_FAMILY bound to: spartan7 - type: string 
	Parameter C_XDEVICEFAMILY bound to: spartan7 - type: string 
	Parameter C_ELABORATION_DIR bound to: ./ - type: string 
	Parameter C_INTERFACE_TYPE bound to: 0 - type: integer 
	Parameter C_AXI_TYPE bound to: 1 - type: integer 
	Parameter C_AXI_SLAVE_TYPE bound to: 0 - type: integer 
	Parameter C_USE_BRAM_BLOCK bound to: 0 - type: integer 
	Parameter C_ENABLE_32BIT_ADDRESS bound to: 0 - type: integer 
	Parameter C_CTRL_ECC_ALGO bound to: NONE - type: string 
	Parameter C_HAS_AXI_ID bound to: 0 - type: integer 
	Parameter C_AXI_ID_WIDTH bound to: 4 - type: integer 
	Parameter C_MEM_TYPE bound to: 3 - type: integer 
	Parameter C_BYTE_SIZE bound to: 9 - type: integer 
	Parameter C_ALGORITHM bound to: 1 - type: integer 
	Parameter C_PRIM_TYPE bound to: 1 - type: integer 
	Parameter C_LOAD_INIT_FILE bound to: 1 - type: integer 
	Parameter C_INIT_FILE_NAME bound to: Goose_fly_away1_rom.mif - type: string 
	Parameter C_INIT_FILE bound to: Goose_fly_away1_rom.mem - type: string 
	Parameter C_USE_DEFAULT_DATA bound to: 0 - type: integer 
	Parameter C_DEFAULT_DATA bound to: 0 - type: string 
	Parameter C_HAS_RSTA bound to: 0 - type: integer 
	Parameter C_RST_PRIORITY_A bound to: CE - type: string 
	Parameter C_RSTRAM_A bound to: 0 - type: integer 
	Parameter C_INITA_VAL bound to: 0 - type: string 
	Parameter C_HAS_ENA bound to: 0 - type: integer 
	Parameter C_HAS_REGCEA bound to: 0 - type: integer 
	Parameter C_USE_BYTE_WEA bound to: 0 - type: integer 
	Parameter C_WEA_WIDTH bound to: 1 - type: integer 
	Parameter C_WRITE_MODE_A bound to: WRITE_FIRST - type: string 
	Parameter C_WRITE_WIDTH_A bound to: 4 - type: integer 
	Parameter C_READ_WIDTH_A bound to: 4 - type: integer 
	Parameter C_WRITE_DEPTH_A bound to: 3136 - type: integer 
	Parameter C_READ_DEPTH_A bound to: 3136 - type: integer 
	Parameter C_ADDRA_WIDTH bound to: 12 - type: integer 
	Parameter C_HAS_RSTB bound to: 0 - type: integer 
	Parameter C_RST_PRIORITY_B bound to: CE - type: string 
	Parameter C_RSTRAM_B bound to: 0 - type: integer 
	Parameter C_INITB_VAL bound to: 0 - type: string 
	Parameter C_HAS_ENB bound to: 0 - type: integer 
	Parameter C_HAS_REGCEB bound to: 0 - type: integer 
	Parameter C_USE_BYTE_WEB bound to: 0 - type: integer 
	Parameter C_WEB_WIDTH bound to: 1 - type: integer 
	Parameter C_WRITE_MODE_B bound to: WRITE_FIRST - type: string 
	Parameter C_WRITE_WIDTH_B bound to: 4 - type: integer 
	Parameter C_READ_WIDTH_B bound to: 4 - type: integer 
	Parameter C_WRITE_DEPTH_B bound to: 3136 - type: integer 
	Parameter C_READ_DEPTH_B bound to: 3136 - type: integer 
	Parameter C_ADDRB_WIDTH bound to: 12 - type: integer 
	Parameter C_HAS_MEM_OUTPUT_REGS_A bound to: 0 - type: integer 
	Parameter C_HAS_MEM_OUTPUT_REGS_B bound to: 0 - type: integer 
	Parameter C_HAS_MUX_OUTPUT_REGS_A bound to: 0 - type: integer 
	Parameter C_HAS_MUX_OUTPUT_REGS_B bound to: 0 - type: integer 
	Parameter C_MUX_PIPELINE_STAGES bound to: 0 - type: integer 
	Parameter C_HAS_SOFTECC_INPUT_REGS_A bound to: 0 - type: integer 
	Parameter C_HAS_SOFTECC_OUTPUT_REGS_B bound to: 0 - type: integer 
	Parameter C_USE_SOFTECC bound to: 0 - type: integer 
	Parameter C_USE_ECC bound to: 0 - type: integer 
	Parameter C_EN_ECC_PIPE bound to: 0 - type: integer 
	Parameter C_READ_LATENCY_A bound to: 1 - type: integer 
	Parameter C_READ_LATENCY_B bound to: 1 - type: integer 
	Parameter C_HAS_INJECTERR bound to: 0 - type: integer 
	Parameter C_SIM_COLLISION_CHECK bound to: ALL - type: string 
	Parameter C_COMMON_CLK bound to: 0 - type: integer 
	Parameter C_DISABLE_WARN_BHV_COLL bound to: 0 - type: integer 
	Parameter C_EN_SLEEP_PIN bound to: 0 - type: integer 
	Parameter C_USE_URAM bound to: 0 - type: integer 
	Parameter C_EN_RDADDRA_CHG bound to: 0 - type: integer 
	Parameter C_EN_RDADDRB_CHG bound to: 0 - type: integer 
	Parameter C_EN_DEEPSLEEP_PIN bound to: 0 - type: integer 
	Parameter C_EN_SHUTDOWN_PIN bound to: 0 - type: integer 
	Parameter C_EN_SAFETY_CKT bound to: 0 - type: integer 
	Parameter C_DISABLE_WARN_BHV_RANGE bound to: 0 - type: integer 
	Parameter C_COUNT_36K_BRAM bound to: 0 - type: string 
	Parameter C_COUNT_18K_BRAM bound to: 1 - type: string 
	Parameter C_EST_POWER_SUMMARY bound to: Estimated Power for IP     :     1.1848 mW - type: string 
INFO: [Synth 8-3491] module 'blk_mem_gen_v8_4_5' declared at 'c:/385_Vivado_Projects/Final_Project/ECE-385-Final-Project/goose_hunt/goose_hunt.gen/sources_1/ip/Goose_fly_away1_rom/hdl/blk_mem_gen_v8_4_vhsyn_rfs.vhd:195321' bound to instance 'U0' of component 'blk_mem_gen_v8_4_5' [c:/385_Vivado_Projects/Final_Project/ECE-385-Final-Project/goose_hunt/goose_hunt.gen/sources_1/ip/Goose_fly_away1_rom/synth/Goose_fly_away1_rom.vhd:230]
INFO: [Synth 8-256] done synthesizing module 'Goose_fly_away1_rom' (0#1) [c:/385_Vivado_Projects/Final_Project/ECE-385-Final-Project/goose_hunt/goose_hunt.gen/sources_1/ip/Goose_fly_away1_rom/synth/Goose_fly_away1_rom.vhd:67]
WARNING: [Synth 8-689] width (17) of port connection 'addra' does not match port width (12) of module 'Goose_fly_away1_rom' [C:/385_Vivado_Projects/Final_Project/ECE-385-Final-Project/goose_hunt/goose_hunt.srcs/sources_1/imports/design_source/Color_Mapper.sv:375]
INFO: [Synth 8-6157] synthesizing module 'Goose_fly_away1_palette' [C:/385_Vivado_Projects/Final_Project/ECE-385-Final-Project/goose_hunt/goose_hunt.srcs/sources_1/imports/Image_to_COE/Goose_fly_away1/Goose_fly_away1_palette.sv:1]
INFO: [Synth 8-6155] done synthesizing module 'Goose_fly_away1_palette' (0#1) [C:/385_Vivado_Projects/Final_Project/ECE-385-Final-Project/goose_hunt/goose_hunt.srcs/sources_1/imports/Image_to_COE/Goose_fly_away1/Goose_fly_away1_palette.sv:1]
INFO: [Synth 8-6157] synthesizing module 'Goose_fly_away2_rom' [C:/385_Vivado_Projects/Final_Project/ECE-385-Final-Project/goose_hunt/goose_hunt.runs/synth_1/.Xil/Vivado-47504-DESKTOP-0EC8M3E/realtime/Goose_fly_away2_rom_stub.v:5]
INFO: [Synth 8-6155] done synthesizing module 'Goose_fly_away2_rom' (0#1) [C:/385_Vivado_Projects/Final_Project/ECE-385-Final-Project/goose_hunt/goose_hunt.runs/synth_1/.Xil/Vivado-47504-DESKTOP-0EC8M3E/realtime/Goose_fly_away2_rom_stub.v:5]
WARNING: [Synth 8-689] width (17) of port connection 'addra' does not match port width (12) of module 'Goose_fly_away2_rom' [C:/385_Vivado_Projects/Final_Project/ECE-385-Final-Project/goose_hunt/goose_hunt.srcs/sources_1/imports/design_source/Color_Mapper.sv:389]
INFO: [Synth 8-6157] synthesizing module 'Goose_fly_away2_palette' [C:/385_Vivado_Projects/Final_Project/ECE-385-Final-Project/goose_hunt/goose_hunt.srcs/sources_1/imports/Image_to_COE/Goose_fly_away2/Goose_fly_away2_palette.sv:1]
INFO: [Synth 8-6155] done synthesizing module 'Goose_fly_away2_palette' (0#1) [C:/385_Vivado_Projects/Final_Project/ECE-385-Final-Project/goose_hunt/goose_hunt.srcs/sources_1/imports/Image_to_COE/Goose_fly_away2/Goose_fly_away2_palette.sv:1]
INFO: [Synth 8-6157] synthesizing module 'Goose_fly_away3' [C:/385_Vivado_Projects/Final_Project/ECE-385-Final-Project/goose_hunt/goose_hunt.runs/synth_1/.Xil/Vivado-47504-DESKTOP-0EC8M3E/realtime/Goose_fly_away3_stub.v:5]
INFO: [Synth 8-6155] done synthesizing module 'Goose_fly_away3' (0#1) [C:/385_Vivado_Projects/Final_Project/ECE-385-Final-Project/goose_hunt/goose_hunt.runs/synth_1/.Xil/Vivado-47504-DESKTOP-0EC8M3E/realtime/Goose_fly_away3_stub.v:5]
WARNING: [Synth 8-689] width (17) of port connection 'addra' does not match port width (12) of module 'Goose_fly_away3' [C:/385_Vivado_Projects/Final_Project/ECE-385-Final-Project/goose_hunt/goose_hunt.srcs/sources_1/imports/design_source/Color_Mapper.sv:402]
INFO: [Synth 8-6157] synthesizing module 'Goose_fly_away3_palette' [C:/385_Vivado_Projects/Final_Project/ECE-385-Final-Project/goose_hunt/goose_hunt.srcs/sources_1/imports/Image_to_COE/Goose_fly_away3/Goose_fly_away3_palette.sv:1]
INFO: [Synth 8-6155] done synthesizing module 'Goose_fly_away3_palette' (0#1) [C:/385_Vivado_Projects/Final_Project/ECE-385-Final-Project/goose_hunt/goose_hunt.srcs/sources_1/imports/Image_to_COE/Goose_fly_away3/Goose_fly_away3_palette.sv:1]
INFO: [Synth 8-155] case statement is not full and has no default [C:/385_Vivado_Projects/Final_Project/ECE-385-Final-Project/goose_hunt/goose_hunt.srcs/sources_1/imports/design_source/Color_Mapper.sv:497]
INFO: [Synth 8-155] case statement is not full and has no default [C:/385_Vivado_Projects/Final_Project/ECE-385-Final-Project/goose_hunt/goose_hunt.srcs/sources_1/imports/design_source/Color_Mapper.sv:527]
INFO: [Synth 8-6155] done synthesizing module 'color_mapper' (0#1) [C:/385_Vivado_Projects/Final_Project/ECE-385-Final-Project/goose_hunt/goose_hunt.srcs/sources_1/imports/design_source/Color_Mapper.sv:17]
WARNING: [Synth 8-689] width (8) of port connection 'button' does not match port width (1) of module 'color_mapper' [C:/385_Vivado_Projects/Final_Project/ECE-385-Final-Project/goose_hunt/goose_hunt.srcs/sources_1/imports/design_source/mb_usb_hdmi_top.sv:257]
WARNING: [Synth 8-689] width (8) of port connection 'dog_frame' does not match port width (1) of module 'color_mapper' [C:/385_Vivado_Projects/Final_Project/ECE-385-Final-Project/goose_hunt/goose_hunt.srcs/sources_1/imports/design_source/mb_usb_hdmi_top.sv:270]
INFO: [Synth 8-6157] synthesizing module 'duck' [C:/385_Vivado_Projects/Final_Project/ECE-385-Final-Project/goose_hunt/goose_hunt.srcs/sources_1/new/duck.sv:23]
INFO: [Synth 8-6155] done synthesizing module 'duck' (0#1) [C:/385_Vivado_Projects/Final_Project/ECE-385-Final-Project/goose_hunt/goose_hunt.srcs/sources_1/new/duck.sv:23]
WARNING: [Synth 8-689] width (8) of port connection 'button' does not match port width (1) of module 'duck' [C:/385_Vivado_Projects/Final_Project/ECE-385-Final-Project/goose_hunt/goose_hunt.srcs/sources_1/imports/design_source/mb_usb_hdmi_top.sv:304]
INFO: [Synth 8-6157] synthesizing module 'dog' [C:/385_Vivado_Projects/Final_Project/ECE-385-Final-Project/goose_hunt/goose_hunt.srcs/sources_1/new/dog.sv:23]
INFO: [Synth 8-6157] synthesizing module 'dog_excited_rom' [C:/385_Vivado_Projects/Final_Project/ECE-385-Final-Project/goose_hunt/goose_hunt.runs/synth_1/.Xil/Vivado-47504-DESKTOP-0EC8M3E/realtime/dog_excited_rom_stub.v:5]
INFO: [Synth 8-6155] done synthesizing module 'dog_excited_rom' (0#1) [C:/385_Vivado_Projects/Final_Project/ECE-385-Final-Project/goose_hunt/goose_hunt.runs/synth_1/.Xil/Vivado-47504-DESKTOP-0EC8M3E/realtime/dog_excited_rom_stub.v:5]
WARNING: [Synth 8-689] width (17) of port connection 'addra' does not match port width (14) of module 'dog_excited_rom' [C:/385_Vivado_Projects/Final_Project/ECE-385-Final-Project/goose_hunt/goose_hunt.srcs/sources_1/new/dog.sv:103]
INFO: [Synth 8-6157] synthesizing module 'dog_excited_palette' [C:/385_Vivado_Projects/Final_Project/ECE-385-Final-Project/goose_hunt/goose_hunt.srcs/sources_1/imports/Image_to_COE/dog_excited/dog_excited_palette.sv:1]
INFO: [Synth 8-6155] done synthesizing module 'dog_excited_palette' (0#1) [C:/385_Vivado_Projects/Final_Project/ECE-385-Final-Project/goose_hunt/goose_hunt.srcs/sources_1/imports/Image_to_COE/dog_excited/dog_excited_palette.sv:1]
INFO: [Synth 8-6157] synthesizing module 'dog_sniff_rom' [C:/385_Vivado_Projects/Final_Project/ECE-385-Final-Project/goose_hunt/goose_hunt.runs/synth_1/.Xil/Vivado-47504-DESKTOP-0EC8M3E/realtime/dog_sniff_rom_stub.v:5]
INFO: [Synth 8-6155] done synthesizing module 'dog_sniff_rom' (0#1) [C:/385_Vivado_Projects/Final_Project/ECE-385-Final-Project/goose_hunt/goose_hunt.runs/synth_1/.Xil/Vivado-47504-DESKTOP-0EC8M3E/realtime/dog_sniff_rom_stub.v:5]
WARNING: [Synth 8-689] width (17) of port connection 'addra' does not match port width (14) of module 'dog_sniff_rom' [C:/385_Vivado_Projects/Final_Project/ECE-385-Final-Project/goose_hunt/goose_hunt.srcs/sources_1/new/dog.sv:116]
INFO: [Synth 8-6157] synthesizing module 'dog_sniff_palette' [C:/385_Vivado_Projects/Final_Project/ECE-385-Final-Project/goose_hunt/goose_hunt.srcs/sources_1/imports/Image_to_COE/dog_sniff/dog_sniff_palette.sv:1]
INFO: [Synth 8-6155] done synthesizing module 'dog_sniff_palette' (0#1) [C:/385_Vivado_Projects/Final_Project/ECE-385-Final-Project/goose_hunt/goose_hunt.srcs/sources_1/imports/Image_to_COE/dog_sniff/dog_sniff_palette.sv:1]
INFO: [Synth 8-6157] synthesizing module 'dog_walk_third_rom' [C:/385_Vivado_Projects/Final_Project/ECE-385-Final-Project/goose_hunt/goose_hunt.runs/synth_1/.Xil/Vivado-47504-DESKTOP-0EC8M3E/realtime/dog_walk_third_rom_stub.v:5]
INFO: [Synth 8-6155] done synthesizing module 'dog_walk_third_rom' (0#1) [C:/385_Vivado_Projects/Final_Project/ECE-385-Final-Project/goose_hunt/goose_hunt.runs/synth_1/.Xil/Vivado-47504-DESKTOP-0EC8M3E/realtime/dog_walk_third_rom_stub.v:5]
WARNING: [Synth 8-689] width (17) of port connection 'addra' does not match port width (14) of module 'dog_walk_third_rom' [C:/385_Vivado_Projects/Final_Project/ECE-385-Final-Project/goose_hunt/goose_hunt.srcs/sources_1/new/dog.sv:129]
INFO: [Synth 8-6157] synthesizing module 'dog_walk_third_palette' [C:/385_Vivado_Projects/Final_Project/ECE-385-Final-Project/goose_hunt/goose_hunt.srcs/sources_1/imports/Image_to_COE/dog_walk_third/dog_walk_third_palette.sv:1]
INFO: [Synth 8-6155] done synthesizing module 'dog_walk_third_palette' (0#1) [C:/385_Vivado_Projects/Final_Project/ECE-385-Final-Project/goose_hunt/goose_hunt.srcs/sources_1/imports/Image_to_COE/dog_walk_third/dog_walk_third_palette.sv:1]
INFO: [Synth 8-6157] synthesizing module 'duck_walk_fourth_rom' [C:/385_Vivado_Projects/Final_Project/ECE-385-Final-Project/goose_hunt/goose_hunt.runs/synth_1/.Xil/Vivado-47504-DESKTOP-0EC8M3E/realtime/duck_walk_fourth_rom_stub.v:5]
INFO: [Synth 8-6155] done synthesizing module 'duck_walk_fourth_rom' (0#1) [C:/385_Vivado_Projects/Final_Project/ECE-385-Final-Project/goose_hunt/goose_hunt.runs/synth_1/.Xil/Vivado-47504-DESKTOP-0EC8M3E/realtime/duck_walk_fourth_rom_stub.v:5]
WARNING: [Synth 8-689] width (17) of port connection 'addra' does not match port width (14) of module 'duck_walk_fourth_rom' [C:/385_Vivado_Projects/Final_Project/ECE-385-Final-Project/goose_hunt/goose_hunt.srcs/sources_1/new/dog.sv:142]
INFO: [Synth 8-6157] synthesizing module 'dog_walk_fourth_palette' [C:/385_Vivado_Projects/Final_Project/ECE-385-Final-Project/goose_hunt/goose_hunt.srcs/sources_1/imports/Image_to_COE/dog_walk_fourth/dog_walk_fourth_palette.sv:1]
INFO: [Synth 8-6155] done synthesizing module 'dog_walk_fourth_palette' (0#1) [C:/385_Vivado_Projects/Final_Project/ECE-385-Final-Project/goose_hunt/goose_hunt.srcs/sources_1/imports/Image_to_COE/dog_walk_fourth/dog_walk_fourth_palette.sv:1]
INFO: [Synth 8-6157] synthesizing module 'dog_walk_first_rom' [C:/385_Vivado_Projects/Final_Project/ECE-385-Final-Project/goose_hunt/goose_hunt.runs/synth_1/.Xil/Vivado-47504-DESKTOP-0EC8M3E/realtime/dog_walk_first_rom_stub.v:5]
INFO: [Synth 8-6155] done synthesizing module 'dog_walk_first_rom' (0#1) [C:/385_Vivado_Projects/Final_Project/ECE-385-Final-Project/goose_hunt/goose_hunt.runs/synth_1/.Xil/Vivado-47504-DESKTOP-0EC8M3E/realtime/dog_walk_first_rom_stub.v:5]
WARNING: [Synth 8-689] width (17) of port connection 'addra' does not match port width (14) of module 'dog_walk_first_rom' [C:/385_Vivado_Projects/Final_Project/ECE-385-Final-Project/goose_hunt/goose_hunt.srcs/sources_1/new/dog.sv:155]
INFO: [Synth 8-6157] synthesizing module 'dog_walk_first_palette' [C:/385_Vivado_Projects/Final_Project/ECE-385-Final-Project/goose_hunt/goose_hunt.srcs/sources_1/imports/Image_to_COE/dog_walk_first/dog_walk_first_palette.sv:1]
INFO: [Synth 8-6155] done synthesizing module 'dog_walk_first_palette' (0#1) [C:/385_Vivado_Projects/Final_Project/ECE-385-Final-Project/goose_hunt/goose_hunt.srcs/sources_1/imports/Image_to_COE/dog_walk_first/dog_walk_first_palette.sv:1]
INFO: [Synth 8-6157] synthesizing module 'dog_walk_second_rom' [C:/385_Vivado_Projects/Final_Project/ECE-385-Final-Project/goose_hunt/goose_hunt.runs/synth_1/.Xil/Vivado-47504-DESKTOP-0EC8M3E/realtime/dog_walk_second_rom_stub.v:5]
INFO: [Synth 8-6155] done synthesizing module 'dog_walk_second_rom' (0#1) [C:/385_Vivado_Projects/Final_Project/ECE-385-Final-Project/goose_hunt/goose_hunt.runs/synth_1/.Xil/Vivado-47504-DESKTOP-0EC8M3E/realtime/dog_walk_second_rom_stub.v:5]
WARNING: [Synth 8-689] width (17) of port connection 'addra' does not match port width (14) of module 'dog_walk_second_rom' [C:/385_Vivado_Projects/Final_Project/ECE-385-Final-Project/goose_hunt/goose_hunt.srcs/sources_1/new/dog.sv:169]
INFO: [Synth 8-6157] synthesizing module 'dog_walk_second_palette' [C:/385_Vivado_Projects/Final_Project/ECE-385-Final-Project/goose_hunt/goose_hunt.srcs/sources_1/imports/Image_to_COE/dog_walk_second/dog_walk_second_palette.sv:1]
INFO: [Synth 8-6155] done synthesizing module 'dog_walk_second_palette' (0#1) [C:/385_Vivado_Projects/Final_Project/ECE-385-Final-Project/goose_hunt/goose_hunt.srcs/sources_1/imports/Image_to_COE/dog_walk_second/dog_walk_second_palette.sv:1]
INFO: [Synth 8-6157] synthesizing module 'dog_jump1_rom' [C:/385_Vivado_Projects/Final_Project/ECE-385-Final-Project/goose_hunt/goose_hunt.runs/synth_1/.Xil/Vivado-47504-DESKTOP-0EC8M3E/realtime/dog_jump1_rom_stub.v:5]
INFO: [Synth 8-6155] done synthesizing module 'dog_jump1_rom' (0#1) [C:/385_Vivado_Projects/Final_Project/ECE-385-Final-Project/goose_hunt/goose_hunt.runs/synth_1/.Xil/Vivado-47504-DESKTOP-0EC8M3E/realtime/dog_jump1_rom_stub.v:5]
WARNING: [Synth 8-689] width (17) of port connection 'addra' does not match port width (14) of module 'dog_jump1_rom' [C:/385_Vivado_Projects/Final_Project/ECE-385-Final-Project/goose_hunt/goose_hunt.srcs/sources_1/new/dog.sv:183]
INFO: [Synth 8-6157] synthesizing module 'dog_jump1_palette' [C:/385_Vivado_Projects/Final_Project/ECE-385-Final-Project/goose_hunt/goose_hunt.srcs/sources_1/imports/Image_to_COE/dog_jump1/dog_jump1_palette.sv:1]
INFO: [Synth 8-6155] done synthesizing module 'dog_jump1_palette' (0#1) [C:/385_Vivado_Projects/Final_Project/ECE-385-Final-Project/goose_hunt/goose_hunt.srcs/sources_1/imports/Image_to_COE/dog_jump1/dog_jump1_palette.sv:1]
INFO: [Synth 8-6157] synthesizing module 'dog_jump2_rom' [C:/385_Vivado_Projects/Final_Project/ECE-385-Final-Project/goose_hunt/goose_hunt.runs/synth_1/.Xil/Vivado-47504-DESKTOP-0EC8M3E/realtime/dog_jump2_rom_stub.v:5]
INFO: [Common 17-14] Message 'Synth 8-6157' appears 100 times and further instances of the messages will be disabled. Use the Tcl command set_msg_config to change the current settings.
INFO: [Synth 8-6155] done synthesizing module 'dog_jump2_rom' (0#1) [C:/385_Vivado_Projects/Final_Project/ECE-385-Final-Project/goose_hunt/goose_hunt.runs/synth_1/.Xil/Vivado-47504-DESKTOP-0EC8M3E/realtime/dog_jump2_rom_stub.v:5]
WARNING: [Synth 8-689] width (17) of port connection 'addra' does not match port width (14) of module 'dog_jump2_rom' [C:/385_Vivado_Projects/Final_Project/ECE-385-Final-Project/goose_hunt/goose_hunt.srcs/sources_1/new/dog.sv:196]
INFO: [Synth 8-6155] done synthesizing module 'dog_jump2_palette' (0#1) [C:/385_Vivado_Projects/Final_Project/ECE-385-Final-Project/goose_hunt/goose_hunt.srcs/sources_1/imports/Image_to_COE/dog_jump2/dog_jump2_palette.sv:1]
INFO: [Synth 8-6155] done synthesizing module 'dog_standing_rom' (0#1) [C:/385_Vivado_Projects/Final_Project/ECE-385-Final-Project/goose_hunt/goose_hunt.runs/synth_1/.Xil/Vivado-47504-DESKTOP-0EC8M3E/realtime/dog_standing_rom_stub.v:5]
INFO: [Common 17-14] Message 'Synth 8-6155' appears 100 times and further instances of the messages will be disabled. Use the Tcl command set_msg_config to change the current settings.
WARNING: [Synth 8-689] width (17) of port connection 'addra' does not match port width (14) of module 'dog_standing_rom' [C:/385_Vivado_Projects/Final_Project/ECE-385-Final-Project/goose_hunt/goose_hunt.srcs/sources_1/new/dog.sv:209]
WARNING: [Synth 8-689] width (17) of port connection 'addra' does not match port width (14) of module 'dog_laugh1_rom' [C:/385_Vivado_Projects/Final_Project/ECE-385-Final-Project/goose_hunt/goose_hunt.srcs/sources_1/new/dog.sv:223]
WARNING: [Synth 8-6104] Input port 'hitbox_half' has an internal driver [C:/385_Vivado_Projects/Final_Project/ECE-385-Final-Project/goose_hunt/goose_hunt.srcs/sources_1/new/control.sv:106]
INFO: [Synth 8-294] found qualifier unique on case statement: implementing as parallel_case [C:/385_Vivado_Projects/Final_Project/ECE-385-Final-Project/goose_hunt/goose_hunt.srcs/sources_1/new/control.sv:432]
WARNING: [Synth 8-6014] Unused sequential element frame_fall_reg was removed.  [C:/385_Vivado_Projects/Final_Project/ECE-385-Final-Project/goose_hunt/goose_hunt.srcs/sources_1/imports/design_source/Color_Mapper.sv:101]
WARNING: [Synth 8-6014] Unused sequential element fall_ani_count_reg was removed.  [C:/385_Vivado_Projects/Final_Project/ECE-385-Final-Project/goose_hunt/goose_hunt.srcs/sources_1/imports/design_source/Color_Mapper.sv:103]
WARNING: [Synth 8-87] always_comb on 'rom_address_duck_reg' did not result in combinational logic [C:/385_Vivado_Projects/Final_Project/ECE-385-Final-Project/goose_hunt/goose_hunt.srcs/sources_1/imports/design_source/Color_Mapper.sv:323]
WARNING: [Synth 8-87] always_comb on 'Red_reg' did not result in combinational logic [C:/385_Vivado_Projects/Final_Project/ECE-385-Final-Project/goose_hunt/goose_hunt.srcs/sources_1/imports/design_source/Color_Mapper.sv:481]
WARNING: [Synth 8-87] always_comb on 'Green_reg' did not result in combinational logic [C:/385_Vivado_Projects/Final_Project/ECE-385-Final-Project/goose_hunt/goose_hunt.srcs/sources_1/imports/design_source/Color_Mapper.sv:482]
WARNING: [Synth 8-87] always_comb on 'Blue_reg' did not result in combinational logic [C:/385_Vivado_Projects/Final_Project/ECE-385-Final-Project/goose_hunt/goose_hunt.srcs/sources_1/imports/design_source/Color_Mapper.sv:483]
WARNING: [Synth 8-3848] Net gameover_draw in module/entity color_mapper does not have driver. [C:/385_Vivado_Projects/Final_Project/ECE-385-Final-Project/goose_hunt/goose_hunt.srcs/sources_1/imports/design_source/Color_Mapper.sv:43]
WARNING: [Synth 8-3848] Net hit_array_next in module/entity color_mapper does not have driver. [C:/385_Vivado_Projects/Final_Project/ECE-385-Final-Project/goose_hunt/goose_hunt.srcs/sources_1/imports/design_source/Color_Mapper.sv:53]
WARNING: [Synth 8-6014] Unused sequential element wait_to_start_count_reg was removed.  [C:/385_Vivado_Projects/Final_Project/ECE-385-Final-Project/goose_hunt/goose_hunt.srcs/sources_1/new/duck.sv:211]
WARNING: [Synth 8-87] always_comb on 'rom_address_dog_reg' did not result in combinational logic [C:/385_Vivado_Projects/Final_Project/ECE-385-Final-Project/goose_hunt/goose_hunt.srcs/sources_1/new/dog.sv:103]
WARNING: [Synth 8-87] always_comb on 'Dog_Red_reg' did not result in combinational logic [C:/385_Vivado_Projects/Final_Project/ECE-385-Final-Project/goose_hunt/goose_hunt.srcs/sources_1/new/dog.sv:277]
WARNING: [Synth 8-87] always_comb on 'Dog_Green_reg' did not result in combinational logic [C:/385_Vivado_Projects/Final_Project/ECE-385-Final-Project/goose_hunt/goose_hunt.srcs/sources_1/new/dog.sv:278]
WARNING: [Synth 8-87] always_comb on 'Dog_Blue_reg' did not result in combinational logic [C:/385_Vivado_Projects/Final_Project/ECE-385-Final-Project/goose_hunt/goose_hunt.srcs/sources_1/new/dog.sv:279]
WARNING: [Synth 8-87] always_comb on 'dog_on_reg' did not result in combinational logic [C:/385_Vivado_Projects/Final_Project/ECE-385-Final-Project/goose_hunt/goose_hunt.srcs/sources_1/new/dog.sv:332]
WARNING: [Synth 8-3848] Net DuckX in module/entity control does not have driver. [C:/385_Vivado_Projects/Final_Project/ECE-385-Final-Project/goose_hunt/goose_hunt.srcs/sources_1/new/control.sv:39]
WARNING: [Synth 8-3848] Net DuckY in module/entity control does not have driver. [C:/385_Vivado_Projects/Final_Project/ECE-385-Final-Project/goose_hunt/goose_hunt.srcs/sources_1/new/control.sv:40]
WARNING: [Synth 8-3848] Net DuckS in module/entity control does not have driver. [C:/385_Vivado_Projects/Final_Project/ECE-385-Final-Project/goose_hunt/goose_hunt.srcs/sources_1/new/control.sv:41]
WARNING: [Synth 8-3848] Net duck_update_complete in module/entity control does not have driver. [C:/385_Vivado_Projects/Final_Project/ECE-385-Final-Project/goose_hunt/goose_hunt.srcs/sources_1/new/control.sv:64]
WARNING: [Synth 8-3848] Net shot_reset_complete in module/entity control does not have driver. [C:/385_Vivado_Projects/Final_Project/ECE-385-Final-Project/goose_hunt/goose_hunt.srcs/sources_1/new/control.sv:64]
WARNING: [Synth 8-3848] Net ones_digit in module/entity mb_usb_hdmi_top does not have driver. [C:/385_Vivado_Projects/Final_Project/ECE-385-Final-Project/goose_hunt/goose_hunt.srcs/sources_1/imports/design_source/mb_usb_hdmi_top.sv:66]
WARNING: [Synth 8-3848] Net tens_digit in module/entity mb_usb_hdmi_top does not have driver. [C:/385_Vivado_Projects/Final_Project/ECE-385-Final-Project/goose_hunt/goose_hunt.srcs/sources_1/imports/design_source/mb_usb_hdmi_top.sv:66]
WARNING: [Synth 8-3848] Net hundreds_digit in module/entity mb_usb_hdmi_top does not have driver. [C:/385_Vivado_Projects/Final_Project/ECE-385-Final-Project/goose_hunt/goose_hunt.srcs/sources_1/imports/design_source/mb_usb_hdmi_top.sv:66]
WARNING: [Synth 8-7129] Port DuckS[9] in module control is either unconnected or has no load
WARNING: [Synth 8-7129] Port DuckS[8] in module control is either unconnected or has no load
WARNING: [Synth 8-7129] Port DuckS[7] in module control is either unconnected or has no load
WARNING: [Synth 8-7129] Port DuckS[6] in module control is either unconnected or has no load
WARNING: [Synth 8-7129] Port DuckS[5] in module control is either unconnected or has no load
WARNING: [Synth 8-7129] Port DuckS[4] in module control is either unconnected or has no load
WARNING: [Synth 8-7129] Port DuckS[3] in module control is either unconnected or has no load
WARNING: [Synth 8-7129] Port DuckS[2] in module control is either unconnected or has no load
WARNING: [Synth 8-7129] Port DuckS[1] in module control is either unconnected or has no load
WARNING: [Synth 8-7129] Port DuckS[0] in module control is either unconnected or has no load
WARNING: [Synth 8-7129] Port duck_update_complete in module control is either unconnected or has no load
WARNING: [Synth 8-7129] Port shot_reset_complete in module control is either unconnected or has no load
WARNING: [Synth 8-7129] Port DrawX[9] in module control is either unconnected or has no load
WARNING: [Synth 8-7129] Port DrawX[8] in module control is either unconnected or has no load
WARNING: [Synth 8-7129] Port DrawX[7] in module control is either unconnected or has no load
WARNING: [Synth 8-7129] Port DrawX[6] in module control is either unconnected or has no load
WARNING: [Synth 8-7129] Port DrawX[5] in module control is either unconnected or has no load
WARNING: [Synth 8-7129] Port DrawX[4] in module control is either unconnected or has no load
WARNING: [Synth 8-7129] Port DrawX[3] in module control is either unconnected or has no load
WARNING: [Synth 8-7129] Port DrawX[2] in module control is either unconnected or has no load
WARNING: [Synth 8-7129] Port DrawX[1] in module control is either unconnected or has no load
WARNING: [Synth 8-7129] Port DrawX[0] in module control is either unconnected or has no load
WARNING: [Synth 8-7129] Port DrawY[9] in module control is either unconnected or has no load
WARNING: [Synth 8-7129] Port DrawY[8] in module control is either unconnected or has no load
WARNING: [Synth 8-7129] Port DrawY[7] in module control is either unconnected or has no load
WARNING: [Synth 8-7129] Port DrawY[6] in module control is either unconnected or has no load
WARNING: [Synth 8-7129] Port DrawY[5] in module control is either unconnected or has no load
WARNING: [Synth 8-7129] Port DrawY[4] in module control is either unconnected or has no load
WARNING: [Synth 8-7129] Port DrawY[3] in module control is either unconnected or has no load
WARNING: [Synth 8-7129] Port DrawY[2] in module control is either unconnected or has no load
WARNING: [Synth 8-7129] Port DrawY[1] in module control is either unconnected or has no load
WARNING: [Synth 8-7129] Port DrawY[0] in module control is either unconnected or has no load
WARNING: [Synth 8-7129] Port Ball_size[9] in module control is either unconnected or has no load
WARNING: [Synth 8-7129] Port Ball_size[8] in module control is either unconnected or has no load
WARNING: [Synth 8-7129] Port Ball_size[7] in module control is either unconnected or has no load
WARNING: [Synth 8-7129] Port Ball_size[6] in module control is either unconnected or has no load
WARNING: [Synth 8-7129] Port Ball_size[5] in module control is either unconnected or has no load
WARNING: [Synth 8-7129] Port Ball_size[4] in module control is either unconnected or has no load
WARNING: [Synth 8-7129] Port Ball_size[3] in module control is either unconnected or has no load
WARNING: [Synth 8-7129] Port Ball_size[2] in module control is either unconnected or has no load
WARNING: [Synth 8-7129] Port Ball_size[1] in module control is either unconnected or has no load
WARNING: [Synth 8-7129] Port Ball_size[0] in module control is either unconnected or has no load
WARNING: [Synth 8-7129] Port Reset in module dog is either unconnected or has no load
WARNING: [Synth 8-7129] Port Reset in module duck is either unconnected or has no load
WARNING: [Synth 8-7129] Port button in module duck is either unconnected or has no load
WARNING: [Synth 8-7129] Port DrawX[9] in module duck is either unconnected or has no load
WARNING: [Synth 8-7129] Port DrawX[8] in module duck is either unconnected or has no load
WARNING: [Synth 8-7129] Port DrawX[7] in module duck is either unconnected or has no load
WARNING: [Synth 8-7129] Port DrawX[6] in module duck is either unconnected or has no load
WARNING: [Synth 8-7129] Port DrawX[5] in module duck is either unconnected or has no load
WARNING: [Synth 8-7129] Port DrawX[4] in module duck is either unconnected or has no load
WARNING: [Synth 8-7129] Port DrawX[3] in module duck is either unconnected or has no load
WARNING: [Synth 8-7129] Port DrawX[2] in module duck is either unconnected or has no load
WARNING: [Synth 8-7129] Port DrawX[1] in module duck is either unconnected or has no load
WARNING: [Synth 8-7129] Port DrawX[0] in module duck is either unconnected or has no load
WARNING: [Synth 8-7129] Port DrawY[9] in module duck is either unconnected or has no load
WARNING: [Synth 8-7129] Port DrawY[8] in module duck is either unconnected or has no load
WARNING: [Synth 8-7129] Port DrawY[7] in module duck is either unconnected or has no load
WARNING: [Synth 8-7129] Port DrawY[6] in module duck is either unconnected or has no load
WARNING: [Synth 8-7129] Port DrawY[5] in module duck is either unconnected or has no load
WARNING: [Synth 8-7129] Port DrawY[4] in module duck is either unconnected or has no load
WARNING: [Synth 8-7129] Port DrawY[3] in module duck is either unconnected or has no load
WARNING: [Synth 8-7129] Port DrawY[2] in module duck is either unconnected or has no load
WARNING: [Synth 8-7129] Port DrawY[1] in module duck is either unconnected or has no load
WARNING: [Synth 8-7129] Port DrawY[0] in module duck is either unconnected or has no load
WARNING: [Synth 8-7129] Port BallX[9] in module duck is either unconnected or has no load
WARNING: [Synth 8-7129] Port BallX[8] in module duck is either unconnected or has no load
WARNING: [Synth 8-7129] Port BallX[7] in module duck is either unconnected or has no load
WARNING: [Synth 8-7129] Port BallX[6] in module duck is either unconnected or has no load
WARNING: [Synth 8-7129] Port BallX[5] in module duck is either unconnected or has no load
WARNING: [Synth 8-7129] Port BallX[4] in module duck is either unconnected or has no load
WARNING: [Synth 8-7129] Port BallX[3] in module duck is either unconnected or has no load
WARNING: [Synth 8-7129] Port BallX[2] in module duck is either unconnected or has no load
WARNING: [Synth 8-7129] Port BallX[1] in module duck is either unconnected or has no load
WARNING: [Synth 8-7129] Port BallX[0] in module duck is either unconnected or has no load
WARNING: [Synth 8-7129] Port BallY[9] in module duck is either unconnected or has no load
WARNING: [Synth 8-7129] Port BallY[8] in module duck is either unconnected or has no load
WARNING: [Synth 8-7129] Port BallY[7] in module duck is either unconnected or has no load
WARNING: [Synth 8-7129] Port BallY[6] in module duck is either unconnected or has no load
WARNING: [Synth 8-7129] Port BallY[5] in module duck is either unconnected or has no load
WARNING: [Synth 8-7129] Port BallY[4] in module duck is either unconnected or has no load
WARNING: [Synth 8-7129] Port BallY[3] in module duck is either unconnected or has no load
WARNING: [Synth 8-7129] Port BallY[2] in module duck is either unconnected or has no load
WARNING: [Synth 8-7129] Port BallY[1] in module duck is either unconnected or has no load
WARNING: [Synth 8-7129] Port BallY[0] in module duck is either unconnected or has no load
WARNING: [Synth 8-7129] Port Ball_size[9] in module duck is either unconnected or has no load
WARNING: [Synth 8-7129] Port Ball_size[8] in module duck is either unconnected or has no load
WARNING: [Synth 8-7129] Port Ball_size[7] in module duck is either unconnected or has no load
WARNING: [Synth 8-7129] Port Ball_size[6] in module duck is either unconnected or has no load
WARNING: [Synth 8-7129] Port Ball_size[5] in module duck is either unconnected or has no load
WARNING: [Synth 8-7129] Port Ball_size[4] in module duck is either unconnected or has no load
WARNING: [Synth 8-7129] Port Ball_size[3] in module duck is either unconnected or has no load
WARNING: [Synth 8-7129] Port Ball_size[2] in module duck is either unconnected or has no load
WARNING: [Synth 8-7129] Port Ball_size[1] in module duck is either unconnected or has no load
WARNING: [Synth 8-7129] Port Ball_size[0] in module duck is either unconnected or has no load
WARNING: [Synth 8-7129] Port CLKB in module blk_mem_output_block is either unconnected or has no load
WARNING: [Synth 8-7129] Port DOUTB_I[3] in module blk_mem_output_block is either unconnected or has no load
WARNING: [Synth 8-7129] Port DOUTB_I[2] in module blk_mem_output_block is either unconnected or has no load
WARNING: [Synth 8-7129] Port DOUTB_I[1] in module blk_mem_output_block is either unconnected or has no load
WARNING: [Synth 8-7129] Port DOUTB_I[0] in module blk_mem_output_block is either unconnected or has no load
INFO: [Common 17-14] Message 'Synth 8-7129' appears 100 times and further instances of the messages will be disabled. Use the Tcl command set_msg_config to change the current settings.
---------------------------------------------------------------------------------
Finished RTL Elaboration : Time (s): cpu = 00:00:20 ; elapsed = 00:00:22 . Memory (MB): peak = 1567.383 ; gain = 746.941
---------------------------------------------------------------------------------
---------------------------------------------------------------------------------
Start Handling Custom Attributes
---------------------------------------------------------------------------------
---------------------------------------------------------------------------------
Finished Handling Custom Attributes : Time (s): cpu = 00:00:21 ; elapsed = 00:00:22 . Memory (MB): peak = 1567.383 ; gain = 746.941
---------------------------------------------------------------------------------
---------------------------------------------------------------------------------
Finished RTL Optimization Phase 1 : Time (s): cpu = 00:00:21 ; elapsed = 00:00:22 . Memory (MB): peak = 1567.383 ; gain = 746.941
---------------------------------------------------------------------------------
Netlist sorting complete. Time (s): cpu = 00:00:00 ; elapsed = 00:00:00.072 . Memory (MB): peak = 1567.383 ; gain = 0.000
INFO: [Netlist 29-17] Analyzing 1 Unisim elements for replacement
INFO: [Netlist 29-28] Unisim Transformation completed in 0 CPU seconds
WARNING: [Netlist 29-1115] Found multi-term driver net: color_instance/hundreds_digit[1].
INFO: [Project 1-570] Preparing netlist for logic optimization

Processing XDC Constraints
Initializing timing engine
Parsing XDC File [c:/385_Vivado_Projects/Final_Project/ECE-385-Final-Project/goose_hunt/goose_hunt.gen/sources_1/bd/mb_block/ip/mb_block_microblaze_0_0/mb_block_microblaze_0_0/mb_block_microblaze_0_0_in_context.xdc] for cell 'mb_block_i/microblaze_0'
Finished Parsing XDC File [c:/385_Vivado_Projects/Final_Project/ECE-385-Final-Project/goose_hunt/goose_hunt.gen/sources_1/bd/mb_block/ip/mb_block_microblaze_0_0/mb_block_microblaze_0_0/mb_block_microblaze_0_0_in_context.xdc] for cell 'mb_block_i/microblaze_0'
Parsing XDC File [c:/385_Vivado_Projects/Final_Project/ECE-385-Final-Project/goose_hunt/goose_hunt.gen/sources_1/bd/mb_block/ip/mb_block_dlmb_v10_0/mb_block_dlmb_v10_0/mb_block_dlmb_v10_0_in_context.xdc] for cell 'mb_block_i/microblaze_0_local_memory/dlmb_v10'
Finished Parsing XDC File [c:/385_Vivado_Projects/Final_Project/ECE-385-Final-Project/goose_hunt/goose_hunt.gen/sources_1/bd/mb_block/ip/mb_block_dlmb_v10_0/mb_block_dlmb_v10_0/mb_block_dlmb_v10_0_in_context.xdc] for cell 'mb_block_i/microblaze_0_local_memory/dlmb_v10'
Parsing XDC File [c:/385_Vivado_Projects/Final_Project/ECE-385-Final-Project/goose_hunt/goose_hunt.gen/sources_1/bd/mb_block/ip/mb_block_ilmb_v10_0/mb_block_ilmb_v10_0/mb_block_dlmb_v10_0_in_context.xdc] for cell 'mb_block_i/microblaze_0_local_memory/ilmb_v10'
Finished Parsing XDC File [c:/385_Vivado_Projects/Final_Project/ECE-385-Final-Project/goose_hunt/goose_hunt.gen/sources_1/bd/mb_block/ip/mb_block_ilmb_v10_0/mb_block_ilmb_v10_0/mb_block_dlmb_v10_0_in_context.xdc] for cell 'mb_block_i/microblaze_0_local_memory/ilmb_v10'
Parsing XDC File [c:/385_Vivado_Projects/Final_Project/ECE-385-Final-Project/goose_hunt/goose_hunt.gen/sources_1/bd/mb_block/ip/mb_block_dlmb_bram_if_cntlr_0/mb_block_dlmb_bram_if_cntlr_0/mb_block_dlmb_bram_if_cntlr_0_in_context.xdc] for cell 'mb_block_i/microblaze_0_local_memory/dlmb_bram_if_cntlr'
Finished Parsing XDC File [c:/385_Vivado_Projects/Final_Project/ECE-385-Final-Project/goose_hunt/goose_hunt.gen/sources_1/bd/mb_block/ip/mb_block_dlmb_bram_if_cntlr_0/mb_block_dlmb_bram_if_cntlr_0/mb_block_dlmb_bram_if_cntlr_0_in_context.xdc] for cell 'mb_block_i/microblaze_0_local_memory/dlmb_bram_if_cntlr'
Parsing XDC File [c:/385_Vivado_Projects/Final_Project/ECE-385-Final-Project/goose_hunt/goose_hunt.gen/sources_1/bd/mb_block/ip/mb_block_ilmb_bram_if_cntlr_0/mb_block_ilmb_bram_if_cntlr_0/mb_block_ilmb_bram_if_cntlr_0_in_context.xdc] for cell 'mb_block_i/microblaze_0_local_memory/ilmb_bram_if_cntlr'
Finished Parsing XDC File [c:/385_Vivado_Projects/Final_Project/ECE-385-Final-Project/goose_hunt/goose_hunt.gen/sources_1/bd/mb_block/ip/mb_block_ilmb_bram_if_cntlr_0/mb_block_ilmb_bram_if_cntlr_0/mb_block_ilmb_bram_if_cntlr_0_in_context.xdc] for cell 'mb_block_i/microblaze_0_local_memory/ilmb_bram_if_cntlr'
Parsing XDC File [c:/385_Vivado_Projects/Final_Project/ECE-385-Final-Project/goose_hunt/goose_hunt.gen/sources_1/bd/mb_block/ip/mb_block_lmb_bram_0/mb_block_lmb_bram_0/mb_block_lmb_bram_0_in_context.xdc] for cell 'mb_block_i/microblaze_0_local_memory/lmb_bram'
Finished Parsing XDC File [c:/385_Vivado_Projects/Final_Project/ECE-385-Final-Project/goose_hunt/goose_hunt.gen/sources_1/bd/mb_block/ip/mb_block_lmb_bram_0/mb_block_lmb_bram_0/mb_block_lmb_bram_0_in_context.xdc] for cell 'mb_block_i/microblaze_0_local_memory/lmb_bram'
Parsing XDC File [c:/385_Vivado_Projects/Final_Project/ECE-385-Final-Project/goose_hunt/goose_hunt.gen/sources_1/bd/mb_block/ip/mb_block_xbar_0/mb_block_xbar_0/mb_block_xbar_0_in_context.xdc] for cell 'mb_block_i/microblaze_0_axi_periph/xbar'
Finished Parsing XDC File [c:/385_Vivado_Projects/Final_Project/ECE-385-Final-Project/goose_hunt/goose_hunt.gen/sources_1/bd/mb_block/ip/mb_block_xbar_0/mb_block_xbar_0/mb_block_xbar_0_in_context.xdc] for cell 'mb_block_i/microblaze_0_axi_periph/xbar'
Parsing XDC File [c:/385_Vivado_Projects/Final_Project/ECE-385-Final-Project/goose_hunt/goose_hunt.gen/sources_1/bd/mb_block/ip/mb_block_microblaze_0_axi_intc_0/mb_block_microblaze_0_axi_intc_0/mb_block_microblaze_0_axi_intc_0_in_context.xdc] for cell 'mb_block_i/microblaze_0_axi_intc'
Finished Parsing XDC File [c:/385_Vivado_Projects/Final_Project/ECE-385-Final-Project/goose_hunt/goose_hunt.gen/sources_1/bd/mb_block/ip/mb_block_microblaze_0_axi_intc_0/mb_block_microblaze_0_axi_intc_0/mb_block_microblaze_0_axi_intc_0_in_context.xdc] for cell 'mb_block_i/microblaze_0_axi_intc'
Parsing XDC File [c:/385_Vivado_Projects/Final_Project/ECE-385-Final-Project/goose_hunt/goose_hunt.gen/sources_1/bd/mb_block/ip/mb_block_mdm_1_0/mb_block_mdm_1_0/mb_block_mdm_1_0_in_context.xdc] for cell 'mb_block_i/mdm_1'
Finished Parsing XDC File [c:/385_Vivado_Projects/Final_Project/ECE-385-Final-Project/goose_hunt/goose_hunt.gen/sources_1/bd/mb_block/ip/mb_block_mdm_1_0/mb_block_mdm_1_0/mb_block_mdm_1_0_in_context.xdc] for cell 'mb_block_i/mdm_1'
Parsing XDC File [c:/385_Vivado_Projects/Final_Project/ECE-385-Final-Project/goose_hunt/goose_hunt.gen/sources_1/bd/mb_block/ip/mb_block_clk_wiz_1_0/mb_block_clk_wiz_1_0/mb_block_clk_wiz_1_0_in_context.xdc] for cell 'mb_block_i/clk_wiz_1'
Finished Parsing XDC File [c:/385_Vivado_Projects/Final_Project/ECE-385-Final-Project/goose_hunt/goose_hunt.gen/sources_1/bd/mb_block/ip/mb_block_clk_wiz_1_0/mb_block_clk_wiz_1_0/mb_block_clk_wiz_1_0_in_context.xdc] for cell 'mb_block_i/clk_wiz_1'
Parsing XDC File [c:/385_Vivado_Projects/Final_Project/ECE-385-Final-Project/goose_hunt/goose_hunt.gen/sources_1/bd/mb_block/ip/mb_block_rst_clk_wiz_1_100M_0/mb_block_rst_clk_wiz_1_100M_0/mb_block_rst_clk_wiz_1_100M_0_in_context.xdc] for cell 'mb_block_i/rst_clk_wiz_1_100M'
Finished Parsing XDC File [c:/385_Vivado_Projects/Final_Project/ECE-385-Final-Project/goose_hunt/goose_hunt.gen/sources_1/bd/mb_block/ip/mb_block_rst_clk_wiz_1_100M_0/mb_block_rst_clk_wiz_1_100M_0/mb_block_rst_clk_wiz_1_100M_0_in_context.xdc] for cell 'mb_block_i/rst_clk_wiz_1_100M'
Parsing XDC File [c:/385_Vivado_Projects/Final_Project/ECE-385-Final-Project/goose_hunt/goose_hunt.gen/sources_1/bd/mb_block/ip/mb_block_axi_uartlite_0_0/mb_block_axi_uartlite_0_0/mb_block_axi_uartlite_0_0_in_context.xdc] for cell 'mb_block_i/axi_uartlite_0'
Finished Parsing XDC File [c:/385_Vivado_Projects/Final_Project/ECE-385-Final-Project/goose_hunt/goose_hunt.gen/sources_1/bd/mb_block/ip/mb_block_axi_uartlite_0_0/mb_block_axi_uartlite_0_0/mb_block_axi_uartlite_0_0_in_context.xdc] for cell 'mb_block_i/axi_uartlite_0'
Parsing XDC File [c:/385_Vivado_Projects/Final_Project/ECE-385-Final-Project/goose_hunt/goose_hunt.gen/sources_1/bd/mb_block/ip/mb_block_axi_gpio_0_0/mb_block_axi_gpio_0_0/mb_block_axi_gpio_0_0_in_context.xdc] for cell 'mb_block_i/gpio_usb_rst'
Finished Parsing XDC File [c:/385_Vivado_Projects/Final_Project/ECE-385-Final-Project/goose_hunt/goose_hunt.gen/sources_1/bd/mb_block/ip/mb_block_axi_gpio_0_0/mb_block_axi_gpio_0_0/mb_block_axi_gpio_0_0_in_context.xdc] for cell 'mb_block_i/gpio_usb_rst'
Parsing XDC File [c:/385_Vivado_Projects/Final_Project/ECE-385-Final-Project/goose_hunt/goose_hunt.gen/sources_1/bd/mb_block/ip/mb_block_axi_gpio_0_1/mb_block_axi_gpio_0_1/mb_block_axi_gpio_0_1_in_context.xdc] for cell 'mb_block_i/gpio_usb_int'
Finished Parsing XDC File [c:/385_Vivado_Projects/Final_Project/ECE-385-Final-Project/goose_hunt/goose_hunt.gen/sources_1/bd/mb_block/ip/mb_block_axi_gpio_0_1/mb_block_axi_gpio_0_1/mb_block_axi_gpio_0_1_in_context.xdc] for cell 'mb_block_i/gpio_usb_int'
Parsing XDC File [c:/385_Vivado_Projects/Final_Project/ECE-385-Final-Project/goose_hunt/goose_hunt.gen/sources_1/bd/mb_block/ip/mb_block_axi_timer_0_0/mb_block_axi_timer_0_0/mb_block_axi_timer_0_0_in_context.xdc] for cell 'mb_block_i/timer_usb_axi'
Finished Parsing XDC File [c:/385_Vivado_Projects/Final_Project/ECE-385-Final-Project/goose_hunt/goose_hunt.gen/sources_1/bd/mb_block/ip/mb_block_axi_timer_0_0/mb_block_axi_timer_0_0/mb_block_axi_timer_0_0_in_context.xdc] for cell 'mb_block_i/timer_usb_axi'
Parsing XDC File [c:/385_Vivado_Projects/Final_Project/ECE-385-Final-Project/goose_hunt/goose_hunt.gen/sources_1/bd/mb_block/ip/mb_block_axi_quad_spi_0_0/mb_block_axi_quad_spi_0_0/mb_block_axi_quad_spi_0_0_in_context.xdc] for cell 'mb_block_i/spi_usb'
Finished Parsing XDC File [c:/385_Vivado_Projects/Final_Project/ECE-385-Final-Project/goose_hunt/goose_hunt.gen/sources_1/bd/mb_block/ip/mb_block_axi_quad_spi_0_0/mb_block_axi_quad_spi_0_0/mb_block_axi_quad_spi_0_0_in_context.xdc] for cell 'mb_block_i/spi_usb'
Parsing XDC File [c:/385_Vivado_Projects/Final_Project/ECE-385-Final-Project/goose_hunt/goose_hunt.gen/sources_1/bd/mb_block/ip/mb_block_axi_gpio_0_2/mb_block_axi_gpio_0_2/mb_block_axi_gpio_0_2_in_context.xdc] for cell 'mb_block_i/gpio_usb_keycode'
Finished Parsing XDC File [c:/385_Vivado_Projects/Final_Project/ECE-385-Final-Project/goose_hunt/goose_hunt.gen/sources_1/bd/mb_block/ip/mb_block_axi_gpio_0_2/mb_block_axi_gpio_0_2/mb_block_axi_gpio_0_2_in_context.xdc] for cell 'mb_block_i/gpio_usb_keycode'
Parsing XDC File [c:/385_Vivado_Projects/Final_Project/ECE-385-Final-Project/goose_hunt/goose_hunt.gen/sources_1/ip/hdmi_tx_0/hdmi_tx_0/hdmi_tx_0_in_context.xdc] for cell 'vga_to_hdmi'
Finished Parsing XDC File [c:/385_Vivado_Projects/Final_Project/ECE-385-Final-Project/goose_hunt/goose_hunt.gen/sources_1/ip/hdmi_tx_0/hdmi_tx_0/hdmi_tx_0_in_context.xdc] for cell 'vga_to_hdmi'
Parsing XDC File [c:/385_Vivado_Projects/Final_Project/ECE-385-Final-Project/goose_hunt/goose_hunt.gen/sources_1/ip/clk_wiz_0/clk_wiz_0/clk_wiz_0_in_context.xdc] for cell 'clk_wiz'
WARNING: [Constraints 18-619] A clock with name 'Clk' already exists, overwriting the previous clock with the same name. [c:/385_Vivado_Projects/Final_Project/ECE-385-Final-Project/goose_hunt/goose_hunt.gen/sources_1/ip/clk_wiz_0/clk_wiz_0/clk_wiz_0_in_context.xdc:1]
Finished Parsing XDC File [c:/385_Vivado_Projects/Final_Project/ECE-385-Final-Project/goose_hunt/goose_hunt.gen/sources_1/ip/clk_wiz_0/clk_wiz_0/clk_wiz_0_in_context.xdc] for cell 'clk_wiz'
Parsing XDC File [c:/385_Vivado_Projects/Final_Project/ECE-385-Final-Project/goose_hunt/goose_hunt.gen/sources_1/ip/duck_hunt_v2_rom/duck_hunt_v2_rom/duck_hunt_v2_rom_in_context.xdc] for cell 'color_instance/duck_hunt_v2_rom'
Finished Parsing XDC File [c:/385_Vivado_Projects/Final_Project/ECE-385-Final-Project/goose_hunt/goose_hunt.gen/sources_1/ip/duck_hunt_v2_rom/duck_hunt_v2_rom/duck_hunt_v2_rom_in_context.xdc] for cell 'color_instance/duck_hunt_v2_rom'
Parsing XDC File [c:/385_Vivado_Projects/Final_Project/ECE-385-Final-Project/goose_hunt/goose_hunt.gen/sources_1/ip/Goose_wing_up_rom/Goose_wing_up_rom/Goose_wing_up_rom_in_context.xdc] for cell 'color_instance/wing_up_rom'
Finished Parsing XDC File [c:/385_Vivado_Projects/Final_Project/ECE-385-Final-Project/goose_hunt/goose_hunt.gen/sources_1/ip/Goose_wing_up_rom/Goose_wing_up_rom/Goose_wing_up_rom_in_context.xdc] for cell 'color_instance/wing_up_rom'
Parsing XDC File [c:/385_Vivado_Projects/Final_Project/ECE-385-Final-Project/goose_hunt/goose_hunt.gen/sources_1/ip/Goose_wing_mid_rom/Goose_wing_mid_rom/Goose_wing_mid_rom_in_context.xdc] for cell 'color_instance/wing_mid_rom'
Finished Parsing XDC File [c:/385_Vivado_Projects/Final_Project/ECE-385-Final-Project/goose_hunt/goose_hunt.gen/sources_1/ip/Goose_wing_mid_rom/Goose_wing_mid_rom/Goose_wing_mid_rom_in_context.xdc] for cell 'color_instance/wing_mid_rom'
Parsing XDC File [c:/385_Vivado_Projects/Final_Project/ECE-385-Final-Project/goose_hunt/goose_hunt.gen/sources_1/ip/Goose_wing_down_rom/Goose_wing_down_rom/Goose_wing_down_rom_in_context.xdc] for cell 'color_instance/wing_down_rom'
Finished Parsing XDC File [c:/385_Vivado_Projects/Final_Project/ECE-385-Final-Project/goose_hunt/goose_hunt.gen/sources_1/ip/Goose_wing_down_rom/Goose_wing_down_rom/Goose_wing_down_rom_in_context.xdc] for cell 'color_instance/wing_down_rom'
Parsing XDC File [c:/385_Vivado_Projects/Final_Project/ECE-385-Final-Project/goose_hunt/goose_hunt.gen/sources_1/ip/Goose_fall_rom/Goose_fall_rom/Goose_fall_rom_in_context.xdc] for cell 'color_instance/fall_rom'
Finished Parsing XDC File [c:/385_Vivado_Projects/Final_Project/ECE-385-Final-Project/goose_hunt/goose_hunt.gen/sources_1/ip/Goose_fall_rom/Goose_fall_rom/Goose_fall_rom_in_context.xdc] for cell 'color_instance/fall_rom'
Parsing XDC File [c:/385_Vivado_Projects/Final_Project/ECE-385-Final-Project/goose_hunt/goose_hunt.gen/sources_1/ip/dog_excited_rom/dog_excited_rom/dog_excited_rom_in_context.xdc] for cell 'dog0/dog_excited_rom'
Finished Parsing XDC File [c:/385_Vivado_Projects/Final_Project/ECE-385-Final-Project/goose_hunt/goose_hunt.gen/sources_1/ip/dog_excited_rom/dog_excited_rom/dog_excited_rom_in_context.xdc] for cell 'dog0/dog_excited_rom'
Parsing XDC File [c:/385_Vivado_Projects/Final_Project/ECE-385-Final-Project/goose_hunt/goose_hunt.gen/sources_1/ip/dog_sniff_rom/dog_sniff_rom/dog_sniff_rom_in_context.xdc] for cell 'dog0/dog_sniff_rom'
Finished Parsing XDC File [c:/385_Vivado_Projects/Final_Project/ECE-385-Final-Project/goose_hunt/goose_hunt.gen/sources_1/ip/dog_sniff_rom/dog_sniff_rom/dog_sniff_rom_in_context.xdc] for cell 'dog0/dog_sniff_rom'
Parsing XDC File [c:/385_Vivado_Projects/Final_Project/ECE-385-Final-Project/goose_hunt/goose_hunt.gen/sources_1/ip/dog_walk_first_rom/dog_walk_first_rom/dog_walk_first_rom_in_context.xdc] for cell 'dog0/dog_walk_first_rom'
Finished Parsing XDC File [c:/385_Vivado_Projects/Final_Project/ECE-385-Final-Project/goose_hunt/goose_hunt.gen/sources_1/ip/dog_walk_first_rom/dog_walk_first_rom/dog_walk_first_rom_in_context.xdc] for cell 'dog0/dog_walk_first_rom'
Parsing XDC File [c:/385_Vivado_Projects/Final_Project/ECE-385-Final-Project/goose_hunt/goose_hunt.gen/sources_1/ip/dog_walk_second_rom/dog_walk_second_rom/dog_walk_second_rom_in_context.xdc] for cell 'dog0/dog_walk_second_rom'
Finished Parsing XDC File [c:/385_Vivado_Projects/Final_Project/ECE-385-Final-Project/goose_hunt/goose_hunt.gen/sources_1/ip/dog_walk_second_rom/dog_walk_second_rom/dog_walk_second_rom_in_context.xdc] for cell 'dog0/dog_walk_second_rom'
Parsing XDC File [c:/385_Vivado_Projects/Final_Project/ECE-385-Final-Project/goose_hunt/goose_hunt.gen/sources_1/ip/dog_walk_third_rom/dog_walk_third_rom/dog_walk_third_rom_in_context.xdc] for cell 'dog0/dog_walk_third_rom'
Finished Parsing XDC File [c:/385_Vivado_Projects/Final_Project/ECE-385-Final-Project/goose_hunt/goose_hunt.gen/sources_1/ip/dog_walk_third_rom/dog_walk_third_rom/dog_walk_third_rom_in_context.xdc] for cell 'dog0/dog_walk_third_rom'
Parsing XDC File [c:/385_Vivado_Projects/Final_Project/ECE-385-Final-Project/goose_hunt/goose_hunt.gen/sources_1/ip/duck_walk_fourth_rom/duck_walk_fourth_rom/duck_walk_fourth_rom_in_context.xdc] for cell 'dog0/dog_walk_fourth_rom'
Finished Parsing XDC File [c:/385_Vivado_Projects/Final_Project/ECE-385-Final-Project/goose_hunt/goose_hunt.gen/sources_1/ip/duck_walk_fourth_rom/duck_walk_fourth_rom/duck_walk_fourth_rom_in_context.xdc] for cell 'dog0/dog_walk_fourth_rom'
Parsing XDC File [c:/385_Vivado_Projects/Final_Project/ECE-385-Final-Project/goose_hunt/goose_hunt.gen/sources_1/ip/dog_jump1_rom/dog_jump1_rom/dog_jump1_rom_in_context.xdc] for cell 'dog0/dog_jump1_rom'
Finished Parsing XDC File [c:/385_Vivado_Projects/Final_Project/ECE-385-Final-Project/goose_hunt/goose_hunt.gen/sources_1/ip/dog_jump1_rom/dog_jump1_rom/dog_jump1_rom_in_context.xdc] for cell 'dog0/dog_jump1_rom'
Parsing XDC File [c:/385_Vivado_Projects/Final_Project/ECE-385-Final-Project/goose_hunt/goose_hunt.gen/sources_1/ip/dog_jump2_rom/dog_jump2_rom/dog_jump2_rom_in_context.xdc] for cell 'dog0/dog_jump2_rom'
Finished Parsing XDC File [c:/385_Vivado_Projects/Final_Project/ECE-385-Final-Project/goose_hunt/goose_hunt.gen/sources_1/ip/dog_jump2_rom/dog_jump2_rom/dog_jump2_rom_in_context.xdc] for cell 'dog0/dog_jump2_rom'
Parsing XDC File [c:/385_Vivado_Projects/Final_Project/ECE-385-Final-Project/goose_hunt/goose_hunt.gen/sources_1/ip/dog_standing_rom/dog_standing_rom/dog_standing_rom_in_context.xdc] for cell 'dog0/dog_standing_rom'
Finished Parsing XDC File [c:/385_Vivado_Projects/Final_Project/ECE-385-Final-Project/goose_hunt/goose_hunt.gen/sources_1/ip/dog_standing_rom/dog_standing_rom/dog_standing_rom_in_context.xdc] for cell 'dog0/dog_standing_rom'
Parsing XDC File [c:/385_Vivado_Projects/Final_Project/ECE-385-Final-Project/goose_hunt/goose_hunt.gen/sources_1/ip/dog_laugh1_rom/dog_laugh1_rom/dog_laugh1_rom_in_context.xdc] for cell 'dog0/dog_laugh1_rom'
Finished Parsing XDC File [c:/385_Vivado_Projects/Final_Project/ECE-385-Final-Project/goose_hunt/goose_hunt.gen/sources_1/ip/dog_laugh1_rom/dog_laugh1_rom/dog_laugh1_rom_in_context.xdc] for cell 'dog0/dog_laugh1_rom'
Parsing XDC File [c:/385_Vivado_Projects/Final_Project/ECE-385-Final-Project/goose_hunt/goose_hunt.gen/sources_1/ip/Goose_fly_away2_rom/Goose_fly_away2_rom/Goose_fly_away2_rom_in_context.xdc] for cell 'color_instance/Goose_fly_away2_rom'
Finished Parsing XDC File [c:/385_Vivado_Projects/Final_Project/ECE-385-Final-Project/goose_hunt/goose_hunt.gen/sources_1/ip/Goose_fly_away2_rom/Goose_fly_away2_rom/Goose_fly_away2_rom_in_context.xdc] for cell 'color_instance/Goose_fly_away2_rom'
Parsing XDC File [c:/385_Vivado_Projects/Final_Project/ECE-385-Final-Project/goose_hunt/goose_hunt.gen/sources_1/ip/Goose_fly_away3/Goose_fly_away3/Goose_fly_away3_in_context.xdc] for cell 'color_instance/Goose_fly_away3_rom'
Finished Parsing XDC File [c:/385_Vivado_Projects/Final_Project/ECE-385-Final-Project/goose_hunt/goose_hunt.gen/sources_1/ip/Goose_fly_away3/Goose_fly_away3/Goose_fly_away3_in_context.xdc] for cell 'color_instance/Goose_fly_away3_rom'
Parsing XDC File [c:/385_Vivado_Projects/Final_Project/ECE-385-Final-Project/goose_hunt/goose_hunt.gen/sources_1/ip/num_0_rom/num_0_rom/num_0_rom_in_context.xdc] for cell 'color_instance/rom0'
Finished Parsing XDC File [c:/385_Vivado_Projects/Final_Project/ECE-385-Final-Project/goose_hunt/goose_hunt.gen/sources_1/ip/num_0_rom/num_0_rom/num_0_rom_in_context.xdc] for cell 'color_instance/rom0'
Parsing XDC File [c:/385_Vivado_Projects/Final_Project/ECE-385-Final-Project/goose_hunt/goose_hunt.gen/sources_1/ip/num_1_rom/num_1_rom/num_1_rom_in_context.xdc] for cell 'color_instance/rom1'
Finished Parsing XDC File [c:/385_Vivado_Projects/Final_Project/ECE-385-Final-Project/goose_hunt/goose_hunt.gen/sources_1/ip/num_1_rom/num_1_rom/num_1_rom_in_context.xdc] for cell 'color_instance/rom1'
Parsing XDC File [c:/385_Vivado_Projects/Final_Project/ECE-385-Final-Project/goose_hunt/goose_hunt.gen/sources_1/ip/num_2_rom/num_2_rom/num_2_rom_in_context.xdc] for cell 'color_instance/rom2'
Finished Parsing XDC File [c:/385_Vivado_Projects/Final_Project/ECE-385-Final-Project/goose_hunt/goose_hunt.gen/sources_1/ip/num_2_rom/num_2_rom/num_2_rom_in_context.xdc] for cell 'color_instance/rom2'
Parsing XDC File [c:/385_Vivado_Projects/Final_Project/ECE-385-Final-Project/goose_hunt/goose_hunt.gen/sources_1/ip/num_3_rom/num_3_rom/num_3_rom_in_context.xdc] for cell 'color_instance/rom3'
Finished Parsing XDC File [c:/385_Vivado_Projects/Final_Project/ECE-385-Final-Project/goose_hunt/goose_hunt.gen/sources_1/ip/num_3_rom/num_3_rom/num_3_rom_in_context.xdc] for cell 'color_instance/rom3'
Parsing XDC File [c:/385_Vivado_Projects/Final_Project/ECE-385-Final-Project/goose_hunt/goose_hunt.gen/sources_1/ip/num_4_rom/num_4_rom/num_4_rom_in_context.xdc] for cell 'color_instance/rom4'
Finished Parsing XDC File [c:/385_Vivado_Projects/Final_Project/ECE-385-Final-Project/goose_hunt/goose_hunt.gen/sources_1/ip/num_4_rom/num_4_rom/num_4_rom_in_context.xdc] for cell 'color_instance/rom4'
Parsing XDC File [c:/385_Vivado_Projects/Final_Project/ECE-385-Final-Project/goose_hunt/goose_hunt.gen/sources_1/ip/num_5_rom/num_5_rom/num_5_rom_in_context.xdc] for cell 'color_instance/rom5'
Finished Parsing XDC File [c:/385_Vivado_Projects/Final_Project/ECE-385-Final-Project/goose_hunt/goose_hunt.gen/sources_1/ip/num_5_rom/num_5_rom/num_5_rom_in_context.xdc] for cell 'color_instance/rom5'
Parsing XDC File [c:/385_Vivado_Projects/Final_Project/ECE-385-Final-Project/goose_hunt/goose_hunt.gen/sources_1/ip/num_6_rom/num_6_rom/num_6_rom_in_context.xdc] for cell 'color_instance/rom6'
Finished Parsing XDC File [c:/385_Vivado_Projects/Final_Project/ECE-385-Final-Project/goose_hunt/goose_hunt.gen/sources_1/ip/num_6_rom/num_6_rom/num_6_rom_in_context.xdc] for cell 'color_instance/rom6'
Parsing XDC File [c:/385_Vivado_Projects/Final_Project/ECE-385-Final-Project/goose_hunt/goose_hunt.gen/sources_1/ip/num_7_rom/num_7_rom/num_7_rom_in_context.xdc] for cell 'color_instance/rom7'
Finished Parsing XDC File [c:/385_Vivado_Projects/Final_Project/ECE-385-Final-Project/goose_hunt/goose_hunt.gen/sources_1/ip/num_7_rom/num_7_rom/num_7_rom_in_context.xdc] for cell 'color_instance/rom7'
Parsing XDC File [c:/385_Vivado_Projects/Final_Project/ECE-385-Final-Project/goose_hunt/goose_hunt.gen/sources_1/ip/num_8_rom/num_8_rom/num_8_rom_in_context.xdc] for cell 'color_instance/rom8'
Finished Parsing XDC File [c:/385_Vivado_Projects/Final_Project/ECE-385-Final-Project/goose_hunt/goose_hunt.gen/sources_1/ip/num_8_rom/num_8_rom/num_8_rom_in_context.xdc] for cell 'color_instance/rom8'
Parsing XDC File [c:/385_Vivado_Projects/Final_Project/ECE-385-Final-Project/goose_hunt/goose_hunt.gen/sources_1/ip/num_9_rom/num_9_rom/num_9_rom_in_context.xdc] for cell 'color_instance/rom9'
Finished Parsing XDC File [c:/385_Vivado_Projects/Final_Project/ECE-385-Final-Project/goose_hunt/goose_hunt.gen/sources_1/ip/num_9_rom/num_9_rom/num_9_rom_in_context.xdc] for cell 'color_instance/rom9'
Parsing XDC File [c:/385_Vivado_Projects/Final_Project/ECE-385-Final-Project/goose_hunt/goose_hunt.gen/sources_1/ip/num_10_rom/num_10_rom/num_10_rom_in_context.xdc] for cell 'color_instance/rom10'
Finished Parsing XDC File [c:/385_Vivado_Projects/Final_Project/ECE-385-Final-Project/goose_hunt/goose_hunt.gen/sources_1/ip/num_10_rom/num_10_rom/num_10_rom_in_context.xdc] for cell 'color_instance/rom10'
Parsing XDC File [c:/385_Vivado_Projects/Final_Project/ECE-385-Final-Project/goose_hunt/goose_hunt.gen/sources_1/ip/duck_hunt_end_rom/duck_hunt_end_rom/duck_hunt_end_rom_in_context.xdc] for cell 'color_instance/game_over_rom'
Finished Parsing XDC File [c:/385_Vivado_Projects/Final_Project/ECE-385-Final-Project/goose_hunt/goose_hunt.gen/sources_1/ip/duck_hunt_end_rom/duck_hunt_end_rom/duck_hunt_end_rom_in_context.xdc] for cell 'color_instance/game_over_rom'
Parsing XDC File [C:/385_Vivado_Projects/Final_Project/ECE-385-Final-Project/goose_hunt/goose_hunt.srcs/constrs_1/imports/pin_assignment/mb_usb_hdmi_top.xdc]
CRITICAL WARNING: [Constraints 18-1056] Clock 'clk_100' completely overrides clock 'Clk'.
New: create_clock -period 10.000 -name clk_100 -waveform {0.000 5.000} [get_ports Clk], [C:/385_Vivado_Projects/Final_Project/ECE-385-Final-Project/goose_hunt/goose_hunt.srcs/constrs_1/imports/pin_assignment/mb_usb_hdmi_top.xdc:1]
Previous: create_clock -period 10.000 [get_ports Clk], [c:/385_Vivado_Projects/Final_Project/ECE-385-Final-Project/goose_hunt/goose_hunt.gen/sources_1/ip/clk_wiz_0/clk_wiz_0/clk_wiz_0_in_context.xdc:1]
Resolution: Review the constraint files and remove the redundant clock definition(s). If the clock constraints are not saved in a file, you can first save the constraints to an XDC file and reload the design once the constraints have been corrected.
Finished Parsing XDC File [C:/385_Vivado_Projects/Final_Project/ECE-385-Final-Project/goose_hunt/goose_hunt.srcs/constrs_1/imports/pin_assignment/mb_usb_hdmi_top.xdc]
INFO: [Project 1-236] Implementation specific constraints were found while reading constraint file [C:/385_Vivado_Projects/Final_Project/ECE-385-Final-Project/goose_hunt/goose_hunt.srcs/constrs_1/imports/pin_assignment/mb_usb_hdmi_top.xdc]. These constraints will be ignored for synthesis but will be used in implementation. Impacted constraints are listed in the file [.Xil/mb_usb_hdmi_top_propImpl.xdc].
Resolution: To avoid this warning, move constraints listed in [.Xil/mb_usb_hdmi_top_propImpl.xdc] to another XDC file and exclude this new file from synthesis with the used_in_synthesis property (File Properties dialog in GUI) and re-run elaboration/synthesis.
Parsing XDC File [C:/385_Vivado_Projects/Final_Project/ECE-385-Final-Project/goose_hunt/goose_hunt.runs/synth_1/dont_touch.xdc]
Finished Parsing XDC File [C:/385_Vivado_Projects/Final_Project/ECE-385-Final-Project/goose_hunt/goose_hunt.runs/synth_1/dont_touch.xdc]
Completed Processing XDC Constraints

Netlist sorting complete. Time (s): cpu = 00:00:00 ; elapsed = 00:00:00.001 . Memory (MB): peak = 1627.742 ; gain = 0.000
INFO: [Project 1-111] Unisim Transformation Summary:
No Unisim elements were transformed.

Constraint Validation Runtime : Time (s): cpu = 00:00:00 ; elapsed = 00:00:00.033 . Memory (MB): peak = 1627.742 ; gain = 0.000
WARNING: [Timing 38-316] Clock period '20.000' specified during out-of-context synthesis of instance 'mb_block_i/spi_usb' at clock pin 'ext_spi_clk' is different from the actual clock period '10.000', this can lead to different synthesis results.
WARNING: [Timing 38-316] Clock period '20.000' specified during out-of-context synthesis of instance 'mb_block_i/microblaze_0_local_memory/lmb_bram' at clock pin 'clka' is different from the actual clock period '10.000', this can lead to different synthesis results.
INFO: [Designutils 20-5440] No compile time benefit to using incremental synthesis; A full resynthesis will be run
INFO: [Designutils 20-4379] Flow is switching to default flow due to incremental criteria not met. If you would like to alter this behaviour and have the flow terminate instead, please set the following parameter config_implementation {autoIncr.Synth.RejectBehavior Terminate}
INFO: [Synth 8-11241] undeclared symbol 'REGCCE', assumed default net type 'wire' [C:/Vivado/2022.2/data/verilog/src/unimacro/BRAM_SINGLE_MACRO.v:2170]
---------------------------------------------------------------------------------
Finished Constraint Validation : Time (s): cpu = 00:00:29 ; elapsed = 00:00:31 . Memory (MB): peak = 1628.000 ; gain = 807.559
---------------------------------------------------------------------------------
---------------------------------------------------------------------------------
Start Loading Part and Timing Information
---------------------------------------------------------------------------------
Loading part: xc7s50csga324-1
---------------------------------------------------------------------------------
Finished Loading Part and Timing Information : Time (s): cpu = 00:00:29 ; elapsed = 00:00:31 . Memory (MB): peak = 1628.000 ; gain = 807.559
---------------------------------------------------------------------------------
---------------------------------------------------------------------------------
Start Applying 'set_property' XDC Constraints
---------------------------------------------------------------------------------
Applied set_property IO_BUFFER_TYPE = NONE for hdmi_tmds_clk_n. (constraint file  c:/385_Vivado_Projects/Final_Project/ECE-385-Final-Project/goose_hunt/goose_hunt.gen/sources_1/ip/hdmi_tx_0/hdmi_tx_0/hdmi_tx_0_in_context.xdc, line 1).
Applied set_property CLOCK_BUFFER_TYPE = NONE for hdmi_tmds_clk_n. (constraint file  c:/385_Vivado_Projects/Final_Project/ECE-385-Final-Project/goose_hunt/goose_hunt.gen/sources_1/ip/hdmi_tx_0/hdmi_tx_0/hdmi_tx_0_in_context.xdc, line 2).
Applied set_property IO_BUFFER_TYPE = NONE for hdmi_tmds_clk_p. (constraint file  c:/385_Vivado_Projects/Final_Project/ECE-385-Final-Project/goose_hunt/goose_hunt.gen/sources_1/ip/hdmi_tx_0/hdmi_tx_0/hdmi_tx_0_in_context.xdc, line 3).
Applied set_property CLOCK_BUFFER_TYPE = NONE for hdmi_tmds_clk_p. (constraint file  c:/385_Vivado_Projects/Final_Project/ECE-385-Final-Project/goose_hunt/goose_hunt.gen/sources_1/ip/hdmi_tx_0/hdmi_tx_0/hdmi_tx_0_in_context.xdc, line 4).
Applied set_property IO_BUFFER_TYPE = NONE for hdmi_tmds_data_n[0]. (constraint file  c:/385_Vivado_Projects/Final_Project/ECE-385-Final-Project/goose_hunt/goose_hunt.gen/sources_1/ip/hdmi_tx_0/hdmi_tx_0/hdmi_tx_0_in_context.xdc, line 5).
Applied set_property CLOCK_BUFFER_TYPE = NONE for hdmi_tmds_data_n[0]. (constraint file  c:/385_Vivado_Projects/Final_Project/ECE-385-Final-Project/goose_hunt/goose_hunt.gen/sources_1/ip/hdmi_tx_0/hdmi_tx_0/hdmi_tx_0_in_context.xdc, line 6).
Applied set_property IO_BUFFER_TYPE = NONE for hdmi_tmds_data_n[1]. (constraint file  c:/385_Vivado_Projects/Final_Project/ECE-385-Final-Project/goose_hunt/goose_hunt.gen/sources_1/ip/hdmi_tx_0/hdmi_tx_0/hdmi_tx_0_in_context.xdc, line 7).
Applied set_property CLOCK_BUFFER_TYPE = NONE for hdmi_tmds_data_n[1]. (constraint file  c:/385_Vivado_Projects/Final_Project/ECE-385-Final-Project/goose_hunt/goose_hunt.gen/sources_1/ip/hdmi_tx_0/hdmi_tx_0/hdmi_tx_0_in_context.xdc, line 8).
Applied set_property IO_BUFFER_TYPE = NONE for hdmi_tmds_data_n[2]. (constraint file  c:/385_Vivado_Projects/Final_Project/ECE-385-Final-Project/goose_hunt/goose_hunt.gen/sources_1/ip/hdmi_tx_0/hdmi_tx_0/hdmi_tx_0_in_context.xdc, line 9).
Applied set_property CLOCK_BUFFER_TYPE = NONE for hdmi_tmds_data_n[2]. (constraint file  c:/385_Vivado_Projects/Final_Project/ECE-385-Final-Project/goose_hunt/goose_hunt.gen/sources_1/ip/hdmi_tx_0/hdmi_tx_0/hdmi_tx_0_in_context.xdc, line 10).
Applied set_property IO_BUFFER_TYPE = NONE for hdmi_tmds_data_p[0]. (constraint file  c:/385_Vivado_Projects/Final_Project/ECE-385-Final-Project/goose_hunt/goose_hunt.gen/sources_1/ip/hdmi_tx_0/hdmi_tx_0/hdmi_tx_0_in_context.xdc, line 11).
Applied set_property CLOCK_BUFFER_TYPE = NONE for hdmi_tmds_data_p[0]. (constraint file  c:/385_Vivado_Projects/Final_Project/ECE-385-Final-Project/goose_hunt/goose_hunt.gen/sources_1/ip/hdmi_tx_0/hdmi_tx_0/hdmi_tx_0_in_context.xdc, line 12).
Applied set_property IO_BUFFER_TYPE = NONE for hdmi_tmds_data_p[1]. (constraint file  c:/385_Vivado_Projects/Final_Project/ECE-385-Final-Project/goose_hunt/goose_hunt.gen/sources_1/ip/hdmi_tx_0/hdmi_tx_0/hdmi_tx_0_in_context.xdc, line 13).
Applied set_property CLOCK_BUFFER_TYPE = NONE for hdmi_tmds_data_p[1]. (constraint file  c:/385_Vivado_Projects/Final_Project/ECE-385-Final-Project/goose_hunt/goose_hunt.gen/sources_1/ip/hdmi_tx_0/hdmi_tx_0/hdmi_tx_0_in_context.xdc, line 14).
Applied set_property IO_BUFFER_TYPE = NONE for hdmi_tmds_data_p[2]. (constraint file  c:/385_Vivado_Projects/Final_Project/ECE-385-Final-Project/goose_hunt/goose_hunt.gen/sources_1/ip/hdmi_tx_0/hdmi_tx_0/hdmi_tx_0_in_context.xdc, line 15).
Applied set_property CLOCK_BUFFER_TYPE = NONE for hdmi_tmds_data_p[2]. (constraint file  c:/385_Vivado_Projects/Final_Project/ECE-385-Final-Project/goose_hunt/goose_hunt.gen/sources_1/ip/hdmi_tx_0/hdmi_tx_0/hdmi_tx_0_in_context.xdc, line 16).
Applied set_property IO_BUFFER_TYPE = NONE for Clk. (constraint file  c:/385_Vivado_Projects/Final_Project/ECE-385-Final-Project/goose_hunt/goose_hunt.gen/sources_1/ip/clk_wiz_0/clk_wiz_0/clk_wiz_0_in_context.xdc, line 4).
Applied set_property CLOCK_BUFFER_TYPE = NONE for Clk. (constraint file  c:/385_Vivado_Projects/Final_Project/ECE-385-Final-Project/goose_hunt/goose_hunt.gen/sources_1/ip/clk_wiz_0/clk_wiz_0/clk_wiz_0_in_context.xdc, line 5).
Applied set_property KEEP_HIERARCHY = SOFT for color_instance/Goose_fly_away1_rom. (constraint file  auto generated constraint).
Applied set_property KEEP_HIERARCHY = SOFT for mb_block_i. (constraint file  auto generated constraint).
Applied set_property KEEP_HIERARCHY = SOFT for mb_block_i/microblaze_0. (constraint file  auto generated constraint).
Applied set_property KEEP_HIERARCHY = SOFT for mb_block_i/microblaze_0_local_memory/dlmb_v10. (constraint file  auto generated constraint).
Applied set_property KEEP_HIERARCHY = SOFT for mb_block_i/microblaze_0_local_memory/ilmb_v10. (constraint file  auto generated constraint).
Applied set_property KEEP_HIERARCHY = SOFT for mb_block_i/microblaze_0_local_memory/dlmb_bram_if_cntlr. (constraint file  auto generated constraint).
Applied set_property KEEP_HIERARCHY = SOFT for mb_block_i/microblaze_0_local_memory/ilmb_bram_if_cntlr. (constraint file  auto generated constraint).
Applied set_property KEEP_HIERARCHY = SOFT for mb_block_i/microblaze_0_local_memory/lmb_bram. (constraint file  auto generated constraint).
Applied set_property KEEP_HIERARCHY = SOFT for mb_block_i/microblaze_0_axi_periph/xbar. (constraint file  auto generated constraint).
Applied set_property KEEP_HIERARCHY = SOFT for mb_block_i/microblaze_0_axi_periph. (constraint file  auto generated constraint).
Applied set_property KEEP_HIERARCHY = SOFT for mb_block_i/microblaze_0_axi_intc. (constraint file  auto generated constraint).
Applied set_property KEEP_HIERARCHY = SOFT for mb_block_i/mdm_1. (constraint file  auto generated constraint).
Applied set_property KEEP_HIERARCHY = SOFT for mb_block_i/clk_wiz_1. (constraint file  auto generated constraint).
Applied set_property KEEP_HIERARCHY = SOFT for mb_block_i/rst_clk_wiz_1_100M. (constraint file  auto generated constraint).
Applied set_property KEEP_HIERARCHY = SOFT for mb_block_i/axi_uartlite_0. (constraint file  auto generated constraint).
Applied set_property KEEP_HIERARCHY = SOFT for mb_block_i/gpio_usb_rst. (constraint file  auto generated constraint).
Applied set_property KEEP_HIERARCHY = SOFT for mb_block_i/gpio_usb_int. (constraint file  auto generated constraint).
Applied set_property KEEP_HIERARCHY = SOFT for mb_block_i/timer_usb_axi. (constraint file  auto generated constraint).
Applied set_property KEEP_HIERARCHY = SOFT for mb_block_i/xlconcat_0. (constraint file  auto generated constraint).
Applied set_property KEEP_HIERARCHY = SOFT for mb_block_i/spi_usb. (constraint file  auto generated constraint).
Applied set_property KEEP_HIERARCHY = SOFT for mb_block_i/gpio_usb_keycode. (constraint file  auto generated constraint).
Applied set_property KEEP_HIERARCHY = SOFT for vga_to_hdmi. (constraint file  auto generated constraint).
Applied set_property KEEP_HIERARCHY = SOFT for clk_wiz. (constraint file  auto generated constraint).
Applied set_property KEEP_HIERARCHY = SOFT for color_instance/duck_hunt_v2_rom. (constraint file  auto generated constraint).
Applied set_property KEEP_HIERARCHY = SOFT for color_instance/wing_up_rom. (constraint file  auto generated constraint).
Applied set_property KEEP_HIERARCHY = SOFT for color_instance/wing_mid_rom. (constraint file  auto generated constraint).
Applied set_property KEEP_HIERARCHY = SOFT for color_instance/wing_down_rom. (constraint file  auto generated constraint).
Applied set_property KEEP_HIERARCHY = SOFT for color_instance/fall_rom. (constraint file  auto generated constraint).
Applied set_property KEEP_HIERARCHY = SOFT for dog0/dog_excited_rom. (constraint file  auto generated constraint).
Applied set_property KEEP_HIERARCHY = SOFT for dog0/dog_sniff_rom. (constraint file  auto generated constraint).
Applied set_property KEEP_HIERARCHY = SOFT for dog0/dog_walk_first_rom. (constraint file  auto generated constraint).
Applied set_property KEEP_HIERARCHY = SOFT for dog0/dog_walk_second_rom. (constraint file  auto generated constraint).
Applied set_property KEEP_HIERARCHY = SOFT for dog0/dog_walk_third_rom. (constraint file  auto generated constraint).
Applied set_property KEEP_HIERARCHY = SOFT for dog0/dog_walk_fourth_rom. (constraint file  auto generated constraint).
Applied set_property KEEP_HIERARCHY = SOFT for dog0/dog_jump1_rom. (constraint file  auto generated constraint).
Applied set_property KEEP_HIERARCHY = SOFT for dog0/dog_jump2_rom. (constraint file  auto generated constraint).
Applied set_property KEEP_HIERARCHY = SOFT for dog0/dog_standing_rom. (constraint file  auto generated constraint).
Applied set_property KEEP_HIERARCHY = SOFT for dog0/dog_laugh1_rom. (constraint file  auto generated constraint).
Applied set_property KEEP_HIERARCHY = SOFT for color_instance/Goose_fly_away2_rom. (constraint file  auto generated constraint).
Applied set_property KEEP_HIERARCHY = SOFT for color_instance/Goose_fly_away3_rom. (constraint file  auto generated constraint).
Applied set_property KEEP_HIERARCHY = SOFT for color_instance/rom0. (constraint file  auto generated constraint).
Applied set_property KEEP_HIERARCHY = SOFT for color_instance/rom1. (constraint file  auto generated constraint).
Applied set_property KEEP_HIERARCHY = SOFT for color_instance/rom2. (constraint file  auto generated constraint).
Applied set_property KEEP_HIERARCHY = SOFT for color_instance/rom3. (constraint file  auto generated constraint).
Applied set_property KEEP_HIERARCHY = SOFT for color_instance/rom4. (constraint file  auto generated constraint).
Applied set_property KEEP_HIERARCHY = SOFT for color_instance/rom5. (constraint file  auto generated constraint).
Applied set_property KEEP_HIERARCHY = SOFT for color_instance/rom6. (constraint file  auto generated constraint).
Applied set_property KEEP_HIERARCHY = SOFT for color_instance/rom7. (constraint file  auto generated constraint).
Applied set_property KEEP_HIERARCHY = SOFT for color_instance/rom8. (constraint file  auto generated constraint).
Applied set_property KEEP_HIERARCHY = SOFT for color_instance/rom9. (constraint file  auto generated constraint).
Applied set_property KEEP_HIERARCHY = SOFT for color_instance/rom10. (constraint file  auto generated constraint).
Applied set_property KEEP_HIERARCHY = SOFT for color_instance/game_over_rom. (constraint file  auto generated constraint).
---------------------------------------------------------------------------------
Finished applying 'set_property' XDC Constraints : Time (s): cpu = 00:00:29 ; elapsed = 00:00:31 . Memory (MB): peak = 1628.000 ; gain = 807.559
---------------------------------------------------------------------------------
INFO: [Synth 8-802] inferred FSM for state register 'state_reg' in module 'control'
WARNING: [Synth 8-327] inferring latch for variable 'Red_reg' [C:/385_Vivado_Projects/Final_Project/ECE-385-Final-Project/goose_hunt/goose_hunt.srcs/sources_1/imports/design_source/Color_Mapper.sv:481]
WARNING: [Synth 8-327] inferring latch for variable 'Green_reg' [C:/385_Vivado_Projects/Final_Project/ECE-385-Final-Project/goose_hunt/goose_hunt.srcs/sources_1/imports/design_source/Color_Mapper.sv:482]
WARNING: [Synth 8-327] inferring latch for variable 'Blue_reg' [C:/385_Vivado_Projects/Final_Project/ECE-385-Final-Project/goose_hunt/goose_hunt.srcs/sources_1/imports/design_source/Color_Mapper.sv:483]
WARNING: [Synth 8-327] inferring latch for variable 'rom_address_duck_reg' [C:/385_Vivado_Projects/Final_Project/ECE-385-Final-Project/goose_hunt/goose_hunt.srcs/sources_1/imports/design_source/Color_Mapper.sv:323]
WARNING: [Synth 8-327] inferring latch for variable 'Dog_Red_reg' [C:/385_Vivado_Projects/Final_Project/ECE-385-Final-Project/goose_hunt/goose_hunt.srcs/sources_1/new/dog.sv:277]
WARNING: [Synth 8-327] inferring latch for variable 'Dog_Green_reg' [C:/385_Vivado_Projects/Final_Project/ECE-385-Final-Project/goose_hunt/goose_hunt.srcs/sources_1/new/dog.sv:278]
WARNING: [Synth 8-327] inferring latch for variable 'Dog_Blue_reg' [C:/385_Vivado_Projects/Final_Project/ECE-385-Final-Project/goose_hunt/goose_hunt.srcs/sources_1/new/dog.sv:279]
WARNING: [Synth 8-327] inferring latch for variable 'dog_on_reg' [C:/385_Vivado_Projects/Final_Project/ECE-385-Final-Project/goose_hunt/goose_hunt.srcs/sources_1/new/dog.sv:332]
WARNING: [Synth 8-327] inferring latch for variable 'rom_address_dog_reg' [C:/385_Vivado_Projects/Final_Project/ECE-385-Final-Project/goose_hunt/goose_hunt.srcs/sources_1/new/dog.sv:103]
---------------------------------------------------------------------------------------------------
                   State |                     New Encoding |                Previous Encoding 
---------------------------------------------------------------------------------------------------
                new_game |                  000000000000001 |                            00000
               new_round |                  000000000000010 |                            00001
         dog_emerge_walk |                  000000000000100 |                            00010
                dog_walk |                  000000000001000 |                            00101
                new_duck |                  000000000010000 |                            01110
                duck_fly |                  000000000100000 |                            01001
               duck_fall |                  000000001000000 |                            01101
         dog_emerge_hold |                  000000010000000 |                            00011
             dog_hold_up |                  000000100000000 |                            00110
           dog_hold_down |                  000001000000000 |                            00111
          fly_away_inter |                  000010000000000 |                            01111
                fly_away |                  000100000000000 |                            01010
         dog_emerge_mock |                  001000000000000 |                            00100
                dog_mock |                  010000000000000 |                            01000
               game_over |                  100000000000000 |                            01011
---------------------------------------------------------------------------------------------------
INFO: [Synth 8-3354] encoded FSM with state register 'state_reg' using encoding 'one-hot' in module 'control'
---------------------------------------------------------------------------------
Finished RTL Optimization Phase 2 : Time (s): cpu = 00:00:30 ; elapsed = 00:00:33 . Memory (MB): peak = 1628.000 ; gain = 807.559
---------------------------------------------------------------------------------
---------------------------------------------------------------------------------
Start RTL Component Statistics 
---------------------------------------------------------------------------------
Detailed RTL Component Info : 
+---Adders : 
	   2 Input   32 Bit       Adders := 2     
	   3 Input   32 Bit       Adders := 4     
	   3 Input   17 Bit       Adders := 5     
	   4 Input   17 Bit       Adders := 1     
	   2 Input   17 Bit       Adders := 1     
	   2 Input   11 Bit       Adders := 4     
	   3 Input   11 Bit       Adders := 6     
	   2 Input   10 Bit       Adders := 25    
	   3 Input   10 Bit       Adders := 8     
	   2 Input    8 Bit       Adders := 4     
	   3 Input    8 Bit       Adders := 1     
	   2 Input    4 Bit       Adders := 4     
+---XORs : 
	   4 Input      1 Bit         XORs := 1     
+---Registers : 
	               32 Bit    Registers := 2     
	               10 Bit    Registers := 13    
	                9 Bit    Registers := 1     
	                8 Bit    Registers := 3     
	                4 Bit    Registers := 4     
	                2 Bit    Registers := 1     
	                1 Bit    Registers := 7     
+---Muxes : 
	   2 Input   32 Bit        Muxes := 4     
	   2 Input   17 Bit        Muxes := 3     
	  24 Input   17 Bit        Muxes := 1     
	  15 Input   15 Bit        Muxes := 1     
	   2 Input   15 Bit        Muxes := 7     
	  16 Input   12 Bit        Muxes := 11    
	   2 Input   10 Bit        Muxes := 22    
	   3 Input   10 Bit        Muxes := 1     
	   4 Input   10 Bit        Muxes := 1     
	   3 Input    9 Bit        Muxes := 1     
	   4 Input    8 Bit        Muxes := 2     
	   2 Input    8 Bit        Muxes := 8     
	   3 Input    5 Bit        Muxes := 2     
	  15 Input    5 Bit        Muxes := 1     
	   5 Input    4 Bit        Muxes := 2     
	   2 Input    4 Bit        Muxes := 46    
	   4 Input    4 Bit        Muxes := 6     
	  24 Input    4 Bit        Muxes := 1     
	   7 Input    3 Bit        Muxes := 1     
	   3 Input    2 Bit        Muxes := 1     
	   2 Input    1 Bit        Muxes := 41    
	   4 Input    1 Bit        Muxes := 1     
	   5 Input    1 Bit        Muxes := 1     
	  15 Input    1 Bit        Muxes := 5     
---------------------------------------------------------------------------------
Finished RTL Component Statistics 
---------------------------------------------------------------------------------
---------------------------------------------------------------------------------
Start Part Resource Summary
---------------------------------------------------------------------------------
Part Resources:
DSPs: 120 (col length:60)
BRAMs: 150 (col length: RAMB18 60 RAMB36 30)
---------------------------------------------------------------------------------
Finished Part Resource Summary
---------------------------------------------------------------------------------
---------------------------------------------------------------------------------
Start Cross Boundary and Area Optimization
---------------------------------------------------------------------------------
WARNING: [Synth 8-7080] Parallel synthesis criteria is not met
DSP Report: Generating DSP p_1_out, operation Mode is: C+A*B+1.
DSP Report: operator p_1_out is absorbed into DSP p_1_out.
DSP Report: operator rom_address_duck1 is absorbed into DSP p_1_out.
DSP Report: Generating DSP rom_address1, operation Mode is: A*(B:0x140).
DSP Report: operator rom_address1 is absorbed into DSP rom_address1.
DSP Report: Generating DSP rom_address2, operation Mode is: A*(B:0xf0).
DSP Report: operator rom_address2 is absorbed into DSP rom_address2.
DSP Report: Generating DSP rom_address, operation Mode is: C+A*(B:0x140).
DSP Report: operator rom_address is absorbed into DSP rom_address.
DSP Report: operator rom_address0 is absorbed into DSP rom_address.
DSP Report: Generating DSP rom_address_digit1, operation Mode is: (D+(A:0x3ffffe80))*(B:0x14).
DSP Report: operator rom_address_digit1 is absorbed into DSP rom_address_digit1.
DSP Report: operator rom_address_digit2 is absorbed into DSP rom_address_digit1.
DSP Report: Generating DSP rom_address_digit0, operation Mode is: PCIN+(A:0x0):B+(C:0xffffffffff9e).
DSP Report: operator rom_address_digit0 is absorbed into DSP rom_address_digit0.
DSP Report: Generating DSP rom_address_digit1, operation Mode is: (D+(A:0x3ffffe68))*(B:0x14).
DSP Report: operator rom_address_digit1 is absorbed into DSP rom_address_digit1.
DSP Report: operator rom_address_digit2 is absorbed into DSP rom_address_digit1.
DSP Report: Generating DSP rom_address_dog0, operation Mode is: C+A*(B:0x6e).
DSP Report: operator rom_address_dog0 is absorbed into DSP rom_address_dog0.
DSP Report: operator rom_address_dog1 is absorbed into DSP rom_address_dog0.
WARNING: [Synth 8-3917] design mb_usb_hdmi_top has port hex_segA[7] driven by constant 1
WARNING: [Synth 8-3917] design mb_usb_hdmi_top has port hex_segB[7] driven by constant 1
WARNING: [Synth 8-3332] Sequential element (rom_address_duck_reg[16]) is unused and will be removed from module color_mapper.
WARNING: [Synth 8-3332] Sequential element (rom_address_duck_reg[15]) is unused and will be removed from module color_mapper.
WARNING: [Synth 8-3332] Sequential element (rom_address_duck_reg[14]) is unused and will be removed from module color_mapper.
WARNING: [Synth 8-3332] Sequential element (rom_address_duck_reg[13]) is unused and will be removed from module color_mapper.
WARNING: [Synth 8-3332] Sequential element (rom_address_duck_reg[12]) is unused and will be removed from module color_mapper.
WARNING: [Synth 8-3332] Sequential element (dog0/rom_address_dog_reg[16]) is unused and will be removed from module mb_usb_hdmi_top.
WARNING: [Synth 8-3332] Sequential element (dog0/rom_address_dog_reg[15]) is unused and will be removed from module mb_usb_hdmi_top.
WARNING: [Synth 8-3332] Sequential element (dog0/rom_address_dog_reg[14]) is unused and will be removed from module mb_usb_hdmi_top.

*** Running vivado
    with args -log mb_usb_hdmi_top.vds -m64 -product Vivado -mode batch -messageDb vivado.pb -notrace -source mb_usb_hdmi_top.tcl



****** Vivado v2022.2 (64-bit)
  **** SW Build 3671981 on Fri Oct 14 05:00:03 MDT 2022
  **** IP Build 3669848 on Fri Oct 14 08:30:02 MDT 2022
    ** Copyright 1986-2022 Xilinx, Inc. All Rights Reserved.

source mb_usb_hdmi_top.tcl -notrace
INFO: [IP_Flow 19-234] Refreshing IP repositories
INFO: [IP_Flow 19-1700] Loaded user IP repository 'c:/385_Vivado_Projects/Final_Project/ECE-385-Final-Project/hdmi_tx_1.0'.
INFO: [IP_Flow 19-2313] Loaded Vivado IP repository 'C:/Vivado/2022.2/data/ip'.
WARNING: [IP_Flow 19-4995] The host OS only allows 260 characters in a normal path. The IP cache path is more than 80 characters. If you experience issues with IP caching, please consider changing the IP cache to a location with a shorter path. Alternately consider using the OS subst command to map part of the path to a drive letter. 
Current IP cache path is c:/385_Vivado_Projects/Final_Project/ECE-385-Final-Project/goose_hunt/goose_hunt.cache/ip 
Command: read_checkpoint -auto_incremental -incremental C:/385_Vivado_Projects/Final_Project/ECE-385-Final-Project/goose_hunt/goose_hunt.srcs/utils_1/imports/synth_1/mb_usb_hdmi_top.dcp
INFO: [Vivado 12-5825] Read reference checkpoint from C:/385_Vivado_Projects/Final_Project/ECE-385-Final-Project/goose_hunt/goose_hunt.srcs/utils_1/imports/synth_1/mb_usb_hdmi_top.dcp for incremental synthesis
INFO: [Vivado 12-7989] Please ensure there are no constraint changes
Command: synth_design -top mb_usb_hdmi_top -part xc7s50csga324-1
Starting synth_design
Attempting to get a license for feature 'Synthesis' and/or device 'xc7s50'
INFO: [Common 17-349] Got license for feature 'Synthesis' and/or device 'xc7s50'
INFO: [Device 21-403] Loading part xc7s50csga324-1
INFO: [Designutils 20-5440] No compile time benefit to using incremental synthesis; A full resynthesis will be run
INFO: [Designutils 20-4379] Flow is switching to default flow due to incremental criteria not met. If you would like to alter this behaviour and have the flow terminate instead, please set the following parameter config_implementation {autoIncr.Synth.RejectBehavior Terminate}
INFO: [Synth 8-7079] Multithreading enabled for synth_design using a maximum of 2 processes.
INFO: [Synth 8-7078] Launching helper process for spawning children vivado processes
INFO: [Synth 8-7075] Helper process launched with PID 10972
INFO: [Synth 8-11241] undeclared symbol 'REGCCE', assumed default net type 'wire' [C:/Vivado/2022.2/data/verilog/src/unimacro/BRAM_SINGLE_MACRO.v:2170]
INFO: [Synth 8-11241] undeclared symbol 'DistY', assumed default net type 'wire' [C:/385_Vivado_Projects/Final_Project/ECE-385-Final-Project/goose_hunt/goose_hunt.srcs/sources_1/imports/design_source/Color_Mapper.sv:418]
---------------------------------------------------------------------------------
Starting RTL Elaboration : Time (s): cpu = 00:00:08 ; elapsed = 00:00:08 . Memory (MB): peak = 1229.430 ; gain = 410.180
---------------------------------------------------------------------------------
INFO: [Synth 8-6157] synthesizing module 'mb_usb_hdmi_top' [C:/385_Vivado_Projects/Final_Project/ECE-385-Final-Project/goose_hunt/goose_hunt.srcs/sources_1/imports/design_source/mb_usb_hdmi_top.sv:14]
INFO: [Synth 8-6157] synthesizing module 'negedge_detector' [C:/385_Vivado_Projects/Final_Project/ECE-385-Final-Project/goose_hunt/goose_hunt.srcs/sources_1/imports/385_Vivado_Projects/negedge_detector.sv:1]
INFO: [Synth 8-6155] done synthesizing module 'negedge_detector' (0#1) [C:/385_Vivado_Projects/Final_Project/ECE-385-Final-Project/goose_hunt/goose_hunt.srcs/sources_1/imports/385_Vivado_Projects/negedge_detector.sv:1]
INFO: [Synth 8-6157] synthesizing module 'hex_driver' [C:/385_Vivado_Projects/Final_Project/ECE-385-Final-Project/goose_hunt/goose_hunt.srcs/sources_1/imports/design_source/hex_driver.sv:1]
INFO: [Synth 8-6157] synthesizing module 'nibble_to_hex' [C:/385_Vivado_Projects/Final_Project/ECE-385-Final-Project/goose_hunt/goose_hunt.srcs/sources_1/imports/design_source/hex_driver.sv:11]
INFO: [Synth 8-6155] done synthesizing module 'nibble_to_hex' (0#1) [C:/385_Vivado_Projects/Final_Project/ECE-385-Final-Project/goose_hunt/goose_hunt.srcs/sources_1/imports/design_source/hex_driver.sv:11]
INFO: [Synth 8-6157] synthesizing module 'nibble_to_hex' [C:/385_Vivado_Projects/Final_Project/ECE-385-Final-Project/goose_hunt/goose_hunt.srcs/sources_1/imports/design_source/hex_driver.sv:11]
INFO: [Synth 8-6155] done synthesizing module 'nibble_to_hex' (0#1) [C:/385_Vivado_Projects/Final_Project/ECE-385-Final-Project/goose_hunt/goose_hunt.srcs/sources_1/imports/design_source/hex_driver.sv:11]
INFO: [Synth 8-6157] synthesizing module 'nibble_to_hex' [C:/385_Vivado_Projects/Final_Project/ECE-385-Final-Project/goose_hunt/goose_hunt.srcs/sources_1/imports/design_source/hex_driver.sv:11]
INFO: [Synth 8-6155] done synthesizing module 'nibble_to_hex' (0#1) [C:/385_Vivado_Projects/Final_Project/ECE-385-Final-Project/goose_hunt/goose_hunt.srcs/sources_1/imports/design_source/hex_driver.sv:11]
INFO: [Synth 8-6157] synthesizing module 'nibble_to_hex' [C:/385_Vivado_Projects/Final_Project/ECE-385-Final-Project/goose_hunt/goose_hunt.srcs/sources_1/imports/design_source/hex_driver.sv:11]
INFO: [Synth 8-6155] done synthesizing module 'nibble_to_hex' (0#1) [C:/385_Vivado_Projects/Final_Project/ECE-385-Final-Project/goose_hunt/goose_hunt.srcs/sources_1/imports/design_source/hex_driver.sv:11]
INFO: [Synth 8-6155] done synthesizing module 'hex_driver' (0#1) [C:/385_Vivado_Projects/Final_Project/ECE-385-Final-Project/goose_hunt/goose_hunt.srcs/sources_1/imports/design_source/hex_driver.sv:1]
INFO: [Synth 8-6157] synthesizing module 'lfsr' [C:/385_Vivado_Projects/Final_Project/ECE-385-Final-Project/goose_hunt/goose_hunt.srcs/sources_1/new/lfsr.sv:23]
INFO: [Synth 8-6155] done synthesizing module 'lfsr' (0#1) [C:/385_Vivado_Projects/Final_Project/ECE-385-Final-Project/goose_hunt/goose_hunt.srcs/sources_1/new/lfsr.sv:23]
INFO: [Synth 8-6157] synthesizing module 'mb_block' [c:/385_Vivado_Projects/Final_Project/ECE-385-Final-Project/goose_hunt/goose_hunt.gen/sources_1/bd/mb_block/synth/mb_block.v:936]
INFO: [Synth 8-6157] synthesizing module 'mb_block_axi_uartlite_0_0' [C:/385_Vivado_Projects/Final_Project/ECE-385-Final-Project/goose_hunt/goose_hunt.runs/synth_1/.Xil/Vivado-16188-DESKTOP-0EC8M3E/realtime/mb_block_axi_uartlite_0_0_stub.v:5]
INFO: [Synth 8-6155] done synthesizing module 'mb_block_axi_uartlite_0_0' (0#1) [C:/385_Vivado_Projects/Final_Project/ECE-385-Final-Project/goose_hunt/goose_hunt.runs/synth_1/.Xil/Vivado-16188-DESKTOP-0EC8M3E/realtime/mb_block_axi_uartlite_0_0_stub.v:5]
INFO: [Synth 8-6157] synthesizing module 'mb_block_clk_wiz_1_0' [C:/385_Vivado_Projects/Final_Project/ECE-385-Final-Project/goose_hunt/goose_hunt.runs/synth_1/.Xil/Vivado-16188-DESKTOP-0EC8M3E/realtime/mb_block_clk_wiz_1_0_stub.v:5]
INFO: [Synth 8-6155] done synthesizing module 'mb_block_clk_wiz_1_0' (0#1) [C:/385_Vivado_Projects/Final_Project/ECE-385-Final-Project/goose_hunt/goose_hunt.runs/synth_1/.Xil/Vivado-16188-DESKTOP-0EC8M3E/realtime/mb_block_clk_wiz_1_0_stub.v:5]
INFO: [Synth 8-6157] synthesizing module 'mb_block_axi_gpio_0_1' [C:/385_Vivado_Projects/Final_Project/ECE-385-Final-Project/goose_hunt/goose_hunt.runs/synth_1/.Xil/Vivado-16188-DESKTOP-0EC8M3E/realtime/mb_block_axi_gpio_0_1_stub.v:5]
INFO: [Synth 8-6155] done synthesizing module 'mb_block_axi_gpio_0_1' (0#1) [C:/385_Vivado_Projects/Final_Project/ECE-385-Final-Project/goose_hunt/goose_hunt.runs/synth_1/.Xil/Vivado-16188-DESKTOP-0EC8M3E/realtime/mb_block_axi_gpio_0_1_stub.v:5]
INFO: [Synth 8-6157] synthesizing module 'mb_block_axi_gpio_0_2' [C:/385_Vivado_Projects/Final_Project/ECE-385-Final-Project/goose_hunt/goose_hunt.runs/synth_1/.Xil/Vivado-16188-DESKTOP-0EC8M3E/realtime/mb_block_axi_gpio_0_2_stub.v:5]
INFO: [Synth 8-6155] done synthesizing module 'mb_block_axi_gpio_0_2' (0#1) [C:/385_Vivado_Projects/Final_Project/ECE-385-Final-Project/goose_hunt/goose_hunt.runs/synth_1/.Xil/Vivado-16188-DESKTOP-0EC8M3E/realtime/mb_block_axi_gpio_0_2_stub.v:5]
INFO: [Synth 8-6157] synthesizing module 'mb_block_axi_gpio_0_0' [C:/385_Vivado_Projects/Final_Project/ECE-385-Final-Project/goose_hunt/goose_hunt.runs/synth_1/.Xil/Vivado-16188-DESKTOP-0EC8M3E/realtime/mb_block_axi_gpio_0_0_stub.v:5]
INFO: [Synth 8-6155] done synthesizing module 'mb_block_axi_gpio_0_0' (0#1) [C:/385_Vivado_Projects/Final_Project/ECE-385-Final-Project/goose_hunt/goose_hunt.runs/synth_1/.Xil/Vivado-16188-DESKTOP-0EC8M3E/realtime/mb_block_axi_gpio_0_0_stub.v:5]
INFO: [Synth 8-6157] synthesizing module 'mb_block_mdm_1_0' [C:/385_Vivado_Projects/Final_Project/ECE-385-Final-Project/goose_hunt/goose_hunt.runs/synth_1/.Xil/Vivado-16188-DESKTOP-0EC8M3E/realtime/mb_block_mdm_1_0_stub.v:5]
INFO: [Synth 8-6155] done synthesizing module 'mb_block_mdm_1_0' (0#1) [C:/385_Vivado_Projects/Final_Project/ECE-385-Final-Project/goose_hunt/goose_hunt.runs/synth_1/.Xil/Vivado-16188-DESKTOP-0EC8M3E/realtime/mb_block_mdm_1_0_stub.v:5]
INFO: [Synth 8-6157] synthesizing module 'mb_block_microblaze_0_0' [C:/385_Vivado_Projects/Final_Project/ECE-385-Final-Project/goose_hunt/goose_hunt.runs/synth_1/.Xil/Vivado-16188-DESKTOP-0EC8M3E/realtime/mb_block_microblaze_0_0_stub.v:5]
INFO: [Synth 8-6155] done synthesizing module 'mb_block_microblaze_0_0' (0#1) [C:/385_Vivado_Projects/Final_Project/ECE-385-Final-Project/goose_hunt/goose_hunt.runs/synth_1/.Xil/Vivado-16188-DESKTOP-0EC8M3E/realtime/mb_block_microblaze_0_0_stub.v:5]
INFO: [Synth 8-6157] synthesizing module 'mb_block_microblaze_0_axi_intc_0' [C:/385_Vivado_Projects/Final_Project/ECE-385-Final-Project/goose_hunt/goose_hunt.runs/synth_1/.Xil/Vivado-16188-DESKTOP-0EC8M3E/realtime/mb_block_microblaze_0_axi_intc_0_stub.v:5]
INFO: [Synth 8-6155] done synthesizing module 'mb_block_microblaze_0_axi_intc_0' (0#1) [C:/385_Vivado_Projects/Final_Project/ECE-385-Final-Project/goose_hunt/goose_hunt.runs/synth_1/.Xil/Vivado-16188-DESKTOP-0EC8M3E/realtime/mb_block_microblaze_0_axi_intc_0_stub.v:5]
INFO: [Synth 8-6157] synthesizing module 'mb_block_microblaze_0_axi_periph_0' [c:/385_Vivado_Projects/Final_Project/ECE-385-Final-Project/goose_hunt/goose_hunt.gen/sources_1/bd/mb_block/synth/mb_block.v:1602]
INFO: [Synth 8-6157] synthesizing module 'm00_couplers_imp_1TK4492' [c:/385_Vivado_Projects/Final_Project/ECE-385-Final-Project/goose_hunt/goose_hunt.gen/sources_1/bd/mb_block/synth/mb_block.v:12]
INFO: [Synth 8-6155] done synthesizing module 'm00_couplers_imp_1TK4492' (0#1) [c:/385_Vivado_Projects/Final_Project/ECE-385-Final-Project/goose_hunt/goose_hunt.gen/sources_1/bd/mb_block/synth/mb_block.v:12]
INFO: [Synth 8-6157] synthesizing module 'm01_couplers_imp_UT2LJ' [c:/385_Vivado_Projects/Final_Project/ECE-385-Final-Project/goose_hunt/goose_hunt.gen/sources_1/bd/mb_block/synth/mb_block.v:144]
INFO: [Synth 8-6155] done synthesizing module 'm01_couplers_imp_UT2LJ' (0#1) [c:/385_Vivado_Projects/Final_Project/ECE-385-Final-Project/goose_hunt/goose_hunt.gen/sources_1/bd/mb_block/synth/mb_block.v:144]
INFO: [Synth 8-6157] synthesizing module 'm02_couplers_imp_1ST4AV9' [c:/385_Vivado_Projects/Final_Project/ECE-385-Final-Project/goose_hunt/goose_hunt.gen/sources_1/bd/mb_block/synth/mb_block.v:276]
INFO: [Synth 8-6155] done synthesizing module 'm02_couplers_imp_1ST4AV9' (0#1) [c:/385_Vivado_Projects/Final_Project/ECE-385-Final-Project/goose_hunt/goose_hunt.gen/sources_1/bd/mb_block/synth/mb_block.v:276]
INFO: [Synth 8-6157] synthesizing module 'm03_couplers_imp_1VI1NO' [c:/385_Vivado_Projects/Final_Project/ECE-385-Final-Project/goose_hunt/goose_hunt.gen/sources_1/bd/mb_block/synth/mb_block.v:408]
INFO: [Synth 8-6155] done synthesizing module 'm03_couplers_imp_1VI1NO' (0#1) [c:/385_Vivado_Projects/Final_Project/ECE-385-Final-Project/goose_hunt/goose_hunt.gen/sources_1/bd/mb_block/synth/mb_block.v:408]
INFO: [Synth 8-6157] synthesizing module 'm04_couplers_imp_1SCR8U8' [c:/385_Vivado_Projects/Final_Project/ECE-385-Final-Project/goose_hunt/goose_hunt.gen/sources_1/bd/mb_block/synth/mb_block.v:540]
INFO: [Synth 8-6155] done synthesizing module 'm04_couplers_imp_1SCR8U8' (0#1) [c:/385_Vivado_Projects/Final_Project/ECE-385-Final-Project/goose_hunt/goose_hunt.gen/sources_1/bd/mb_block/synth/mb_block.v:540]
INFO: [Synth 8-6157] synthesizing module 'm05_couplers_imp_2FAMHT' [c:/385_Vivado_Projects/Final_Project/ECE-385-Final-Project/goose_hunt/goose_hunt.gen/sources_1/bd/mb_block/synth/mb_block.v:672]
INFO: [Synth 8-6155] done synthesizing module 'm05_couplers_imp_2FAMHT' (0#1) [c:/385_Vivado_Projects/Final_Project/ECE-385-Final-Project/goose_hunt/goose_hunt.gen/sources_1/bd/mb_block/synth/mb_block.v:672]
INFO: [Synth 8-6157] synthesizing module 'm06_couplers_imp_1QRRYF7' [c:/385_Vivado_Projects/Final_Project/ECE-385-Final-Project/goose_hunt/goose_hunt.gen/sources_1/bd/mb_block/synth/mb_block.v:804]
INFO: [Synth 8-6155] done synthesizing module 'm06_couplers_imp_1QRRYF7' (0#1) [c:/385_Vivado_Projects/Final_Project/ECE-385-Final-Project/goose_hunt/goose_hunt.gen/sources_1/bd/mb_block/synth/mb_block.v:804]
INFO: [Synth 8-6157] synthesizing module 's00_couplers_imp_5YIJ0K' [c:/385_Vivado_Projects/Final_Project/ECE-385-Final-Project/goose_hunt/goose_hunt.gen/sources_1/bd/mb_block/synth/mb_block.v:2926]
INFO: [Synth 8-6155] done synthesizing module 's00_couplers_imp_5YIJ0K' (0#1) [c:/385_Vivado_Projects/Final_Project/ECE-385-Final-Project/goose_hunt/goose_hunt.gen/sources_1/bd/mb_block/synth/mb_block.v:2926]
INFO: [Synth 8-6157] synthesizing module 'mb_block_xbar_0' [C:/385_Vivado_Projects/Final_Project/ECE-385-Final-Project/goose_hunt/goose_hunt.runs/synth_1/.Xil/Vivado-16188-DESKTOP-0EC8M3E/realtime/mb_block_xbar_0_stub.v:5]
INFO: [Synth 8-6155] done synthesizing module 'mb_block_xbar_0' (0#1) [C:/385_Vivado_Projects/Final_Project/ECE-385-Final-Project/goose_hunt/goose_hunt.runs/synth_1/.Xil/Vivado-16188-DESKTOP-0EC8M3E/realtime/mb_block_xbar_0_stub.v:5]
WARNING: [Synth 8-7071] port 'm_axi_awprot' of module 'mb_block_xbar_0' is unconnected for instance 'xbar' [c:/385_Vivado_Projects/Final_Project/ECE-385-Final-Project/goose_hunt/goose_hunt.gen/sources_1/bd/mb_block/synth/mb_block.v:2651]
WARNING: [Synth 8-7071] port 'm_axi_arprot' of module 'mb_block_xbar_0' is unconnected for instance 'xbar' [c:/385_Vivado_Projects/Final_Project/ECE-385-Final-Project/goose_hunt/goose_hunt.gen/sources_1/bd/mb_block/synth/mb_block.v:2651]
WARNING: [Synth 8-7023] instance 'xbar' of module 'mb_block_xbar_0' has 40 connections declared, but only 38 given [c:/385_Vivado_Projects/Final_Project/ECE-385-Final-Project/goose_hunt/goose_hunt.gen/sources_1/bd/mb_block/synth/mb_block.v:2651]
INFO: [Synth 8-6155] done synthesizing module 'mb_block_microblaze_0_axi_periph_0' (0#1) [c:/385_Vivado_Projects/Final_Project/ECE-385-Final-Project/goose_hunt/goose_hunt.gen/sources_1/bd/mb_block/synth/mb_block.v:1602]
INFO: [Synth 8-6157] synthesizing module 'microblaze_0_local_memory_imp_G5BFEQ' [c:/385_Vivado_Projects/Final_Project/ECE-385-Final-Project/goose_hunt/goose_hunt.gen/sources_1/bd/mb_block/synth/mb_block.v:2692]
INFO: [Synth 8-6157] synthesizing module 'mb_block_dlmb_bram_if_cntlr_0' [C:/385_Vivado_Projects/Final_Project/ECE-385-Final-Project/goose_hunt/goose_hunt.runs/synth_1/.Xil/Vivado-16188-DESKTOP-0EC8M3E/realtime/mb_block_dlmb_bram_if_cntlr_0_stub.v:5]
INFO: [Synth 8-6155] done synthesizing module 'mb_block_dlmb_bram_if_cntlr_0' (0#1) [C:/385_Vivado_Projects/Final_Project/ECE-385-Final-Project/goose_hunt/goose_hunt.runs/synth_1/.Xil/Vivado-16188-DESKTOP-0EC8M3E/realtime/mb_block_dlmb_bram_if_cntlr_0_stub.v:5]
INFO: [Synth 8-6157] synthesizing module 'mb_block_dlmb_v10_0' [C:/385_Vivado_Projects/Final_Project/ECE-385-Final-Project/goose_hunt/goose_hunt.runs/synth_1/.Xil/Vivado-16188-DESKTOP-0EC8M3E/realtime/mb_block_dlmb_v10_0_stub.v:5]
INFO: [Synth 8-6155] done synthesizing module 'mb_block_dlmb_v10_0' (0#1) [C:/385_Vivado_Projects/Final_Project/ECE-385-Final-Project/goose_hunt/goose_hunt.runs/synth_1/.Xil/Vivado-16188-DESKTOP-0EC8M3E/realtime/mb_block_dlmb_v10_0_stub.v:5]
WARNING: [Synth 8-7071] port 'LMB_Rst' of module 'mb_block_dlmb_v10_0' is unconnected for instance 'dlmb_v10' [c:/385_Vivado_Projects/Final_Project/ECE-385-Final-Project/goose_hunt/goose_hunt.gen/sources_1/bd/mb_block/synth/mb_block.v:2838]
WARNING: [Synth 8-7023] instance 'dlmb_v10' of module 'mb_block_dlmb_v10_0' has 25 connections declared, but only 24 given [c:/385_Vivado_Projects/Final_Project/ECE-385-Final-Project/goose_hunt/goose_hunt.gen/sources_1/bd/mb_block/synth/mb_block.v:2838]
INFO: [Synth 8-6157] synthesizing module 'mb_block_ilmb_bram_if_cntlr_0' [C:/385_Vivado_Projects/Final_Project/ECE-385-Final-Project/goose_hunt/goose_hunt.runs/synth_1/.Xil/Vivado-16188-DESKTOP-0EC8M3E/realtime/mb_block_ilmb_bram_if_cntlr_0_stub.v:5]
INFO: [Synth 8-6155] done synthesizing module 'mb_block_ilmb_bram_if_cntlr_0' (0#1) [C:/385_Vivado_Projects/Final_Project/ECE-385-Final-Project/goose_hunt/goose_hunt.runs/synth_1/.Xil/Vivado-16188-DESKTOP-0EC8M3E/realtime/mb_block_ilmb_bram_if_cntlr_0_stub.v:5]
INFO: [Synth 8-6157] synthesizing module 'mb_block_ilmb_v10_0' [C:/385_Vivado_Projects/Final_Project/ECE-385-Final-Project/goose_hunt/goose_hunt.runs/synth_1/.Xil/Vivado-16188-DESKTOP-0EC8M3E/realtime/mb_block_ilmb_v10_0_stub.v:5]
INFO: [Synth 8-6155] done synthesizing module 'mb_block_ilmb_v10_0' (0#1) [C:/385_Vivado_Projects/Final_Project/ECE-385-Final-Project/goose_hunt/goose_hunt.runs/synth_1/.Xil/Vivado-16188-DESKTOP-0EC8M3E/realtime/mb_block_ilmb_v10_0_stub.v:5]
WARNING: [Synth 8-7071] port 'LMB_Rst' of module 'mb_block_ilmb_v10_0' is unconnected for instance 'ilmb_v10' [c:/385_Vivado_Projects/Final_Project/ECE-385-Final-Project/goose_hunt/goose_hunt.gen/sources_1/bd/mb_block/synth/mb_block.v:2884]
WARNING: [Synth 8-7023] instance 'ilmb_v10' of module 'mb_block_ilmb_v10_0' has 25 connections declared, but only 24 given [c:/385_Vivado_Projects/Final_Project/ECE-385-Final-Project/goose_hunt/goose_hunt.gen/sources_1/bd/mb_block/synth/mb_block.v:2884]
INFO: [Synth 8-6157] synthesizing module 'mb_block_lmb_bram_0' [C:/385_Vivado_Projects/Final_Project/ECE-385-Final-Project/goose_hunt/goose_hunt.runs/synth_1/.Xil/Vivado-16188-DESKTOP-0EC8M3E/realtime/mb_block_lmb_bram_0_stub.v:5]
INFO: [Synth 8-6155] done synthesizing module 'mb_block_lmb_bram_0' (0#1) [C:/385_Vivado_Projects/Final_Project/ECE-385-Final-Project/goose_hunt/goose_hunt.runs/synth_1/.Xil/Vivado-16188-DESKTOP-0EC8M3E/realtime/mb_block_lmb_bram_0_stub.v:5]
WARNING: [Synth 8-7071] port 'rsta_busy' of module 'mb_block_lmb_bram_0' is unconnected for instance 'lmb_bram' [c:/385_Vivado_Projects/Final_Project/ECE-385-Final-Project/goose_hunt/goose_hunt.gen/sources_1/bd/mb_block/synth/mb_block.v:2909]
WARNING: [Synth 8-7071] port 'rstb_busy' of module 'mb_block_lmb_bram_0' is unconnected for instance 'lmb_bram' [c:/385_Vivado_Projects/Final_Project/ECE-385-Final-Project/goose_hunt/goose_hunt.gen/sources_1/bd/mb_block/synth/mb_block.v:2909]
WARNING: [Synth 8-7023] instance 'lmb_bram' of module 'mb_block_lmb_bram_0' has 16 connections declared, but only 14 given [c:/385_Vivado_Projects/Final_Project/ECE-385-Final-Project/goose_hunt/goose_hunt.gen/sources_1/bd/mb_block/synth/mb_block.v:2909]
INFO: [Synth 8-6155] done synthesizing module 'microblaze_0_local_memory_imp_G5BFEQ' (0#1) [c:/385_Vivado_Projects/Final_Project/ECE-385-Final-Project/goose_hunt/goose_hunt.gen/sources_1/bd/mb_block/synth/mb_block.v:2692]
INFO: [Synth 8-6157] synthesizing module 'mb_block_rst_clk_wiz_1_100M_0' [C:/385_Vivado_Projects/Final_Project/ECE-385-Final-Project/goose_hunt/goose_hunt.runs/synth_1/.Xil/Vivado-16188-DESKTOP-0EC8M3E/realtime/mb_block_rst_clk_wiz_1_100M_0_stub.v:5]
INFO: [Synth 8-6155] done synthesizing module 'mb_block_rst_clk_wiz_1_100M_0' (0#1) [C:/385_Vivado_Projects/Final_Project/ECE-385-Final-Project/goose_hunt/goose_hunt.runs/synth_1/.Xil/Vivado-16188-DESKTOP-0EC8M3E/realtime/mb_block_rst_clk_wiz_1_100M_0_stub.v:5]
WARNING: [Synth 8-7071] port 'peripheral_reset' of module 'mb_block_rst_clk_wiz_1_100M_0' is unconnected for instance 'rst_clk_wiz_1_100M' [c:/385_Vivado_Projects/Final_Project/ECE-385-Final-Project/goose_hunt/goose_hunt.gen/sources_1/bd/mb_block/synth/mb_block.v:1532]
WARNING: [Synth 8-7071] port 'interconnect_aresetn' of module 'mb_block_rst_clk_wiz_1_100M_0' is unconnected for instance 'rst_clk_wiz_1_100M' [c:/385_Vivado_Projects/Final_Project/ECE-385-Final-Project/goose_hunt/goose_hunt.gen/sources_1/bd/mb_block/synth/mb_block.v:1532]
WARNING: [Synth 8-7023] instance 'rst_clk_wiz_1_100M' of module 'mb_block_rst_clk_wiz_1_100M_0' has 10 connections declared, but only 8 given [c:/385_Vivado_Projects/Final_Project/ECE-385-Final-Project/goose_hunt/goose_hunt.gen/sources_1/bd/mb_block/synth/mb_block.v:1532]
INFO: [Synth 8-6157] synthesizing module 'mb_block_axi_quad_spi_0_0' [C:/385_Vivado_Projects/Final_Project/ECE-385-Final-Project/goose_hunt/goose_hunt.runs/synth_1/.Xil/Vivado-16188-DESKTOP-0EC8M3E/realtime/mb_block_axi_quad_spi_0_0_stub.v:5]
INFO: [Synth 8-6155] done synthesizing module 'mb_block_axi_quad_spi_0_0' (0#1) [C:/385_Vivado_Projects/Final_Project/ECE-385-Final-Project/goose_hunt/goose_hunt.runs/synth_1/.Xil/Vivado-16188-DESKTOP-0EC8M3E/realtime/mb_block_axi_quad_spi_0_0_stub.v:5]
WARNING: [Synth 8-7071] port 'io0_t' of module 'mb_block_axi_quad_spi_0_0' is unconnected for instance 'spi_usb' [c:/385_Vivado_Projects/Final_Project/ECE-385-Final-Project/goose_hunt/goose_hunt.gen/sources_1/bd/mb_block/synth/mb_block.v:1541]
WARNING: [Synth 8-7071] port 'io1_o' of module 'mb_block_axi_quad_spi_0_0' is unconnected for instance 'spi_usb' [c:/385_Vivado_Projects/Final_Project/ECE-385-Final-Project/goose_hunt/goose_hunt.gen/sources_1/bd/mb_block/synth/mb_block.v:1541]
WARNING: [Synth 8-7071] port 'io1_t' of module 'mb_block_axi_quad_spi_0_0' is unconnected for instance 'spi_usb' [c:/385_Vivado_Projects/Final_Project/ECE-385-Final-Project/goose_hunt/goose_hunt.gen/sources_1/bd/mb_block/synth/mb_block.v:1541]
WARNING: [Synth 8-7071] port 'sck_t' of module 'mb_block_axi_quad_spi_0_0' is unconnected for instance 'spi_usb' [c:/385_Vivado_Projects/Final_Project/ECE-385-Final-Project/goose_hunt/goose_hunt.gen/sources_1/bd/mb_block/synth/mb_block.v:1541]
WARNING: [Synth 8-7071] port 'ss_t' of module 'mb_block_axi_quad_spi_0_0' is unconnected for instance 'spi_usb' [c:/385_Vivado_Projects/Final_Project/ECE-385-Final-Project/goose_hunt/goose_hunt.gen/sources_1/bd/mb_block/synth/mb_block.v:1541]
WARNING: [Synth 8-7023] instance 'spi_usb' of module 'mb_block_axi_quad_spi_0_0' has 33 connections declared, but only 28 given [c:/385_Vivado_Projects/Final_Project/ECE-385-Final-Project/goose_hunt/goose_hunt.gen/sources_1/bd/mb_block/synth/mb_block.v:1541]
INFO: [Synth 8-6157] synthesizing module 'mb_block_axi_timer_0_0' [C:/385_Vivado_Projects/Final_Project/ECE-385-Final-Project/goose_hunt/goose_hunt.runs/synth_1/.Xil/Vivado-16188-DESKTOP-0EC8M3E/realtime/mb_block_axi_timer_0_0_stub.v:5]
INFO: [Synth 8-6155] done synthesizing module 'mb_block_axi_timer_0_0' (0#1) [C:/385_Vivado_Projects/Final_Project/ECE-385-Final-Project/goose_hunt/goose_hunt.runs/synth_1/.Xil/Vivado-16188-DESKTOP-0EC8M3E/realtime/mb_block_axi_timer_0_0_stub.v:5]
WARNING: [Synth 8-7071] port 'generateout0' of module 'mb_block_axi_timer_0_0' is unconnected for instance 'timer_usb_axi' [c:/385_Vivado_Projects/Final_Project/ECE-385-Final-Project/goose_hunt/goose_hunt.gen/sources_1/bd/mb_block/synth/mb_block.v:1570]
WARNING: [Synth 8-7071] port 'generateout1' of module 'mb_block_axi_timer_0_0' is unconnected for instance 'timer_usb_axi' [c:/385_Vivado_Projects/Final_Project/ECE-385-Final-Project/goose_hunt/goose_hunt.gen/sources_1/bd/mb_block/synth/mb_block.v:1570]
WARNING: [Synth 8-7071] port 'pwm0' of module 'mb_block_axi_timer_0_0' is unconnected for instance 'timer_usb_axi' [c:/385_Vivado_Projects/Final_Project/ECE-385-Final-Project/goose_hunt/goose_hunt.gen/sources_1/bd/mb_block/synth/mb_block.v:1570]
WARNING: [Synth 8-7023] instance 'timer_usb_axi' of module 'mb_block_axi_timer_0_0' has 26 connections declared, but only 23 given [c:/385_Vivado_Projects/Final_Project/ECE-385-Final-Project/goose_hunt/goose_hunt.gen/sources_1/bd/mb_block/synth/mb_block.v:1570]
INFO: [Synth 8-6157] synthesizing module 'mb_block_xlconcat_0_0' [c:/385_Vivado_Projects/Final_Project/ECE-385-Final-Project/goose_hunt/goose_hunt.gen/sources_1/bd/mb_block/ip/mb_block_xlconcat_0_0/synth/mb_block_xlconcat_0_0.v:53]
INFO: [Synth 8-6157] synthesizing module 'xlconcat_v2_1_4_xlconcat' [c:/385_Vivado_Projects/Final_Project/ECE-385-Final-Project/goose_hunt/goose_hunt.gen/sources_1/bd/mb_block/ipshared/4b67/hdl/xlconcat_v2_1_vl_rfs.v:14]
INFO: [Synth 8-6155] done synthesizing module 'xlconcat_v2_1_4_xlconcat' (0#1) [c:/385_Vivado_Projects/Final_Project/ECE-385-Final-Project/goose_hunt/goose_hunt.gen/sources_1/bd/mb_block/ipshared/4b67/hdl/xlconcat_v2_1_vl_rfs.v:14]
INFO: [Synth 8-6155] done synthesizing module 'mb_block_xlconcat_0_0' (0#1) [c:/385_Vivado_Projects/Final_Project/ECE-385-Final-Project/goose_hunt/goose_hunt.gen/sources_1/bd/mb_block/ip/mb_block_xlconcat_0_0/synth/mb_block_xlconcat_0_0.v:53]
INFO: [Synth 8-6155] done synthesizing module 'mb_block' (0#1) [c:/385_Vivado_Projects/Final_Project/ECE-385-Final-Project/goose_hunt/goose_hunt.gen/sources_1/bd/mb_block/synth/mb_block.v:936]
INFO: [Synth 8-6157] synthesizing module 'clk_wiz_0' [C:/385_Vivado_Projects/Final_Project/ECE-385-Final-Project/goose_hunt/goose_hunt.runs/synth_1/.Xil/Vivado-16188-DESKTOP-0EC8M3E/realtime/clk_wiz_0_stub.v:5]
INFO: [Synth 8-6155] done synthesizing module 'clk_wiz_0' (0#1) [C:/385_Vivado_Projects/Final_Project/ECE-385-Final-Project/goose_hunt/goose_hunt.runs/synth_1/.Xil/Vivado-16188-DESKTOP-0EC8M3E/realtime/clk_wiz_0_stub.v:5]
INFO: [Synth 8-6157] synthesizing module 'vga_controller' [C:/385_Vivado_Projects/Final_Project/ECE-385-Final-Project/goose_hunt/goose_hunt.srcs/sources_1/imports/design_source/VGA_controller.sv:26]
INFO: [Synth 8-6155] done synthesizing module 'vga_controller' (0#1) [C:/385_Vivado_Projects/Final_Project/ECE-385-Final-Project/goose_hunt/goose_hunt.srcs/sources_1/imports/design_source/VGA_controller.sv:26]
WARNING: [Synth 8-7071] port 'sync' of module 'vga_controller' is unconnected for instance 'vga' [C:/385_Vivado_Projects/Final_Project/ECE-385-Final-Project/goose_hunt/goose_hunt.srcs/sources_1/imports/design_source/mb_usb_hdmi_top.sv:187]
WARNING: [Synth 8-7023] instance 'vga' of module 'vga_controller' has 8 connections declared, but only 7 given [C:/385_Vivado_Projects/Final_Project/ECE-385-Final-Project/goose_hunt/goose_hunt.srcs/sources_1/imports/design_source/mb_usb_hdmi_top.sv:187]
INFO: [Synth 8-6157] synthesizing module 'hdmi_tx_0' [C:/385_Vivado_Projects/Final_Project/ECE-385-Final-Project/goose_hunt/goose_hunt.runs/synth_1/.Xil/Vivado-16188-DESKTOP-0EC8M3E/realtime/hdmi_tx_0_stub.v:5]
INFO: [Synth 8-6155] done synthesizing module 'hdmi_tx_0' (0#1) [C:/385_Vivado_Projects/Final_Project/ECE-385-Final-Project/goose_hunt/goose_hunt.runs/synth_1/.Xil/Vivado-16188-DESKTOP-0EC8M3E/realtime/hdmi_tx_0_stub.v:5]
INFO: [Synth 8-6157] synthesizing module 'ball' [C:/385_Vivado_Projects/Final_Project/ECE-385-Final-Project/goose_hunt/goose_hunt.srcs/sources_1/imports/design_source/ball.sv:18]
INFO: [Synth 8-6155] done synthesizing module 'ball' (0#1) [C:/385_Vivado_Projects/Final_Project/ECE-385-Final-Project/goose_hunt/goose_hunt.srcs/sources_1/imports/design_source/ball.sv:18]
INFO: [Synth 8-6157] synthesizing module 'color_mapper' [C:/385_Vivado_Projects/Final_Project/ECE-385-Final-Project/goose_hunt/goose_hunt.srcs/sources_1/imports/design_source/Color_Mapper.sv:17]
INFO: [Synth 8-6157] synthesizing module 'BinaryToDecimal' [C:/385_Vivado_Projects/Final_Project/ECE-385-Final-Project/goose_hunt/goose_hunt.srcs/sources_1/new/binary_to_decimal.sv:23]
INFO: [Synth 8-6155] done synthesizing module 'BinaryToDecimal' (0#1) [C:/385_Vivado_Projects/Final_Project/ECE-385-Final-Project/goose_hunt/goose_hunt.srcs/sources_1/new/binary_to_decimal.sv:23]
WARNING: [Synth 8-6104] Input port 'ones_digit' has an internal driver [C:/385_Vivado_Projects/Final_Project/ECE-385-Final-Project/goose_hunt/goose_hunt.srcs/sources_1/imports/design_source/Color_Mapper.sv:144]
WARNING: [Synth 8-6104] Input port 'tens_digit' has an internal driver [C:/385_Vivado_Projects/Final_Project/ECE-385-Final-Project/goose_hunt/goose_hunt.srcs/sources_1/imports/design_source/Color_Mapper.sv:145]
WARNING: [Synth 8-6104] Input port 'hundreds_digit' has an internal driver [C:/385_Vivado_Projects/Final_Project/ECE-385-Final-Project/goose_hunt/goose_hunt.srcs/sources_1/imports/design_source/Color_Mapper.sv:146]
WARNING: [Synth 8-7071] port 'clk' of module 'BinaryToDecimal' is unconnected for instance 'binary_to_decimal' [C:/385_Vivado_Projects/Final_Project/ECE-385-Final-Project/goose_hunt/goose_hunt.srcs/sources_1/imports/design_source/Color_Mapper.sv:142]
WARNING: [Synth 8-7071] port 'reset' of module 'BinaryToDecimal' is unconnected for instance 'binary_to_decimal' [C:/385_Vivado_Projects/Final_Project/ECE-385-Final-Project/goose_hunt/goose_hunt.srcs/sources_1/imports/design_source/Color_Mapper.sv:142]
WARNING: [Synth 8-7023] instance 'binary_to_decimal' of module 'BinaryToDecimal' has 6 connections declared, but only 4 given [C:/385_Vivado_Projects/Final_Project/ECE-385-Final-Project/goose_hunt/goose_hunt.srcs/sources_1/imports/design_source/Color_Mapper.sv:142]
INFO: [Synth 8-6157] synthesizing module 'num_0_rom' [C:/385_Vivado_Projects/Final_Project/ECE-385-Final-Project/goose_hunt/goose_hunt.runs/synth_1/.Xil/Vivado-16188-DESKTOP-0EC8M3E/realtime/num_0_rom_stub.v:5]
INFO: [Synth 8-6155] done synthesizing module 'num_0_rom' (0#1) [C:/385_Vivado_Projects/Final_Project/ECE-385-Final-Project/goose_hunt/goose_hunt.runs/synth_1/.Xil/Vivado-16188-DESKTOP-0EC8M3E/realtime/num_0_rom_stub.v:5]
WARNING: [Synth 8-689] width (17) of port connection 'addra' does not match port width (9) of module 'num_0_rom' [C:/385_Vivado_Projects/Final_Project/ECE-385-Final-Project/goose_hunt/goose_hunt.srcs/sources_1/imports/design_source/Color_Mapper.sv:151]
INFO: [Synth 8-6157] synthesizing module 'num_0_palette' [C:/385_Vivado_Projects/Final_Project/ECE-385-Final-Project/goose_hunt/goose_hunt.srcs/sources_1/imports/Image_to_COE/num_0/num_0_palette.sv:1]
INFO: [Synth 8-6155] done synthesizing module 'num_0_palette' (0#1) [C:/385_Vivado_Projects/Final_Project/ECE-385-Final-Project/goose_hunt/goose_hunt.srcs/sources_1/imports/Image_to_COE/num_0/num_0_palette.sv:1]
INFO: [Synth 8-6157] synthesizing module 'num_1_rom' [C:/385_Vivado_Projects/Final_Project/ECE-385-Final-Project/goose_hunt/goose_hunt.runs/synth_1/.Xil/Vivado-16188-DESKTOP-0EC8M3E/realtime/num_1_rom_stub.v:5]
INFO: [Synth 8-6155] done synthesizing module 'num_1_rom' (0#1) [C:/385_Vivado_Projects/Final_Project/ECE-385-Final-Project/goose_hunt/goose_hunt.runs/synth_1/.Xil/Vivado-16188-DESKTOP-0EC8M3E/realtime/num_1_rom_stub.v:5]
WARNING: [Synth 8-689] width (17) of port connection 'addra' does not match port width (9) of module 'num_1_rom' [C:/385_Vivado_Projects/Final_Project/ECE-385-Final-Project/goose_hunt/goose_hunt.srcs/sources_1/imports/design_source/Color_Mapper.sv:164]
INFO: [Synth 8-6157] synthesizing module 'num_1_palette' [C:/385_Vivado_Projects/Final_Project/ECE-385-Final-Project/goose_hunt/goose_hunt.srcs/sources_1/imports/Image_to_COE/num_1/num_1_palette.sv:1]
INFO: [Synth 8-6155] done synthesizing module 'num_1_palette' (0#1) [C:/385_Vivado_Projects/Final_Project/ECE-385-Final-Project/goose_hunt/goose_hunt.srcs/sources_1/imports/Image_to_COE/num_1/num_1_palette.sv:1]
INFO: [Synth 8-6157] synthesizing module 'num_2_rom' [C:/385_Vivado_Projects/Final_Project/ECE-385-Final-Project/goose_hunt/goose_hunt.runs/synth_1/.Xil/Vivado-16188-DESKTOP-0EC8M3E/realtime/num_2_rom_stub.v:5]
INFO: [Synth 8-6155] done synthesizing module 'num_2_rom' (0#1) [C:/385_Vivado_Projects/Final_Project/ECE-385-Final-Project/goose_hunt/goose_hunt.runs/synth_1/.Xil/Vivado-16188-DESKTOP-0EC8M3E/realtime/num_2_rom_stub.v:5]
WARNING: [Synth 8-689] width (17) of port connection 'addra' does not match port width (9) of module 'num_2_rom' [C:/385_Vivado_Projects/Final_Project/ECE-385-Final-Project/goose_hunt/goose_hunt.srcs/sources_1/imports/design_source/Color_Mapper.sv:177]
INFO: [Synth 8-6157] synthesizing module 'num_2_palette' [C:/385_Vivado_Projects/Final_Project/ECE-385-Final-Project/goose_hunt/goose_hunt.srcs/sources_1/imports/Image_to_COE/num_2/num_2_palette.sv:1]
INFO: [Synth 8-6155] done synthesizing module 'num_2_palette' (0#1) [C:/385_Vivado_Projects/Final_Project/ECE-385-Final-Project/goose_hunt/goose_hunt.srcs/sources_1/imports/Image_to_COE/num_2/num_2_palette.sv:1]
INFO: [Synth 8-6157] synthesizing module 'num_3_rom' [C:/385_Vivado_Projects/Final_Project/ECE-385-Final-Project/goose_hunt/goose_hunt.runs/synth_1/.Xil/Vivado-16188-DESKTOP-0EC8M3E/realtime/num_3_rom_stub.v:5]
INFO: [Synth 8-6155] done synthesizing module 'num_3_rom' (0#1) [C:/385_Vivado_Projects/Final_Project/ECE-385-Final-Project/goose_hunt/goose_hunt.runs/synth_1/.Xil/Vivado-16188-DESKTOP-0EC8M3E/realtime/num_3_rom_stub.v:5]
WARNING: [Synth 8-689] width (17) of port connection 'addra' does not match port width (9) of module 'num_3_rom' [C:/385_Vivado_Projects/Final_Project/ECE-385-Final-Project/goose_hunt/goose_hunt.srcs/sources_1/imports/design_source/Color_Mapper.sv:190]
INFO: [Synth 8-6157] synthesizing module 'num_3_palette' [C:/385_Vivado_Projects/Final_Project/ECE-385-Final-Project/goose_hunt/goose_hunt.srcs/sources_1/imports/Image_to_COE/num_3/num_3_palette.sv:1]
INFO: [Synth 8-6155] done synthesizing module 'num_3_palette' (0#1) [C:/385_Vivado_Projects/Final_Project/ECE-385-Final-Project/goose_hunt/goose_hunt.srcs/sources_1/imports/Image_to_COE/num_3/num_3_palette.sv:1]
INFO: [Synth 8-6157] synthesizing module 'num_4_rom' [C:/385_Vivado_Projects/Final_Project/ECE-385-Final-Project/goose_hunt/goose_hunt.runs/synth_1/.Xil/Vivado-16188-DESKTOP-0EC8M3E/realtime/num_4_rom_stub.v:5]
INFO: [Synth 8-6155] done synthesizing module 'num_4_rom' (0#1) [C:/385_Vivado_Projects/Final_Project/ECE-385-Final-Project/goose_hunt/goose_hunt.runs/synth_1/.Xil/Vivado-16188-DESKTOP-0EC8M3E/realtime/num_4_rom_stub.v:5]
WARNING: [Synth 8-689] width (17) of port connection 'addra' does not match port width (9) of module 'num_4_rom' [C:/385_Vivado_Projects/Final_Project/ECE-385-Final-Project/goose_hunt/goose_hunt.srcs/sources_1/imports/design_source/Color_Mapper.sv:203]
INFO: [Synth 8-6157] synthesizing module 'num_4_palette' [C:/385_Vivado_Projects/Final_Project/ECE-385-Final-Project/goose_hunt/goose_hunt.srcs/sources_1/imports/Image_to_COE/num_4/num_4_palette.sv:1]
INFO: [Synth 8-6155] done synthesizing module 'num_4_palette' (0#1) [C:/385_Vivado_Projects/Final_Project/ECE-385-Final-Project/goose_hunt/goose_hunt.srcs/sources_1/imports/Image_to_COE/num_4/num_4_palette.sv:1]
INFO: [Synth 8-6157] synthesizing module 'num_5_rom' [C:/385_Vivado_Projects/Final_Project/ECE-385-Final-Project/goose_hunt/goose_hunt.runs/synth_1/.Xil/Vivado-16188-DESKTOP-0EC8M3E/realtime/num_5_rom_stub.v:5]
INFO: [Synth 8-6155] done synthesizing module 'num_5_rom' (0#1) [C:/385_Vivado_Projects/Final_Project/ECE-385-Final-Project/goose_hunt/goose_hunt.runs/synth_1/.Xil/Vivado-16188-DESKTOP-0EC8M3E/realtime/num_5_rom_stub.v:5]
WARNING: [Synth 8-689] width (17) of port connection 'addra' does not match port width (9) of module 'num_5_rom' [C:/385_Vivado_Projects/Final_Project/ECE-385-Final-Project/goose_hunt/goose_hunt.srcs/sources_1/imports/design_source/Color_Mapper.sv:216]
INFO: [Synth 8-6157] synthesizing module 'num_5_palette' [C:/385_Vivado_Projects/Final_Project/ECE-385-Final-Project/goose_hunt/goose_hunt.srcs/sources_1/imports/Image_to_COE/num_5/num_5_palette.sv:1]
INFO: [Synth 8-6155] done synthesizing module 'num_5_palette' (0#1) [C:/385_Vivado_Projects/Final_Project/ECE-385-Final-Project/goose_hunt/goose_hunt.srcs/sources_1/imports/Image_to_COE/num_5/num_5_palette.sv:1]
INFO: [Synth 8-6157] synthesizing module 'num_6_rom' [C:/385_Vivado_Projects/Final_Project/ECE-385-Final-Project/goose_hunt/goose_hunt.runs/synth_1/.Xil/Vivado-16188-DESKTOP-0EC8M3E/realtime/num_6_rom_stub.v:5]
INFO: [Synth 8-6155] done synthesizing module 'num_6_rom' (0#1) [C:/385_Vivado_Projects/Final_Project/ECE-385-Final-Project/goose_hunt/goose_hunt.runs/synth_1/.Xil/Vivado-16188-DESKTOP-0EC8M3E/realtime/num_6_rom_stub.v:5]
WARNING: [Synth 8-689] width (17) of port connection 'addra' does not match port width (9) of module 'num_6_rom' [C:/385_Vivado_Projects/Final_Project/ECE-385-Final-Project/goose_hunt/goose_hunt.srcs/sources_1/imports/design_source/Color_Mapper.sv:229]
INFO: [Synth 8-6157] synthesizing module 'num_6_palette' [C:/385_Vivado_Projects/Final_Project/ECE-385-Final-Project/goose_hunt/goose_hunt.srcs/sources_1/imports/Image_to_COE/num_6/num_6_palette.sv:1]
INFO: [Synth 8-6155] done synthesizing module 'num_6_palette' (0#1) [C:/385_Vivado_Projects/Final_Project/ECE-385-Final-Project/goose_hunt/goose_hunt.srcs/sources_1/imports/Image_to_COE/num_6/num_6_palette.sv:1]
INFO: [Synth 8-6157] synthesizing module 'num_7_rom' [C:/385_Vivado_Projects/Final_Project/ECE-385-Final-Project/goose_hunt/goose_hunt.runs/synth_1/.Xil/Vivado-16188-DESKTOP-0EC8M3E/realtime/num_7_rom_stub.v:5]
INFO: [Synth 8-6155] done synthesizing module 'num_7_rom' (0#1) [C:/385_Vivado_Projects/Final_Project/ECE-385-Final-Project/goose_hunt/goose_hunt.runs/synth_1/.Xil/Vivado-16188-DESKTOP-0EC8M3E/realtime/num_7_rom_stub.v:5]
WARNING: [Synth 8-689] width (17) of port connection 'addra' does not match port width (9) of module 'num_7_rom' [C:/385_Vivado_Projects/Final_Project/ECE-385-Final-Project/goose_hunt/goose_hunt.srcs/sources_1/imports/design_source/Color_Mapper.sv:242]
INFO: [Synth 8-6157] synthesizing module 'num_7_palette' [C:/385_Vivado_Projects/Final_Project/ECE-385-Final-Project/goose_hunt/goose_hunt.srcs/sources_1/imports/Image_to_COE/num_7/num_7_palette.sv:1]
INFO: [Synth 8-6155] done synthesizing module 'num_7_palette' (0#1) [C:/385_Vivado_Projects/Final_Project/ECE-385-Final-Project/goose_hunt/goose_hunt.srcs/sources_1/imports/Image_to_COE/num_7/num_7_palette.sv:1]
INFO: [Synth 8-6157] synthesizing module 'num_8_rom' [C:/385_Vivado_Projects/Final_Project/ECE-385-Final-Project/goose_hunt/goose_hunt.runs/synth_1/.Xil/Vivado-16188-DESKTOP-0EC8M3E/realtime/num_8_rom_stub.v:5]
INFO: [Synth 8-6155] done synthesizing module 'num_8_rom' (0#1) [C:/385_Vivado_Projects/Final_Project/ECE-385-Final-Project/goose_hunt/goose_hunt.runs/synth_1/.Xil/Vivado-16188-DESKTOP-0EC8M3E/realtime/num_8_rom_stub.v:5]
WARNING: [Synth 8-689] width (17) of port connection 'addra' does not match port width (9) of module 'num_8_rom' [C:/385_Vivado_Projects/Final_Project/ECE-385-Final-Project/goose_hunt/goose_hunt.srcs/sources_1/imports/design_source/Color_Mapper.sv:255]
INFO: [Synth 8-6157] synthesizing module 'num_8_palette' [C:/385_Vivado_Projects/Final_Project/ECE-385-Final-Project/goose_hunt/goose_hunt.srcs/sources_1/imports/Image_to_COE/num_8/num_8_palette.sv:1]
INFO: [Synth 8-6155] done synthesizing module 'num_8_palette' (0#1) [C:/385_Vivado_Projects/Final_Project/ECE-385-Final-Project/goose_hunt/goose_hunt.srcs/sources_1/imports/Image_to_COE/num_8/num_8_palette.sv:1]
INFO: [Synth 8-6157] synthesizing module 'num_9_rom' [C:/385_Vivado_Projects/Final_Project/ECE-385-Final-Project/goose_hunt/goose_hunt.runs/synth_1/.Xil/Vivado-16188-DESKTOP-0EC8M3E/realtime/num_9_rom_stub.v:5]
INFO: [Synth 8-6155] done synthesizing module 'num_9_rom' (0#1) [C:/385_Vivado_Projects/Final_Project/ECE-385-Final-Project/goose_hunt/goose_hunt.runs/synth_1/.Xil/Vivado-16188-DESKTOP-0EC8M3E/realtime/num_9_rom_stub.v:5]
WARNING: [Synth 8-689] width (17) of port connection 'addra' does not match port width (9) of module 'num_9_rom' [C:/385_Vivado_Projects/Final_Project/ECE-385-Final-Project/goose_hunt/goose_hunt.srcs/sources_1/imports/design_source/Color_Mapper.sv:268]
INFO: [Synth 8-6157] synthesizing module 'num_9_palette' [C:/385_Vivado_Projects/Final_Project/ECE-385-Final-Project/goose_hunt/goose_hunt.srcs/sources_1/imports/Image_to_COE/num_9/num_9_palette.sv:1]
INFO: [Synth 8-6155] done synthesizing module 'num_9_palette' (0#1) [C:/385_Vivado_Projects/Final_Project/ECE-385-Final-Project/goose_hunt/goose_hunt.srcs/sources_1/imports/Image_to_COE/num_9/num_9_palette.sv:1]
INFO: [Synth 8-6157] synthesizing module 'num_10_rom' [C:/385_Vivado_Projects/Final_Project/ECE-385-Final-Project/goose_hunt/goose_hunt.runs/synth_1/.Xil/Vivado-16188-DESKTOP-0EC8M3E/realtime/num_10_rom_stub.v:5]
INFO: [Synth 8-6155] done synthesizing module 'num_10_rom' (0#1) [C:/385_Vivado_Projects/Final_Project/ECE-385-Final-Project/goose_hunt/goose_hunt.runs/synth_1/.Xil/Vivado-16188-DESKTOP-0EC8M3E/realtime/num_10_rom_stub.v:5]
WARNING: [Synth 8-689] width (17) of port connection 'addra' does not match port width (9) of module 'num_10_rom' [C:/385_Vivado_Projects/Final_Project/ECE-385-Final-Project/goose_hunt/goose_hunt.srcs/sources_1/imports/design_source/Color_Mapper.sv:281]
INFO: [Synth 8-6157] synthesizing module 'num_10_palette' [C:/385_Vivado_Projects/Final_Project/ECE-385-Final-Project/goose_hunt/goose_hunt.srcs/sources_1/imports/Image_to_COE/num_10/num_10_palette.sv:1]
INFO: [Synth 8-6155] done synthesizing module 'num_10_palette' (0#1) [C:/385_Vivado_Projects/Final_Project/ECE-385-Final-Project/goose_hunt/goose_hunt.srcs/sources_1/imports/Image_to_COE/num_10/num_10_palette.sv:1]
INFO: [Synth 8-6157] synthesizing module 'duck_hunt_end_rom' [C:/385_Vivado_Projects/Final_Project/ECE-385-Final-Project/goose_hunt/goose_hunt.runs/synth_1/.Xil/Vivado-16188-DESKTOP-0EC8M3E/realtime/duck_hunt_end_rom_stub.v:5]
INFO: [Synth 8-6155] done synthesizing module 'duck_hunt_end_rom' (0#1) [C:/385_Vivado_Projects/Final_Project/ECE-385-Final-Project/goose_hunt/goose_hunt.runs/synth_1/.Xil/Vivado-16188-DESKTOP-0EC8M3E/realtime/duck_hunt_end_rom_stub.v:5]
INFO: [Synth 8-6157] synthesizing module 'duck_hunt_end_palette' [C:/385_Vivado_Projects/Final_Project/ECE-385-Final-Project/goose_hunt/goose_hunt.srcs/sources_1/imports/duck_hunt_end/duck_hunt_end_palette.sv:1]
INFO: [Synth 8-6155] done synthesizing module 'duck_hunt_end_palette' (0#1) [C:/385_Vivado_Projects/Final_Project/ECE-385-Final-Project/goose_hunt/goose_hunt.srcs/sources_1/imports/duck_hunt_end/duck_hunt_end_palette.sv:1]
INFO: [Synth 8-6157] synthesizing module 'duck_hunt_v2_rom' [C:/385_Vivado_Projects/Final_Project/ECE-385-Final-Project/goose_hunt/goose_hunt.runs/synth_1/.Xil/Vivado-16188-DESKTOP-0EC8M3E/realtime/duck_hunt_v2_rom_stub.v:5]
INFO: [Synth 8-6155] done synthesizing module 'duck_hunt_v2_rom' (0#1) [C:/385_Vivado_Projects/Final_Project/ECE-385-Final-Project/goose_hunt/goose_hunt.runs/synth_1/.Xil/Vivado-16188-DESKTOP-0EC8M3E/realtime/duck_hunt_v2_rom_stub.v:5]
INFO: [Synth 8-6157] synthesizing module 'duck_hunt_v2_palette' [C:/385_Vivado_Projects/Final_Project/ECE-385-Final-Project/goose_hunt/goose_hunt.srcs/sources_1/imports/duck_hunt_v2/duck_hunt_v2_palette.sv:1]
INFO: [Synth 8-6155] done synthesizing module 'duck_hunt_v2_palette' (0#1) [C:/385_Vivado_Projects/Final_Project/ECE-385-Final-Project/goose_hunt/goose_hunt.srcs/sources_1/imports/duck_hunt_v2/duck_hunt_v2_palette.sv:1]
INFO: [Synth 8-6157] synthesizing module 'Goose_wing_up_rom' [C:/385_Vivado_Projects/Final_Project/ECE-385-Final-Project/goose_hunt/goose_hunt.runs/synth_1/.Xil/Vivado-16188-DESKTOP-0EC8M3E/realtime/Goose_wing_up_rom_stub.v:5]
INFO: [Synth 8-6155] done synthesizing module 'Goose_wing_up_rom' (0#1) [C:/385_Vivado_Projects/Final_Project/ECE-385-Final-Project/goose_hunt/goose_hunt.runs/synth_1/.Xil/Vivado-16188-DESKTOP-0EC8M3E/realtime/Goose_wing_up_rom_stub.v:5]
WARNING: [Synth 8-689] width (17) of port connection 'addra' does not match port width (12) of module 'Goose_wing_up_rom' [C:/385_Vivado_Projects/Final_Project/ECE-385-Final-Project/goose_hunt/goose_hunt.srcs/sources_1/imports/design_source/Color_Mapper.sv:323]
INFO: [Synth 8-6157] synthesizing module 'Goose_wing_up_palette' [C:/385_Vivado_Projects/Final_Project/ECE-385-Final-Project/goose_hunt/goose_hunt.srcs/sources_1/imports/Image_to_COE/Goose_wing_up/Goose_wing_up_palette.sv:1]
INFO: [Synth 8-6155] done synthesizing module 'Goose_wing_up_palette' (0#1) [C:/385_Vivado_Projects/Final_Project/ECE-385-Final-Project/goose_hunt/goose_hunt.srcs/sources_1/imports/Image_to_COE/Goose_wing_up/Goose_wing_up_palette.sv:1]
INFO: [Synth 8-6157] synthesizing module 'Goose_wing_mid_rom' [C:/385_Vivado_Projects/Final_Project/ECE-385-Final-Project/goose_hunt/goose_hunt.runs/synth_1/.Xil/Vivado-16188-DESKTOP-0EC8M3E/realtime/Goose_wing_mid_rom_stub.v:5]
INFO: [Synth 8-6155] done synthesizing module 'Goose_wing_mid_rom' (0#1) [C:/385_Vivado_Projects/Final_Project/ECE-385-Final-Project/goose_hunt/goose_hunt.runs/synth_1/.Xil/Vivado-16188-DESKTOP-0EC8M3E/realtime/Goose_wing_mid_rom_stub.v:5]
WARNING: [Synth 8-689] width (17) of port connection 'addra' does not match port width (12) of module 'Goose_wing_mid_rom' [C:/385_Vivado_Projects/Final_Project/ECE-385-Final-Project/goose_hunt/goose_hunt.srcs/sources_1/imports/design_source/Color_Mapper.sv:336]
INFO: [Synth 8-6157] synthesizing module 'Goose_wing_mid_palette' [C:/385_Vivado_Projects/Final_Project/ECE-385-Final-Project/goose_hunt/goose_hunt.srcs/sources_1/imports/Image_to_COE/Goose_wing_mid/Goose_wing_mid_palette.sv:1]
INFO: [Synth 8-6155] done synthesizing module 'Goose_wing_mid_palette' (0#1) [C:/385_Vivado_Projects/Final_Project/ECE-385-Final-Project/goose_hunt/goose_hunt.srcs/sources_1/imports/Image_to_COE/Goose_wing_mid/Goose_wing_mid_palette.sv:1]
INFO: [Synth 8-6157] synthesizing module 'Goose_wing_down_rom' [C:/385_Vivado_Projects/Final_Project/ECE-385-Final-Project/goose_hunt/goose_hunt.runs/synth_1/.Xil/Vivado-16188-DESKTOP-0EC8M3E/realtime/Goose_wing_down_rom_stub.v:5]
INFO: [Synth 8-6155] done synthesizing module 'Goose_wing_down_rom' (0#1) [C:/385_Vivado_Projects/Final_Project/ECE-385-Final-Project/goose_hunt/goose_hunt.runs/synth_1/.Xil/Vivado-16188-DESKTOP-0EC8M3E/realtime/Goose_wing_down_rom_stub.v:5]
WARNING: [Synth 8-689] width (17) of port connection 'addra' does not match port width (12) of module 'Goose_wing_down_rom' [C:/385_Vivado_Projects/Final_Project/ECE-385-Final-Project/goose_hunt/goose_hunt.srcs/sources_1/imports/design_source/Color_Mapper.sv:349]
INFO: [Synth 8-6157] synthesizing module 'Goose_wing_down_palette' [C:/385_Vivado_Projects/Final_Project/ECE-385-Final-Project/goose_hunt/goose_hunt.srcs/sources_1/imports/Image_to_COE/Goose_wing_down/Goose_wing_down_palette.sv:1]
INFO: [Synth 8-6155] done synthesizing module 'Goose_wing_down_palette' (0#1) [C:/385_Vivado_Projects/Final_Project/ECE-385-Final-Project/goose_hunt/goose_hunt.srcs/sources_1/imports/Image_to_COE/Goose_wing_down/Goose_wing_down_palette.sv:1]
INFO: [Synth 8-6157] synthesizing module 'Goose_fall_rom' [C:/385_Vivado_Projects/Final_Project/ECE-385-Final-Project/goose_hunt/goose_hunt.runs/synth_1/.Xil/Vivado-16188-DESKTOP-0EC8M3E/realtime/Goose_fall_rom_stub.v:5]
INFO: [Synth 8-6155] done synthesizing module 'Goose_fall_rom' (0#1) [C:/385_Vivado_Projects/Final_Project/ECE-385-Final-Project/goose_hunt/goose_hunt.runs/synth_1/.Xil/Vivado-16188-DESKTOP-0EC8M3E/realtime/Goose_fall_rom_stub.v:5]
WARNING: [Synth 8-689] width (17) of port connection 'addra' does not match port width (12) of module 'Goose_fall_rom' [C:/385_Vivado_Projects/Final_Project/ECE-385-Final-Project/goose_hunt/goose_hunt.srcs/sources_1/imports/design_source/Color_Mapper.sv:362]
INFO: [Synth 8-6157] synthesizing module 'Goose_fall_palette' [C:/385_Vivado_Projects/Final_Project/ECE-385-Final-Project/goose_hunt/goose_hunt.srcs/sources_1/imports/Goose_fall/Goose_fall_palette.sv:1]
INFO: [Synth 8-6155] done synthesizing module 'Goose_fall_palette' (0#1) [C:/385_Vivado_Projects/Final_Project/ECE-385-Final-Project/goose_hunt/goose_hunt.srcs/sources_1/imports/Goose_fall/Goose_fall_palette.sv:1]
INFO: [Synth 8-638] synthesizing module 'Goose_fly_away1_rom' [c:/385_Vivado_Projects/Final_Project/ECE-385-Final-Project/goose_hunt/goose_hunt.gen/sources_1/ip/Goose_fly_away1_rom/synth/Goose_fly_away1_rom.vhd:67]
	Parameter C_FAMILY bound to: spartan7 - type: string 
	Parameter C_XDEVICEFAMILY bound to: spartan7 - type: string 
	Parameter C_ELABORATION_DIR bound to: ./ - type: string 
	Parameter C_INTERFACE_TYPE bound to: 0 - type: integer 
	Parameter C_AXI_TYPE bound to: 1 - type: integer 
	Parameter C_AXI_SLAVE_TYPE bound to: 0 - type: integer 
	Parameter C_USE_BRAM_BLOCK bound to: 0 - type: integer 
	Parameter C_ENABLE_32BIT_ADDRESS bound to: 0 - type: integer 
	Parameter C_CTRL_ECC_ALGO bound to: NONE - type: string 
	Parameter C_HAS_AXI_ID bound to: 0 - type: integer 
	Parameter C_AXI_ID_WIDTH bound to: 4 - type: integer 
	Parameter C_MEM_TYPE bound to: 3 - type: integer 
	Parameter C_BYTE_SIZE bound to: 9 - type: integer 
	Parameter C_ALGORITHM bound to: 1 - type: integer 
	Parameter C_PRIM_TYPE bound to: 1 - type: integer 
	Parameter C_LOAD_INIT_FILE bound to: 1 - type: integer 
	Parameter C_INIT_FILE_NAME bound to: Goose_fly_away1_rom.mif - type: string 
	Parameter C_INIT_FILE bound to: Goose_fly_away1_rom.mem - type: string 
	Parameter C_USE_DEFAULT_DATA bound to: 0 - type: integer 
	Parameter C_DEFAULT_DATA bound to: 0 - type: string 
	Parameter C_HAS_RSTA bound to: 0 - type: integer 
	Parameter C_RST_PRIORITY_A bound to: CE - type: string 
	Parameter C_RSTRAM_A bound to: 0 - type: integer 
	Parameter C_INITA_VAL bound to: 0 - type: string 
	Parameter C_HAS_ENA bound to: 0 - type: integer 
	Parameter C_HAS_REGCEA bound to: 0 - type: integer 
	Parameter C_USE_BYTE_WEA bound to: 0 - type: integer 
	Parameter C_WEA_WIDTH bound to: 1 - type: integer 
	Parameter C_WRITE_MODE_A bound to: WRITE_FIRST - type: string 
	Parameter C_WRITE_WIDTH_A bound to: 4 - type: integer 
	Parameter C_READ_WIDTH_A bound to: 4 - type: integer 
	Parameter C_WRITE_DEPTH_A bound to: 3136 - type: integer 
	Parameter C_READ_DEPTH_A bound to: 3136 - type: integer 
	Parameter C_ADDRA_WIDTH bound to: 12 - type: integer 
	Parameter C_HAS_RSTB bound to: 0 - type: integer 
	Parameter C_RST_PRIORITY_B bound to: CE - type: string 
	Parameter C_RSTRAM_B bound to: 0 - type: integer 
	Parameter C_INITB_VAL bound to: 0 - type: string 
	Parameter C_HAS_ENB bound to: 0 - type: integer 
	Parameter C_HAS_REGCEB bound to: 0 - type: integer 
	Parameter C_USE_BYTE_WEB bound to: 0 - type: integer 
	Parameter C_WEB_WIDTH bound to: 1 - type: integer 
	Parameter C_WRITE_MODE_B bound to: WRITE_FIRST - type: string 
	Parameter C_WRITE_WIDTH_B bound to: 4 - type: integer 
	Parameter C_READ_WIDTH_B bound to: 4 - type: integer 
	Parameter C_WRITE_DEPTH_B bound to: 3136 - type: integer 
	Parameter C_READ_DEPTH_B bound to: 3136 - type: integer 
	Parameter C_ADDRB_WIDTH bound to: 12 - type: integer 
	Parameter C_HAS_MEM_OUTPUT_REGS_A bound to: 0 - type: integer 
	Parameter C_HAS_MEM_OUTPUT_REGS_B bound to: 0 - type: integer 
	Parameter C_HAS_MUX_OUTPUT_REGS_A bound to: 0 - type: integer 
	Parameter C_HAS_MUX_OUTPUT_REGS_B bound to: 0 - type: integer 
	Parameter C_MUX_PIPELINE_STAGES bound to: 0 - type: integer 
	Parameter C_HAS_SOFTECC_INPUT_REGS_A bound to: 0 - type: integer 
	Parameter C_HAS_SOFTECC_OUTPUT_REGS_B bound to: 0 - type: integer 
	Parameter C_USE_SOFTECC bound to: 0 - type: integer 
	Parameter C_USE_ECC bound to: 0 - type: integer 
	Parameter C_EN_ECC_PIPE bound to: 0 - type: integer 
	Parameter C_READ_LATENCY_A bound to: 1 - type: integer 
	Parameter C_READ_LATENCY_B bound to: 1 - type: integer 
	Parameter C_HAS_INJECTERR bound to: 0 - type: integer 
	Parameter C_SIM_COLLISION_CHECK bound to: ALL - type: string 
	Parameter C_COMMON_CLK bound to: 0 - type: integer 
	Parameter C_DISABLE_WARN_BHV_COLL bound to: 0 - type: integer 
	Parameter C_EN_SLEEP_PIN bound to: 0 - type: integer 
	Parameter C_USE_URAM bound to: 0 - type: integer 
	Parameter C_EN_RDADDRA_CHG bound to: 0 - type: integer 
	Parameter C_EN_RDADDRB_CHG bound to: 0 - type: integer 
	Parameter C_EN_DEEPSLEEP_PIN bound to: 0 - type: integer 
	Parameter C_EN_SHUTDOWN_PIN bound to: 0 - type: integer 
	Parameter C_EN_SAFETY_CKT bound to: 0 - type: integer 
	Parameter C_DISABLE_WARN_BHV_RANGE bound to: 0 - type: integer 
	Parameter C_COUNT_36K_BRAM bound to: 0 - type: string 
	Parameter C_COUNT_18K_BRAM bound to: 1 - type: string 
	Parameter C_EST_POWER_SUMMARY bound to: Estimated Power for IP     :     1.1848 mW - type: string 
INFO: [Synth 8-3491] module 'blk_mem_gen_v8_4_5' declared at 'c:/385_Vivado_Projects/Final_Project/ECE-385-Final-Project/goose_hunt/goose_hunt.gen/sources_1/ip/Goose_fly_away1_rom/hdl/blk_mem_gen_v8_4_vhsyn_rfs.vhd:195321' bound to instance 'U0' of component 'blk_mem_gen_v8_4_5' [c:/385_Vivado_Projects/Final_Project/ECE-385-Final-Project/goose_hunt/goose_hunt.gen/sources_1/ip/Goose_fly_away1_rom/synth/Goose_fly_away1_rom.vhd:230]
INFO: [Synth 8-256] done synthesizing module 'Goose_fly_away1_rom' (0#1) [c:/385_Vivado_Projects/Final_Project/ECE-385-Final-Project/goose_hunt/goose_hunt.gen/sources_1/ip/Goose_fly_away1_rom/synth/Goose_fly_away1_rom.vhd:67]
WARNING: [Synth 8-689] width (17) of port connection 'addra' does not match port width (12) of module 'Goose_fly_away1_rom' [C:/385_Vivado_Projects/Final_Project/ECE-385-Final-Project/goose_hunt/goose_hunt.srcs/sources_1/imports/design_source/Color_Mapper.sv:375]
INFO: [Synth 8-6157] synthesizing module 'Goose_fly_away1_palette' [C:/385_Vivado_Projects/Final_Project/ECE-385-Final-Project/goose_hunt/goose_hunt.srcs/sources_1/imports/Image_to_COE/Goose_fly_away1/Goose_fly_away1_palette.sv:1]
INFO: [Synth 8-6155] done synthesizing module 'Goose_fly_away1_palette' (0#1) [C:/385_Vivado_Projects/Final_Project/ECE-385-Final-Project/goose_hunt/goose_hunt.srcs/sources_1/imports/Image_to_COE/Goose_fly_away1/Goose_fly_away1_palette.sv:1]
INFO: [Synth 8-6157] synthesizing module 'Goose_fly_away2_rom' [C:/385_Vivado_Projects/Final_Project/ECE-385-Final-Project/goose_hunt/goose_hunt.runs/synth_1/.Xil/Vivado-16188-DESKTOP-0EC8M3E/realtime/Goose_fly_away2_rom_stub.v:5]
INFO: [Synth 8-6155] done synthesizing module 'Goose_fly_away2_rom' (0#1) [C:/385_Vivado_Projects/Final_Project/ECE-385-Final-Project/goose_hunt/goose_hunt.runs/synth_1/.Xil/Vivado-16188-DESKTOP-0EC8M3E/realtime/Goose_fly_away2_rom_stub.v:5]
WARNING: [Synth 8-689] width (17) of port connection 'addra' does not match port width (12) of module 'Goose_fly_away2_rom' [C:/385_Vivado_Projects/Final_Project/ECE-385-Final-Project/goose_hunt/goose_hunt.srcs/sources_1/imports/design_source/Color_Mapper.sv:389]
INFO: [Synth 8-6157] synthesizing module 'Goose_fly_away2_palette' [C:/385_Vivado_Projects/Final_Project/ECE-385-Final-Project/goose_hunt/goose_hunt.srcs/sources_1/imports/Image_to_COE/Goose_fly_away2/Goose_fly_away2_palette.sv:1]
INFO: [Synth 8-6155] done synthesizing module 'Goose_fly_away2_palette' (0#1) [C:/385_Vivado_Projects/Final_Project/ECE-385-Final-Project/goose_hunt/goose_hunt.srcs/sources_1/imports/Image_to_COE/Goose_fly_away2/Goose_fly_away2_palette.sv:1]
INFO: [Synth 8-6157] synthesizing module 'Goose_fly_away3' [C:/385_Vivado_Projects/Final_Project/ECE-385-Final-Project/goose_hunt/goose_hunt.runs/synth_1/.Xil/Vivado-16188-DESKTOP-0EC8M3E/realtime/Goose_fly_away3_stub.v:5]
INFO: [Synth 8-6155] done synthesizing module 'Goose_fly_away3' (0#1) [C:/385_Vivado_Projects/Final_Project/ECE-385-Final-Project/goose_hunt/goose_hunt.runs/synth_1/.Xil/Vivado-16188-DESKTOP-0EC8M3E/realtime/Goose_fly_away3_stub.v:5]
WARNING: [Synth 8-689] width (17) of port connection 'addra' does not match port width (12) of module 'Goose_fly_away3' [C:/385_Vivado_Projects/Final_Project/ECE-385-Final-Project/goose_hunt/goose_hunt.srcs/sources_1/imports/design_source/Color_Mapper.sv:402]
INFO: [Synth 8-6157] synthesizing module 'Goose_fly_away3_palette' [C:/385_Vivado_Projects/Final_Project/ECE-385-Final-Project/goose_hunt/goose_hunt.srcs/sources_1/imports/Image_to_COE/Goose_fly_away3/Goose_fly_away3_palette.sv:1]
INFO: [Synth 8-6155] done synthesizing module 'Goose_fly_away3_palette' (0#1) [C:/385_Vivado_Projects/Final_Project/ECE-385-Final-Project/goose_hunt/goose_hunt.srcs/sources_1/imports/Image_to_COE/Goose_fly_away3/Goose_fly_away3_palette.sv:1]
INFO: [Synth 8-155] case statement is not full and has no default [C:/385_Vivado_Projects/Final_Project/ECE-385-Final-Project/goose_hunt/goose_hunt.srcs/sources_1/imports/design_source/Color_Mapper.sv:497]
INFO: [Synth 8-155] case statement is not full and has no default [C:/385_Vivado_Projects/Final_Project/ECE-385-Final-Project/goose_hunt/goose_hunt.srcs/sources_1/imports/design_source/Color_Mapper.sv:527]
INFO: [Synth 8-6155] done synthesizing module 'color_mapper' (0#1) [C:/385_Vivado_Projects/Final_Project/ECE-385-Final-Project/goose_hunt/goose_hunt.srcs/sources_1/imports/design_source/Color_Mapper.sv:17]
WARNING: [Synth 8-689] width (8) of port connection 'button' does not match port width (1) of module 'color_mapper' [C:/385_Vivado_Projects/Final_Project/ECE-385-Final-Project/goose_hunt/goose_hunt.srcs/sources_1/imports/design_source/mb_usb_hdmi_top.sv:257]
WARNING: [Synth 8-689] width (8) of port connection 'dog_frame' does not match port width (1) of module 'color_mapper' [C:/385_Vivado_Projects/Final_Project/ECE-385-Final-Project/goose_hunt/goose_hunt.srcs/sources_1/imports/design_source/mb_usb_hdmi_top.sv:270]
INFO: [Synth 8-6157] synthesizing module 'duck' [C:/385_Vivado_Projects/Final_Project/ECE-385-Final-Project/goose_hunt/goose_hunt.srcs/sources_1/new/duck.sv:23]
INFO: [Synth 8-6155] done synthesizing module 'duck' (0#1) [C:/385_Vivado_Projects/Final_Project/ECE-385-Final-Project/goose_hunt/goose_hunt.srcs/sources_1/new/duck.sv:23]
WARNING: [Synth 8-689] width (8) of port connection 'button' does not match port width (1) of module 'duck' [C:/385_Vivado_Projects/Final_Project/ECE-385-Final-Project/goose_hunt/goose_hunt.srcs/sources_1/imports/design_source/mb_usb_hdmi_top.sv:304]
INFO: [Synth 8-6157] synthesizing module 'dog' [C:/385_Vivado_Projects/Final_Project/ECE-385-Final-Project/goose_hunt/goose_hunt.srcs/sources_1/new/dog.sv:23]
INFO: [Synth 8-6157] synthesizing module 'dog_excited_rom' [C:/385_Vivado_Projects/Final_Project/ECE-385-Final-Project/goose_hunt/goose_hunt.runs/synth_1/.Xil/Vivado-16188-DESKTOP-0EC8M3E/realtime/dog_excited_rom_stub.v:5]
INFO: [Synth 8-6155] done synthesizing module 'dog_excited_rom' (0#1) [C:/385_Vivado_Projects/Final_Project/ECE-385-Final-Project/goose_hunt/goose_hunt.runs/synth_1/.Xil/Vivado-16188-DESKTOP-0EC8M3E/realtime/dog_excited_rom_stub.v:5]
WARNING: [Synth 8-689] width (17) of port connection 'addra' does not match port width (14) of module 'dog_excited_rom' [C:/385_Vivado_Projects/Final_Project/ECE-385-Final-Project/goose_hunt/goose_hunt.srcs/sources_1/new/dog.sv:103]
INFO: [Synth 8-6157] synthesizing module 'dog_excited_palette' [C:/385_Vivado_Projects/Final_Project/ECE-385-Final-Project/goose_hunt/goose_hunt.srcs/sources_1/imports/Image_to_COE/dog_excited/dog_excited_palette.sv:1]
INFO: [Synth 8-6155] done synthesizing module 'dog_excited_palette' (0#1) [C:/385_Vivado_Projects/Final_Project/ECE-385-Final-Project/goose_hunt/goose_hunt.srcs/sources_1/imports/Image_to_COE/dog_excited/dog_excited_palette.sv:1]
INFO: [Synth 8-6157] synthesizing module 'dog_sniff_rom' [C:/385_Vivado_Projects/Final_Project/ECE-385-Final-Project/goose_hunt/goose_hunt.runs/synth_1/.Xil/Vivado-16188-DESKTOP-0EC8M3E/realtime/dog_sniff_rom_stub.v:5]
INFO: [Synth 8-6155] done synthesizing module 'dog_sniff_rom' (0#1) [C:/385_Vivado_Projects/Final_Project/ECE-385-Final-Project/goose_hunt/goose_hunt.runs/synth_1/.Xil/Vivado-16188-DESKTOP-0EC8M3E/realtime/dog_sniff_rom_stub.v:5]
WARNING: [Synth 8-689] width (17) of port connection 'addra' does not match port width (14) of module 'dog_sniff_rom' [C:/385_Vivado_Projects/Final_Project/ECE-385-Final-Project/goose_hunt/goose_hunt.srcs/sources_1/new/dog.sv:116]
INFO: [Synth 8-6157] synthesizing module 'dog_sniff_palette' [C:/385_Vivado_Projects/Final_Project/ECE-385-Final-Project/goose_hunt/goose_hunt.srcs/sources_1/imports/Image_to_COE/dog_sniff/dog_sniff_palette.sv:1]
INFO: [Synth 8-6155] done synthesizing module 'dog_sniff_palette' (0#1) [C:/385_Vivado_Projects/Final_Project/ECE-385-Final-Project/goose_hunt/goose_hunt.srcs/sources_1/imports/Image_to_COE/dog_sniff/dog_sniff_palette.sv:1]
INFO: [Synth 8-6157] synthesizing module 'dog_walk_third_rom' [C:/385_Vivado_Projects/Final_Project/ECE-385-Final-Project/goose_hunt/goose_hunt.runs/synth_1/.Xil/Vivado-16188-DESKTOP-0EC8M3E/realtime/dog_walk_third_rom_stub.v:5]
INFO: [Synth 8-6155] done synthesizing module 'dog_walk_third_rom' (0#1) [C:/385_Vivado_Projects/Final_Project/ECE-385-Final-Project/goose_hunt/goose_hunt.runs/synth_1/.Xil/Vivado-16188-DESKTOP-0EC8M3E/realtime/dog_walk_third_rom_stub.v:5]
WARNING: [Synth 8-689] width (17) of port connection 'addra' does not match port width (14) of module 'dog_walk_third_rom' [C:/385_Vivado_Projects/Final_Project/ECE-385-Final-Project/goose_hunt/goose_hunt.srcs/sources_1/new/dog.sv:129]
INFO: [Synth 8-6157] synthesizing module 'dog_walk_third_palette' [C:/385_Vivado_Projects/Final_Project/ECE-385-Final-Project/goose_hunt/goose_hunt.srcs/sources_1/imports/Image_to_COE/dog_walk_third/dog_walk_third_palette.sv:1]
INFO: [Synth 8-6155] done synthesizing module 'dog_walk_third_palette' (0#1) [C:/385_Vivado_Projects/Final_Project/ECE-385-Final-Project/goose_hunt/goose_hunt.srcs/sources_1/imports/Image_to_COE/dog_walk_third/dog_walk_third_palette.sv:1]
INFO: [Synth 8-6157] synthesizing module 'duck_walk_fourth_rom' [C:/385_Vivado_Projects/Final_Project/ECE-385-Final-Project/goose_hunt/goose_hunt.runs/synth_1/.Xil/Vivado-16188-DESKTOP-0EC8M3E/realtime/duck_walk_fourth_rom_stub.v:5]
INFO: [Synth 8-6155] done synthesizing module 'duck_walk_fourth_rom' (0#1) [C:/385_Vivado_Projects/Final_Project/ECE-385-Final-Project/goose_hunt/goose_hunt.runs/synth_1/.Xil/Vivado-16188-DESKTOP-0EC8M3E/realtime/duck_walk_fourth_rom_stub.v:5]
WARNING: [Synth 8-689] width (17) of port connection 'addra' does not match port width (14) of module 'duck_walk_fourth_rom' [C:/385_Vivado_Projects/Final_Project/ECE-385-Final-Project/goose_hunt/goose_hunt.srcs/sources_1/new/dog.sv:142]
INFO: [Synth 8-6157] synthesizing module 'dog_walk_fourth_palette' [C:/385_Vivado_Projects/Final_Project/ECE-385-Final-Project/goose_hunt/goose_hunt.srcs/sources_1/imports/Image_to_COE/dog_walk_fourth/dog_walk_fourth_palette.sv:1]
INFO: [Synth 8-6155] done synthesizing module 'dog_walk_fourth_palette' (0#1) [C:/385_Vivado_Projects/Final_Project/ECE-385-Final-Project/goose_hunt/goose_hunt.srcs/sources_1/imports/Image_to_COE/dog_walk_fourth/dog_walk_fourth_palette.sv:1]
INFO: [Synth 8-6157] synthesizing module 'dog_walk_first_rom' [C:/385_Vivado_Projects/Final_Project/ECE-385-Final-Project/goose_hunt/goose_hunt.runs/synth_1/.Xil/Vivado-16188-DESKTOP-0EC8M3E/realtime/dog_walk_first_rom_stub.v:5]
INFO: [Synth 8-6155] done synthesizing module 'dog_walk_first_rom' (0#1) [C:/385_Vivado_Projects/Final_Project/ECE-385-Final-Project/goose_hunt/goose_hunt.runs/synth_1/.Xil/Vivado-16188-DESKTOP-0EC8M3E/realtime/dog_walk_first_rom_stub.v:5]
WARNING: [Synth 8-689] width (17) of port connection 'addra' does not match port width (14) of module 'dog_walk_first_rom' [C:/385_Vivado_Projects/Final_Project/ECE-385-Final-Project/goose_hunt/goose_hunt.srcs/sources_1/new/dog.sv:155]
INFO: [Synth 8-6157] synthesizing module 'dog_walk_first_palette' [C:/385_Vivado_Projects/Final_Project/ECE-385-Final-Project/goose_hunt/goose_hunt.srcs/sources_1/imports/Image_to_COE/dog_walk_first/dog_walk_first_palette.sv:1]
INFO: [Synth 8-6155] done synthesizing module 'dog_walk_first_palette' (0#1) [C:/385_Vivado_Projects/Final_Project/ECE-385-Final-Project/goose_hunt/goose_hunt.srcs/sources_1/imports/Image_to_COE/dog_walk_first/dog_walk_first_palette.sv:1]
INFO: [Synth 8-6157] synthesizing module 'dog_walk_second_rom' [C:/385_Vivado_Projects/Final_Project/ECE-385-Final-Project/goose_hunt/goose_hunt.runs/synth_1/.Xil/Vivado-16188-DESKTOP-0EC8M3E/realtime/dog_walk_second_rom_stub.v:5]
INFO: [Synth 8-6155] done synthesizing module 'dog_walk_second_rom' (0#1) [C:/385_Vivado_Projects/Final_Project/ECE-385-Final-Project/goose_hunt/goose_hunt.runs/synth_1/.Xil/Vivado-16188-DESKTOP-0EC8M3E/realtime/dog_walk_second_rom_stub.v:5]
WARNING: [Synth 8-689] width (17) of port connection 'addra' does not match port width (14) of module 'dog_walk_second_rom' [C:/385_Vivado_Projects/Final_Project/ECE-385-Final-Project/goose_hunt/goose_hunt.srcs/sources_1/new/dog.sv:169]
INFO: [Synth 8-6157] synthesizing module 'dog_walk_second_palette' [C:/385_Vivado_Projects/Final_Project/ECE-385-Final-Project/goose_hunt/goose_hunt.srcs/sources_1/imports/Image_to_COE/dog_walk_second/dog_walk_second_palette.sv:1]
INFO: [Synth 8-6155] done synthesizing module 'dog_walk_second_palette' (0#1) [C:/385_Vivado_Projects/Final_Project/ECE-385-Final-Project/goose_hunt/goose_hunt.srcs/sources_1/imports/Image_to_COE/dog_walk_second/dog_walk_second_palette.sv:1]
INFO: [Synth 8-6157] synthesizing module 'dog_jump1_rom' [C:/385_Vivado_Projects/Final_Project/ECE-385-Final-Project/goose_hunt/goose_hunt.runs/synth_1/.Xil/Vivado-16188-DESKTOP-0EC8M3E/realtime/dog_jump1_rom_stub.v:5]
INFO: [Synth 8-6155] done synthesizing module 'dog_jump1_rom' (0#1) [C:/385_Vivado_Projects/Final_Project/ECE-385-Final-Project/goose_hunt/goose_hunt.runs/synth_1/.Xil/Vivado-16188-DESKTOP-0EC8M3E/realtime/dog_jump1_rom_stub.v:5]
WARNING: [Synth 8-689] width (17) of port connection 'addra' does not match port width (14) of module 'dog_jump1_rom' [C:/385_Vivado_Projects/Final_Project/ECE-385-Final-Project/goose_hunt/goose_hunt.srcs/sources_1/new/dog.sv:183]
INFO: [Synth 8-6157] synthesizing module 'dog_jump1_palette' [C:/385_Vivado_Projects/Final_Project/ECE-385-Final-Project/goose_hunt/goose_hunt.srcs/sources_1/imports/Image_to_COE/dog_jump1/dog_jump1_palette.sv:1]
INFO: [Synth 8-6155] done synthesizing module 'dog_jump1_palette' (0#1) [C:/385_Vivado_Projects/Final_Project/ECE-385-Final-Project/goose_hunt/goose_hunt.srcs/sources_1/imports/Image_to_COE/dog_jump1/dog_jump1_palette.sv:1]
INFO: [Synth 8-6157] synthesizing module 'dog_jump2_rom' [C:/385_Vivado_Projects/Final_Project/ECE-385-Final-Project/goose_hunt/goose_hunt.runs/synth_1/.Xil/Vivado-16188-DESKTOP-0EC8M3E/realtime/dog_jump2_rom_stub.v:5]
INFO: [Common 17-14] Message 'Synth 8-6157' appears 100 times and further instances of the messages will be disabled. Use the Tcl command set_msg_config to change the current settings.
INFO: [Synth 8-6155] done synthesizing module 'dog_jump2_rom' (0#1) [C:/385_Vivado_Projects/Final_Project/ECE-385-Final-Project/goose_hunt/goose_hunt.runs/synth_1/.Xil/Vivado-16188-DESKTOP-0EC8M3E/realtime/dog_jump2_rom_stub.v:5]
WARNING: [Synth 8-689] width (17) of port connection 'addra' does not match port width (14) of module 'dog_jump2_rom' [C:/385_Vivado_Projects/Final_Project/ECE-385-Final-Project/goose_hunt/goose_hunt.srcs/sources_1/new/dog.sv:196]
INFO: [Synth 8-6155] done synthesizing module 'dog_jump2_palette' (0#1) [C:/385_Vivado_Projects/Final_Project/ECE-385-Final-Project/goose_hunt/goose_hunt.srcs/sources_1/imports/Image_to_COE/dog_jump2/dog_jump2_palette.sv:1]
INFO: [Synth 8-6155] done synthesizing module 'dog_standing_rom' (0#1) [C:/385_Vivado_Projects/Final_Project/ECE-385-Final-Project/goose_hunt/goose_hunt.runs/synth_1/.Xil/Vivado-16188-DESKTOP-0EC8M3E/realtime/dog_standing_rom_stub.v:5]
INFO: [Common 17-14] Message 'Synth 8-6155' appears 100 times and further instances of the messages will be disabled. Use the Tcl command set_msg_config to change the current settings.
WARNING: [Synth 8-689] width (17) of port connection 'addra' does not match port width (14) of module 'dog_standing_rom' [C:/385_Vivado_Projects/Final_Project/ECE-385-Final-Project/goose_hunt/goose_hunt.srcs/sources_1/new/dog.sv:209]
WARNING: [Synth 8-689] width (17) of port connection 'addra' does not match port width (14) of module 'dog_laugh1_rom' [C:/385_Vivado_Projects/Final_Project/ECE-385-Final-Project/goose_hunt/goose_hunt.srcs/sources_1/new/dog.sv:223]
WARNING: [Synth 8-6104] Input port 'hitbox_half' has an internal driver [C:/385_Vivado_Projects/Final_Project/ECE-385-Final-Project/goose_hunt/goose_hunt.srcs/sources_1/new/control.sv:106]
INFO: [Synth 8-294] found qualifier unique on case statement: implementing as parallel_case [C:/385_Vivado_Projects/Final_Project/ECE-385-Final-Project/goose_hunt/goose_hunt.srcs/sources_1/new/control.sv:447]
WARNING: [Synth 8-6014] Unused sequential element frame_fall_reg was removed.  [C:/385_Vivado_Projects/Final_Project/ECE-385-Final-Project/goose_hunt/goose_hunt.srcs/sources_1/imports/design_source/Color_Mapper.sv:101]
WARNING: [Synth 8-6014] Unused sequential element fall_ani_count_reg was removed.  [C:/385_Vivado_Projects/Final_Project/ECE-385-Final-Project/goose_hunt/goose_hunt.srcs/sources_1/imports/design_source/Color_Mapper.sv:103]
WARNING: [Synth 8-87] always_comb on 'rom_address_duck_reg' did not result in combinational logic [C:/385_Vivado_Projects/Final_Project/ECE-385-Final-Project/goose_hunt/goose_hunt.srcs/sources_1/imports/design_source/Color_Mapper.sv:323]
WARNING: [Synth 8-87] always_comb on 'Red_reg' did not result in combinational logic [C:/385_Vivado_Projects/Final_Project/ECE-385-Final-Project/goose_hunt/goose_hunt.srcs/sources_1/imports/design_source/Color_Mapper.sv:481]
WARNING: [Synth 8-87] always_comb on 'Green_reg' did not result in combinational logic [C:/385_Vivado_Projects/Final_Project/ECE-385-Final-Project/goose_hunt/goose_hunt.srcs/sources_1/imports/design_source/Color_Mapper.sv:482]
WARNING: [Synth 8-87] always_comb on 'Blue_reg' did not result in combinational logic [C:/385_Vivado_Projects/Final_Project/ECE-385-Final-Project/goose_hunt/goose_hunt.srcs/sources_1/imports/design_source/Color_Mapper.sv:483]
WARNING: [Synth 8-3848] Net gameover_draw in module/entity color_mapper does not have driver. [C:/385_Vivado_Projects/Final_Project/ECE-385-Final-Project/goose_hunt/goose_hunt.srcs/sources_1/imports/design_source/Color_Mapper.sv:43]
WARNING: [Synth 8-3848] Net hit_array_next in module/entity color_mapper does not have driver. [C:/385_Vivado_Projects/Final_Project/ECE-385-Final-Project/goose_hunt/goose_hunt.srcs/sources_1/imports/design_source/Color_Mapper.sv:53]
WARNING: [Synth 8-6014] Unused sequential element wait_to_start_count_reg was removed.  [C:/385_Vivado_Projects/Final_Project/ECE-385-Final-Project/goose_hunt/goose_hunt.srcs/sources_1/new/duck.sv:221]
WARNING: [Synth 8-87] always_comb on 'rom_address_dog_reg' did not result in combinational logic [C:/385_Vivado_Projects/Final_Project/ECE-385-Final-Project/goose_hunt/goose_hunt.srcs/sources_1/new/dog.sv:103]
WARNING: [Synth 8-87] always_comb on 'Dog_Red_reg' did not result in combinational logic [C:/385_Vivado_Projects/Final_Project/ECE-385-Final-Project/goose_hunt/goose_hunt.srcs/sources_1/new/dog.sv:277]
WARNING: [Synth 8-87] always_comb on 'Dog_Green_reg' did not result in combinational logic [C:/385_Vivado_Projects/Final_Project/ECE-385-Final-Project/goose_hunt/goose_hunt.srcs/sources_1/new/dog.sv:278]
WARNING: [Synth 8-87] always_comb on 'Dog_Blue_reg' did not result in combinational logic [C:/385_Vivado_Projects/Final_Project/ECE-385-Final-Project/goose_hunt/goose_hunt.srcs/sources_1/new/dog.sv:279]
WARNING: [Synth 8-87] always_comb on 'dog_on_reg' did not result in combinational logic [C:/385_Vivado_Projects/Final_Project/ECE-385-Final-Project/goose_hunt/goose_hunt.srcs/sources_1/new/dog.sv:332]
WARNING: [Synth 8-3848] Net DuckX in module/entity control does not have driver. [C:/385_Vivado_Projects/Final_Project/ECE-385-Final-Project/goose_hunt/goose_hunt.srcs/sources_1/new/control.sv:39]
WARNING: [Synth 8-3848] Net DuckY in module/entity control does not have driver. [C:/385_Vivado_Projects/Final_Project/ECE-385-Final-Project/goose_hunt/goose_hunt.srcs/sources_1/new/control.sv:40]
WARNING: [Synth 8-3848] Net DuckS in module/entity control does not have driver. [C:/385_Vivado_Projects/Final_Project/ECE-385-Final-Project/goose_hunt/goose_hunt.srcs/sources_1/new/control.sv:41]
WARNING: [Synth 8-3848] Net duck_update_complete in module/entity control does not have driver. [C:/385_Vivado_Projects/Final_Project/ECE-385-Final-Project/goose_hunt/goose_hunt.srcs/sources_1/new/control.sv:64]
WARNING: [Synth 8-3848] Net shot_reset_complete in module/entity control does not have driver. [C:/385_Vivado_Projects/Final_Project/ECE-385-Final-Project/goose_hunt/goose_hunt.srcs/sources_1/new/control.sv:64]
WARNING: [Synth 8-3848] Net ones_digit in module/entity mb_usb_hdmi_top does not have driver. [C:/385_Vivado_Projects/Final_Project/ECE-385-Final-Project/goose_hunt/goose_hunt.srcs/sources_1/imports/design_source/mb_usb_hdmi_top.sv:66]
WARNING: [Synth 8-3848] Net tens_digit in module/entity mb_usb_hdmi_top does not have driver. [C:/385_Vivado_Projects/Final_Project/ECE-385-Final-Project/goose_hunt/goose_hunt.srcs/sources_1/imports/design_source/mb_usb_hdmi_top.sv:66]
WARNING: [Synth 8-3848] Net hundreds_digit in module/entity mb_usb_hdmi_top does not have driver. [C:/385_Vivado_Projects/Final_Project/ECE-385-Final-Project/goose_hunt/goose_hunt.srcs/sources_1/imports/design_source/mb_usb_hdmi_top.sv:66]
WARNING: [Synth 8-7129] Port DuckS[9] in module control is either unconnected or has no load
WARNING: [Synth 8-7129] Port DuckS[8] in module control is either unconnected or has no load
WARNING: [Synth 8-7129] Port DuckS[7] in module control is either unconnected or has no load
WARNING: [Synth 8-7129] Port DuckS[6] in module control is either unconnected or has no load
WARNING: [Synth 8-7129] Port DuckS[5] in module control is either unconnected or has no load
WARNING: [Synth 8-7129] Port DuckS[4] in module control is either unconnected or has no load
WARNING: [Synth 8-7129] Port DuckS[3] in module control is either unconnected or has no load
WARNING: [Synth 8-7129] Port DuckS[2] in module control is either unconnected or has no load
WARNING: [Synth 8-7129] Port DuckS[1] in module control is either unconnected or has no load
WARNING: [Synth 8-7129] Port DuckS[0] in module control is either unconnected or has no load
WARNING: [Synth 8-7129] Port duck_update_complete in module control is either unconnected or has no load
WARNING: [Synth 8-7129] Port shot_reset_complete in module control is either unconnected or has no load
WARNING: [Synth 8-7129] Port DrawX[9] in module control is either unconnected or has no load
WARNING: [Synth 8-7129] Port DrawX[8] in module control is either unconnected or has no load
WARNING: [Synth 8-7129] Port DrawX[7] in module control is either unconnected or has no load
WARNING: [Synth 8-7129] Port DrawX[6] in module control is either unconnected or has no load
WARNING: [Synth 8-7129] Port DrawX[5] in module control is either unconnected or has no load
WARNING: [Synth 8-7129] Port DrawX[4] in module control is either unconnected or has no load
WARNING: [Synth 8-7129] Port DrawX[3] in module control is either unconnected or has no load
WARNING: [Synth 8-7129] Port DrawX[2] in module control is either unconnected or has no load
WARNING: [Synth 8-7129] Port DrawX[1] in module control is either unconnected or has no load
WARNING: [Synth 8-7129] Port DrawX[0] in module control is either unconnected or has no load
WARNING: [Synth 8-7129] Port DrawY[9] in module control is either unconnected or has no load
WARNING: [Synth 8-7129] Port DrawY[8] in module control is either unconnected or has no load
WARNING: [Synth 8-7129] Port DrawY[7] in module control is either unconnected or has no load
WARNING: [Synth 8-7129] Port DrawY[6] in module control is either unconnected or has no load
WARNING: [Synth 8-7129] Port DrawY[5] in module control is either unconnected or has no load
WARNING: [Synth 8-7129] Port DrawY[4] in module control is either unconnected or has no load
WARNING: [Synth 8-7129] Port DrawY[3] in module control is either unconnected or has no load
WARNING: [Synth 8-7129] Port DrawY[2] in module control is either unconnected or has no load
WARNING: [Synth 8-7129] Port DrawY[1] in module control is either unconnected or has no load
WARNING: [Synth 8-7129] Port DrawY[0] in module control is either unconnected or has no load
WARNING: [Synth 8-7129] Port Ball_size[9] in module control is either unconnected or has no load
WARNING: [Synth 8-7129] Port Ball_size[8] in module control is either unconnected or has no load
WARNING: [Synth 8-7129] Port Ball_size[7] in module control is either unconnected or has no load
WARNING: [Synth 8-7129] Port Ball_size[6] in module control is either unconnected or has no load
WARNING: [Synth 8-7129] Port Ball_size[5] in module control is either unconnected or has no load
WARNING: [Synth 8-7129] Port Ball_size[4] in module control is either unconnected or has no load
WARNING: [Synth 8-7129] Port Ball_size[3] in module control is either unconnected or has no load
WARNING: [Synth 8-7129] Port Ball_size[2] in module control is either unconnected or has no load
WARNING: [Synth 8-7129] Port Ball_size[1] in module control is either unconnected or has no load
WARNING: [Synth 8-7129] Port Ball_size[0] in module control is either unconnected or has no load
WARNING: [Synth 8-7129] Port Reset in module dog is either unconnected or has no load
WARNING: [Synth 8-7129] Port Reset in module duck is either unconnected or has no load
WARNING: [Synth 8-7129] Port button in module duck is either unconnected or has no load
WARNING: [Synth 8-7129] Port DrawX[9] in module duck is either unconnected or has no load
WARNING: [Synth 8-7129] Port DrawX[8] in module duck is either unconnected or has no load
WARNING: [Synth 8-7129] Port DrawX[7] in module duck is either unconnected or has no load
WARNING: [Synth 8-7129] Port DrawX[6] in module duck is either unconnected or has no load
WARNING: [Synth 8-7129] Port DrawX[5] in module duck is either unconnected or has no load
WARNING: [Synth 8-7129] Port DrawX[4] in module duck is either unconnected or has no load
WARNING: [Synth 8-7129] Port DrawX[3] in module duck is either unconnected or has no load
WARNING: [Synth 8-7129] Port DrawX[2] in module duck is either unconnected or has no load
WARNING: [Synth 8-7129] Port DrawX[1] in module duck is either unconnected or has no load
WARNING: [Synth 8-7129] Port DrawX[0] in module duck is either unconnected or has no load
WARNING: [Synth 8-7129] Port DrawY[9] in module duck is either unconnected or has no load
WARNING: [Synth 8-7129] Port DrawY[8] in module duck is either unconnected or has no load
WARNING: [Synth 8-7129] Port DrawY[7] in module duck is either unconnected or has no load
WARNING: [Synth 8-7129] Port DrawY[6] in module duck is either unconnected or has no load
WARNING: [Synth 8-7129] Port DrawY[5] in module duck is either unconnected or has no load
WARNING: [Synth 8-7129] Port DrawY[4] in module duck is either unconnected or has no load
WARNING: [Synth 8-7129] Port DrawY[3] in module duck is either unconnected or has no load
WARNING: [Synth 8-7129] Port DrawY[2] in module duck is either unconnected or has no load
WARNING: [Synth 8-7129] Port DrawY[1] in module duck is either unconnected or has no load
WARNING: [Synth 8-7129] Port DrawY[0] in module duck is either unconnected or has no load
WARNING: [Synth 8-7129] Port BallX[9] in module duck is either unconnected or has no load
WARNING: [Synth 8-7129] Port BallX[8] in module duck is either unconnected or has no load
WARNING: [Synth 8-7129] Port BallX[7] in module duck is either unconnected or has no load
WARNING: [Synth 8-7129] Port BallX[6] in module duck is either unconnected or has no load
WARNING: [Synth 8-7129] Port BallX[5] in module duck is either unconnected or has no load
WARNING: [Synth 8-7129] Port BallX[4] in module duck is either unconnected or has no load
WARNING: [Synth 8-7129] Port BallX[3] in module duck is either unconnected or has no load
WARNING: [Synth 8-7129] Port BallX[2] in module duck is either unconnected or has no load
WARNING: [Synth 8-7129] Port BallX[1] in module duck is either unconnected or has no load
WARNING: [Synth 8-7129] Port BallX[0] in module duck is either unconnected or has no load
WARNING: [Synth 8-7129] Port BallY[9] in module duck is either unconnected or has no load
WARNING: [Synth 8-7129] Port BallY[8] in module duck is either unconnected or has no load
WARNING: [Synth 8-7129] Port BallY[7] in module duck is either unconnected or has no load
WARNING: [Synth 8-7129] Port BallY[6] in module duck is either unconnected or has no load
WARNING: [Synth 8-7129] Port BallY[5] in module duck is either unconnected or has no load
WARNING: [Synth 8-7129] Port BallY[4] in module duck is either unconnected or has no load
WARNING: [Synth 8-7129] Port BallY[3] in module duck is either unconnected or has no load
WARNING: [Synth 8-7129] Port BallY[2] in module duck is either unconnected or has no load
WARNING: [Synth 8-7129] Port BallY[1] in module duck is either unconnected or has no load
WARNING: [Synth 8-7129] Port BallY[0] in module duck is either unconnected or has no load
WARNING: [Synth 8-7129] Port Ball_size[9] in module duck is either unconnected or has no load
WARNING: [Synth 8-7129] Port Ball_size[8] in module duck is either unconnected or has no load
WARNING: [Synth 8-7129] Port Ball_size[7] in module duck is either unconnected or has no load
WARNING: [Synth 8-7129] Port Ball_size[6] in module duck is either unconnected or has no load
WARNING: [Synth 8-7129] Port Ball_size[5] in module duck is either unconnected or has no load
WARNING: [Synth 8-7129] Port Ball_size[4] in module duck is either unconnected or has no load
WARNING: [Synth 8-7129] Port Ball_size[3] in module duck is either unconnected or has no load
WARNING: [Synth 8-7129] Port Ball_size[2] in module duck is either unconnected or has no load
WARNING: [Synth 8-7129] Port Ball_size[1] in module duck is either unconnected or has no load
WARNING: [Synth 8-7129] Port Ball_size[0] in module duck is either unconnected or has no load
WARNING: [Synth 8-7129] Port CLKB in module blk_mem_output_block is either unconnected or has no load
WARNING: [Synth 8-7129] Port DOUTB_I[3] in module blk_mem_output_block is either unconnected or has no load
WARNING: [Synth 8-7129] Port DOUTB_I[2] in module blk_mem_output_block is either unconnected or has no load
WARNING: [Synth 8-7129] Port DOUTB_I[1] in module blk_mem_output_block is either unconnected or has no load
WARNING: [Synth 8-7129] Port DOUTB_I[0] in module blk_mem_output_block is either unconnected or has no load
INFO: [Common 17-14] Message 'Synth 8-7129' appears 100 times and further instances of the messages will be disabled. Use the Tcl command set_msg_config to change the current settings.
---------------------------------------------------------------------------------
Finished RTL Elaboration : Time (s): cpu = 00:00:22 ; elapsed = 00:00:23 . Memory (MB): peak = 1565.996 ; gain = 746.746
---------------------------------------------------------------------------------
---------------------------------------------------------------------------------
Start Handling Custom Attributes
---------------------------------------------------------------------------------
---------------------------------------------------------------------------------
Finished Handling Custom Attributes : Time (s): cpu = 00:00:22 ; elapsed = 00:00:23 . Memory (MB): peak = 1565.996 ; gain = 746.746
---------------------------------------------------------------------------------
---------------------------------------------------------------------------------
Finished RTL Optimization Phase 1 : Time (s): cpu = 00:00:22 ; elapsed = 00:00:23 . Memory (MB): peak = 1565.996 ; gain = 746.746
---------------------------------------------------------------------------------
Netlist sorting complete. Time (s): cpu = 00:00:00 ; elapsed = 00:00:00.079 . Memory (MB): peak = 1565.996 ; gain = 0.000
INFO: [Netlist 29-17] Analyzing 1 Unisim elements for replacement
INFO: [Netlist 29-28] Unisim Transformation completed in 0 CPU seconds
WARNING: [Netlist 29-1115] Found multi-term driver net: color_instance/hundreds_digit[1].
INFO: [Project 1-570] Preparing netlist for logic optimization

Processing XDC Constraints
Initializing timing engine
Parsing XDC File [c:/385_Vivado_Projects/Final_Project/ECE-385-Final-Project/goose_hunt/goose_hunt.gen/sources_1/bd/mb_block/ip/mb_block_microblaze_0_0/mb_block_microblaze_0_0/mb_block_microblaze_0_0_in_context.xdc] for cell 'mb_block_i/microblaze_0'
Finished Parsing XDC File [c:/385_Vivado_Projects/Final_Project/ECE-385-Final-Project/goose_hunt/goose_hunt.gen/sources_1/bd/mb_block/ip/mb_block_microblaze_0_0/mb_block_microblaze_0_0/mb_block_microblaze_0_0_in_context.xdc] for cell 'mb_block_i/microblaze_0'
Parsing XDC File [c:/385_Vivado_Projects/Final_Project/ECE-385-Final-Project/goose_hunt/goose_hunt.gen/sources_1/bd/mb_block/ip/mb_block_dlmb_v10_0/mb_block_dlmb_v10_0/mb_block_dlmb_v10_0_in_context.xdc] for cell 'mb_block_i/microblaze_0_local_memory/dlmb_v10'
Finished Parsing XDC File [c:/385_Vivado_Projects/Final_Project/ECE-385-Final-Project/goose_hunt/goose_hunt.gen/sources_1/bd/mb_block/ip/mb_block_dlmb_v10_0/mb_block_dlmb_v10_0/mb_block_dlmb_v10_0_in_context.xdc] for cell 'mb_block_i/microblaze_0_local_memory/dlmb_v10'
Parsing XDC File [c:/385_Vivado_Projects/Final_Project/ECE-385-Final-Project/goose_hunt/goose_hunt.gen/sources_1/bd/mb_block/ip/mb_block_ilmb_v10_0/mb_block_ilmb_v10_0/mb_block_dlmb_v10_0_in_context.xdc] for cell 'mb_block_i/microblaze_0_local_memory/ilmb_v10'
Finished Parsing XDC File [c:/385_Vivado_Projects/Final_Project/ECE-385-Final-Project/goose_hunt/goose_hunt.gen/sources_1/bd/mb_block/ip/mb_block_ilmb_v10_0/mb_block_ilmb_v10_0/mb_block_dlmb_v10_0_in_context.xdc] for cell 'mb_block_i/microblaze_0_local_memory/ilmb_v10'
Parsing XDC File [c:/385_Vivado_Projects/Final_Project/ECE-385-Final-Project/goose_hunt/goose_hunt.gen/sources_1/bd/mb_block/ip/mb_block_dlmb_bram_if_cntlr_0/mb_block_dlmb_bram_if_cntlr_0/mb_block_dlmb_bram_if_cntlr_0_in_context.xdc] for cell 'mb_block_i/microblaze_0_local_memory/dlmb_bram_if_cntlr'
Finished Parsing XDC File [c:/385_Vivado_Projects/Final_Project/ECE-385-Final-Project/goose_hunt/goose_hunt.gen/sources_1/bd/mb_block/ip/mb_block_dlmb_bram_if_cntlr_0/mb_block_dlmb_bram_if_cntlr_0/mb_block_dlmb_bram_if_cntlr_0_in_context.xdc] for cell 'mb_block_i/microblaze_0_local_memory/dlmb_bram_if_cntlr'
Parsing XDC File [c:/385_Vivado_Projects/Final_Project/ECE-385-Final-Project/goose_hunt/goose_hunt.gen/sources_1/bd/mb_block/ip/mb_block_ilmb_bram_if_cntlr_0/mb_block_ilmb_bram_if_cntlr_0/mb_block_ilmb_bram_if_cntlr_0_in_context.xdc] for cell 'mb_block_i/microblaze_0_local_memory/ilmb_bram_if_cntlr'
Finished Parsing XDC File [c:/385_Vivado_Projects/Final_Project/ECE-385-Final-Project/goose_hunt/goose_hunt.gen/sources_1/bd/mb_block/ip/mb_block_ilmb_bram_if_cntlr_0/mb_block_ilmb_bram_if_cntlr_0/mb_block_ilmb_bram_if_cntlr_0_in_context.xdc] for cell 'mb_block_i/microblaze_0_local_memory/ilmb_bram_if_cntlr'
Parsing XDC File [c:/385_Vivado_Projects/Final_Project/ECE-385-Final-Project/goose_hunt/goose_hunt.gen/sources_1/bd/mb_block/ip/mb_block_lmb_bram_0/mb_block_lmb_bram_0/mb_block_lmb_bram_0_in_context.xdc] for cell 'mb_block_i/microblaze_0_local_memory/lmb_bram'
Finished Parsing XDC File [c:/385_Vivado_Projects/Final_Project/ECE-385-Final-Project/goose_hunt/goose_hunt.gen/sources_1/bd/mb_block/ip/mb_block_lmb_bram_0/mb_block_lmb_bram_0/mb_block_lmb_bram_0_in_context.xdc] for cell 'mb_block_i/microblaze_0_local_memory/lmb_bram'
Parsing XDC File [c:/385_Vivado_Projects/Final_Project/ECE-385-Final-Project/goose_hunt/goose_hunt.gen/sources_1/bd/mb_block/ip/mb_block_xbar_0/mb_block_xbar_0/mb_block_xbar_0_in_context.xdc] for cell 'mb_block_i/microblaze_0_axi_periph/xbar'
Finished Parsing XDC File [c:/385_Vivado_Projects/Final_Project/ECE-385-Final-Project/goose_hunt/goose_hunt.gen/sources_1/bd/mb_block/ip/mb_block_xbar_0/mb_block_xbar_0/mb_block_xbar_0_in_context.xdc] for cell 'mb_block_i/microblaze_0_axi_periph/xbar'
Parsing XDC File [c:/385_Vivado_Projects/Final_Project/ECE-385-Final-Project/goose_hunt/goose_hunt.gen/sources_1/bd/mb_block/ip/mb_block_microblaze_0_axi_intc_0/mb_block_microblaze_0_axi_intc_0/mb_block_microblaze_0_axi_intc_0_in_context.xdc] for cell 'mb_block_i/microblaze_0_axi_intc'
Finished Parsing XDC File [c:/385_Vivado_Projects/Final_Project/ECE-385-Final-Project/goose_hunt/goose_hunt.gen/sources_1/bd/mb_block/ip/mb_block_microblaze_0_axi_intc_0/mb_block_microblaze_0_axi_intc_0/mb_block_microblaze_0_axi_intc_0_in_context.xdc] for cell 'mb_block_i/microblaze_0_axi_intc'
Parsing XDC File [c:/385_Vivado_Projects/Final_Project/ECE-385-Final-Project/goose_hunt/goose_hunt.gen/sources_1/bd/mb_block/ip/mb_block_mdm_1_0/mb_block_mdm_1_0/mb_block_mdm_1_0_in_context.xdc] for cell 'mb_block_i/mdm_1'
Finished Parsing XDC File [c:/385_Vivado_Projects/Final_Project/ECE-385-Final-Project/goose_hunt/goose_hunt.gen/sources_1/bd/mb_block/ip/mb_block_mdm_1_0/mb_block_mdm_1_0/mb_block_mdm_1_0_in_context.xdc] for cell 'mb_block_i/mdm_1'
Parsing XDC File [c:/385_Vivado_Projects/Final_Project/ECE-385-Final-Project/goose_hunt/goose_hunt.gen/sources_1/bd/mb_block/ip/mb_block_clk_wiz_1_0/mb_block_clk_wiz_1_0/mb_block_clk_wiz_1_0_in_context.xdc] for cell 'mb_block_i/clk_wiz_1'
Finished Parsing XDC File [c:/385_Vivado_Projects/Final_Project/ECE-385-Final-Project/goose_hunt/goose_hunt.gen/sources_1/bd/mb_block/ip/mb_block_clk_wiz_1_0/mb_block_clk_wiz_1_0/mb_block_clk_wiz_1_0_in_context.xdc] for cell 'mb_block_i/clk_wiz_1'
Parsing XDC File [c:/385_Vivado_Projects/Final_Project/ECE-385-Final-Project/goose_hunt/goose_hunt.gen/sources_1/bd/mb_block/ip/mb_block_rst_clk_wiz_1_100M_0/mb_block_rst_clk_wiz_1_100M_0/mb_block_rst_clk_wiz_1_100M_0_in_context.xdc] for cell 'mb_block_i/rst_clk_wiz_1_100M'
Finished Parsing XDC File [c:/385_Vivado_Projects/Final_Project/ECE-385-Final-Project/goose_hunt/goose_hunt.gen/sources_1/bd/mb_block/ip/mb_block_rst_clk_wiz_1_100M_0/mb_block_rst_clk_wiz_1_100M_0/mb_block_rst_clk_wiz_1_100M_0_in_context.xdc] for cell 'mb_block_i/rst_clk_wiz_1_100M'
Parsing XDC File [c:/385_Vivado_Projects/Final_Project/ECE-385-Final-Project/goose_hunt/goose_hunt.gen/sources_1/bd/mb_block/ip/mb_block_axi_uartlite_0_0/mb_block_axi_uartlite_0_0/mb_block_axi_uartlite_0_0_in_context.xdc] for cell 'mb_block_i/axi_uartlite_0'
Finished Parsing XDC File [c:/385_Vivado_Projects/Final_Project/ECE-385-Final-Project/goose_hunt/goose_hunt.gen/sources_1/bd/mb_block/ip/mb_block_axi_uartlite_0_0/mb_block_axi_uartlite_0_0/mb_block_axi_uartlite_0_0_in_context.xdc] for cell 'mb_block_i/axi_uartlite_0'
Parsing XDC File [c:/385_Vivado_Projects/Final_Project/ECE-385-Final-Project/goose_hunt/goose_hunt.gen/sources_1/bd/mb_block/ip/mb_block_axi_gpio_0_0/mb_block_axi_gpio_0_0/mb_block_axi_gpio_0_0_in_context.xdc] for cell 'mb_block_i/gpio_usb_rst'
Finished Parsing XDC File [c:/385_Vivado_Projects/Final_Project/ECE-385-Final-Project/goose_hunt/goose_hunt.gen/sources_1/bd/mb_block/ip/mb_block_axi_gpio_0_0/mb_block_axi_gpio_0_0/mb_block_axi_gpio_0_0_in_context.xdc] for cell 'mb_block_i/gpio_usb_rst'
Parsing XDC File [c:/385_Vivado_Projects/Final_Project/ECE-385-Final-Project/goose_hunt/goose_hunt.gen/sources_1/bd/mb_block/ip/mb_block_axi_gpio_0_1/mb_block_axi_gpio_0_1/mb_block_axi_gpio_0_1_in_context.xdc] for cell 'mb_block_i/gpio_usb_int'
Finished Parsing XDC File [c:/385_Vivado_Projects/Final_Project/ECE-385-Final-Project/goose_hunt/goose_hunt.gen/sources_1/bd/mb_block/ip/mb_block_axi_gpio_0_1/mb_block_axi_gpio_0_1/mb_block_axi_gpio_0_1_in_context.xdc] for cell 'mb_block_i/gpio_usb_int'
Parsing XDC File [c:/385_Vivado_Projects/Final_Project/ECE-385-Final-Project/goose_hunt/goose_hunt.gen/sources_1/bd/mb_block/ip/mb_block_axi_timer_0_0/mb_block_axi_timer_0_0/mb_block_axi_timer_0_0_in_context.xdc] for cell 'mb_block_i/timer_usb_axi'
Finished Parsing XDC File [c:/385_Vivado_Projects/Final_Project/ECE-385-Final-Project/goose_hunt/goose_hunt.gen/sources_1/bd/mb_block/ip/mb_block_axi_timer_0_0/mb_block_axi_timer_0_0/mb_block_axi_timer_0_0_in_context.xdc] for cell 'mb_block_i/timer_usb_axi'
Parsing XDC File [c:/385_Vivado_Projects/Final_Project/ECE-385-Final-Project/goose_hunt/goose_hunt.gen/sources_1/bd/mb_block/ip/mb_block_axi_quad_spi_0_0/mb_block_axi_quad_spi_0_0/mb_block_axi_quad_spi_0_0_in_context.xdc] for cell 'mb_block_i/spi_usb'
Finished Parsing XDC File [c:/385_Vivado_Projects/Final_Project/ECE-385-Final-Project/goose_hunt/goose_hunt.gen/sources_1/bd/mb_block/ip/mb_block_axi_quad_spi_0_0/mb_block_axi_quad_spi_0_0/mb_block_axi_quad_spi_0_0_in_context.xdc] for cell 'mb_block_i/spi_usb'
Parsing XDC File [c:/385_Vivado_Projects/Final_Project/ECE-385-Final-Project/goose_hunt/goose_hunt.gen/sources_1/bd/mb_block/ip/mb_block_axi_gpio_0_2/mb_block_axi_gpio_0_2/mb_block_axi_gpio_0_2_in_context.xdc] for cell 'mb_block_i/gpio_usb_keycode'
Finished Parsing XDC File [c:/385_Vivado_Projects/Final_Project/ECE-385-Final-Project/goose_hunt/goose_hunt.gen/sources_1/bd/mb_block/ip/mb_block_axi_gpio_0_2/mb_block_axi_gpio_0_2/mb_block_axi_gpio_0_2_in_context.xdc] for cell 'mb_block_i/gpio_usb_keycode'
Parsing XDC File [c:/385_Vivado_Projects/Final_Project/ECE-385-Final-Project/goose_hunt/goose_hunt.gen/sources_1/ip/hdmi_tx_0/hdmi_tx_0/hdmi_tx_0_in_context.xdc] for cell 'vga_to_hdmi'
Finished Parsing XDC File [c:/385_Vivado_Projects/Final_Project/ECE-385-Final-Project/goose_hunt/goose_hunt.gen/sources_1/ip/hdmi_tx_0/hdmi_tx_0/hdmi_tx_0_in_context.xdc] for cell 'vga_to_hdmi'
Parsing XDC File [c:/385_Vivado_Projects/Final_Project/ECE-385-Final-Project/goose_hunt/goose_hunt.gen/sources_1/ip/clk_wiz_0/clk_wiz_0/clk_wiz_0_in_context.xdc] for cell 'clk_wiz'
WARNING: [Constraints 18-619] A clock with name 'Clk' already exists, overwriting the previous clock with the same name. [c:/385_Vivado_Projects/Final_Project/ECE-385-Final-Project/goose_hunt/goose_hunt.gen/sources_1/ip/clk_wiz_0/clk_wiz_0/clk_wiz_0_in_context.xdc:1]
Finished Parsing XDC File [c:/385_Vivado_Projects/Final_Project/ECE-385-Final-Project/goose_hunt/goose_hunt.gen/sources_1/ip/clk_wiz_0/clk_wiz_0/clk_wiz_0_in_context.xdc] for cell 'clk_wiz'
Parsing XDC File [c:/385_Vivado_Projects/Final_Project/ECE-385-Final-Project/goose_hunt/goose_hunt.gen/sources_1/ip/duck_hunt_v2_rom/duck_hunt_v2_rom/duck_hunt_v2_rom_in_context.xdc] for cell 'color_instance/duck_hunt_v2_rom'
Finished Parsing XDC File [c:/385_Vivado_Projects/Final_Project/ECE-385-Final-Project/goose_hunt/goose_hunt.gen/sources_1/ip/duck_hunt_v2_rom/duck_hunt_v2_rom/duck_hunt_v2_rom_in_context.xdc] for cell 'color_instance/duck_hunt_v2_rom'
Parsing XDC File [c:/385_Vivado_Projects/Final_Project/ECE-385-Final-Project/goose_hunt/goose_hunt.gen/sources_1/ip/Goose_wing_up_rom/Goose_wing_up_rom/Goose_wing_up_rom_in_context.xdc] for cell 'color_instance/wing_up_rom'
Finished Parsing XDC File [c:/385_Vivado_Projects/Final_Project/ECE-385-Final-Project/goose_hunt/goose_hunt.gen/sources_1/ip/Goose_wing_up_rom/Goose_wing_up_rom/Goose_wing_up_rom_in_context.xdc] for cell 'color_instance/wing_up_rom'
Parsing XDC File [c:/385_Vivado_Projects/Final_Project/ECE-385-Final-Project/goose_hunt/goose_hunt.gen/sources_1/ip/Goose_wing_mid_rom/Goose_wing_mid_rom/Goose_wing_mid_rom_in_context.xdc] for cell 'color_instance/wing_mid_rom'
Finished Parsing XDC File [c:/385_Vivado_Projects/Final_Project/ECE-385-Final-Project/goose_hunt/goose_hunt.gen/sources_1/ip/Goose_wing_mid_rom/Goose_wing_mid_rom/Goose_wing_mid_rom_in_context.xdc] for cell 'color_instance/wing_mid_rom'
Parsing XDC File [c:/385_Vivado_Projects/Final_Project/ECE-385-Final-Project/goose_hunt/goose_hunt.gen/sources_1/ip/Goose_wing_down_rom/Goose_wing_down_rom/Goose_wing_down_rom_in_context.xdc] for cell 'color_instance/wing_down_rom'
Finished Parsing XDC File [c:/385_Vivado_Projects/Final_Project/ECE-385-Final-Project/goose_hunt/goose_hunt.gen/sources_1/ip/Goose_wing_down_rom/Goose_wing_down_rom/Goose_wing_down_rom_in_context.xdc] for cell 'color_instance/wing_down_rom'
Parsing XDC File [c:/385_Vivado_Projects/Final_Project/ECE-385-Final-Project/goose_hunt/goose_hunt.gen/sources_1/ip/Goose_fall_rom/Goose_fall_rom/Goose_fall_rom_in_context.xdc] for cell 'color_instance/fall_rom'
Finished Parsing XDC File [c:/385_Vivado_Projects/Final_Project/ECE-385-Final-Project/goose_hunt/goose_hunt.gen/sources_1/ip/Goose_fall_rom/Goose_fall_rom/Goose_fall_rom_in_context.xdc] for cell 'color_instance/fall_rom'
Parsing XDC File [c:/385_Vivado_Projects/Final_Project/ECE-385-Final-Project/goose_hunt/goose_hunt.gen/sources_1/ip/dog_excited_rom/dog_excited_rom/dog_excited_rom_in_context.xdc] for cell 'dog0/dog_excited_rom'
Finished Parsing XDC File [c:/385_Vivado_Projects/Final_Project/ECE-385-Final-Project/goose_hunt/goose_hunt.gen/sources_1/ip/dog_excited_rom/dog_excited_rom/dog_excited_rom_in_context.xdc] for cell 'dog0/dog_excited_rom'
Parsing XDC File [c:/385_Vivado_Projects/Final_Project/ECE-385-Final-Project/goose_hunt/goose_hunt.gen/sources_1/ip/dog_sniff_rom/dog_sniff_rom/dog_sniff_rom_in_context.xdc] for cell 'dog0/dog_sniff_rom'
Finished Parsing XDC File [c:/385_Vivado_Projects/Final_Project/ECE-385-Final-Project/goose_hunt/goose_hunt.gen/sources_1/ip/dog_sniff_rom/dog_sniff_rom/dog_sniff_rom_in_context.xdc] for cell 'dog0/dog_sniff_rom'
Parsing XDC File [c:/385_Vivado_Projects/Final_Project/ECE-385-Final-Project/goose_hunt/goose_hunt.gen/sources_1/ip/dog_walk_first_rom/dog_walk_first_rom/dog_walk_first_rom_in_context.xdc] for cell 'dog0/dog_walk_first_rom'
Finished Parsing XDC File [c:/385_Vivado_Projects/Final_Project/ECE-385-Final-Project/goose_hunt/goose_hunt.gen/sources_1/ip/dog_walk_first_rom/dog_walk_first_rom/dog_walk_first_rom_in_context.xdc] for cell 'dog0/dog_walk_first_rom'
Parsing XDC File [c:/385_Vivado_Projects/Final_Project/ECE-385-Final-Project/goose_hunt/goose_hunt.gen/sources_1/ip/dog_walk_second_rom/dog_walk_second_rom/dog_walk_second_rom_in_context.xdc] for cell 'dog0/dog_walk_second_rom'
Finished Parsing XDC File [c:/385_Vivado_Projects/Final_Project/ECE-385-Final-Project/goose_hunt/goose_hunt.gen/sources_1/ip/dog_walk_second_rom/dog_walk_second_rom/dog_walk_second_rom_in_context.xdc] for cell 'dog0/dog_walk_second_rom'
Parsing XDC File [c:/385_Vivado_Projects/Final_Project/ECE-385-Final-Project/goose_hunt/goose_hunt.gen/sources_1/ip/dog_walk_third_rom/dog_walk_third_rom/dog_walk_third_rom_in_context.xdc] for cell 'dog0/dog_walk_third_rom'
Finished Parsing XDC File [c:/385_Vivado_Projects/Final_Project/ECE-385-Final-Project/goose_hunt/goose_hunt.gen/sources_1/ip/dog_walk_third_rom/dog_walk_third_rom/dog_walk_third_rom_in_context.xdc] for cell 'dog0/dog_walk_third_rom'
Parsing XDC File [c:/385_Vivado_Projects/Final_Project/ECE-385-Final-Project/goose_hunt/goose_hunt.gen/sources_1/ip/duck_walk_fourth_rom/duck_walk_fourth_rom/duck_walk_fourth_rom_in_context.xdc] for cell 'dog0/dog_walk_fourth_rom'
Finished Parsing XDC File [c:/385_Vivado_Projects/Final_Project/ECE-385-Final-Project/goose_hunt/goose_hunt.gen/sources_1/ip/duck_walk_fourth_rom/duck_walk_fourth_rom/duck_walk_fourth_rom_in_context.xdc] for cell 'dog0/dog_walk_fourth_rom'
Parsing XDC File [c:/385_Vivado_Projects/Final_Project/ECE-385-Final-Project/goose_hunt/goose_hunt.gen/sources_1/ip/dog_jump1_rom/dog_jump1_rom/dog_jump1_rom_in_context.xdc] for cell 'dog0/dog_jump1_rom'
Finished Parsing XDC File [c:/385_Vivado_Projects/Final_Project/ECE-385-Final-Project/goose_hunt/goose_hunt.gen/sources_1/ip/dog_jump1_rom/dog_jump1_rom/dog_jump1_rom_in_context.xdc] for cell 'dog0/dog_jump1_rom'
Parsing XDC File [c:/385_Vivado_Projects/Final_Project/ECE-385-Final-Project/goose_hunt/goose_hunt.gen/sources_1/ip/dog_jump2_rom/dog_jump2_rom/dog_jump2_rom_in_context.xdc] for cell 'dog0/dog_jump2_rom'
Finished Parsing XDC File [c:/385_Vivado_Projects/Final_Project/ECE-385-Final-Project/goose_hunt/goose_hunt.gen/sources_1/ip/dog_jump2_rom/dog_jump2_rom/dog_jump2_rom_in_context.xdc] for cell 'dog0/dog_jump2_rom'
Parsing XDC File [c:/385_Vivado_Projects/Final_Project/ECE-385-Final-Project/goose_hunt/goose_hunt.gen/sources_1/ip/dog_standing_rom/dog_standing_rom/dog_standing_rom_in_context.xdc] for cell 'dog0/dog_standing_rom'
Finished Parsing XDC File [c:/385_Vivado_Projects/Final_Project/ECE-385-Final-Project/goose_hunt/goose_hunt.gen/sources_1/ip/dog_standing_rom/dog_standing_rom/dog_standing_rom_in_context.xdc] for cell 'dog0/dog_standing_rom'
Parsing XDC File [c:/385_Vivado_Projects/Final_Project/ECE-385-Final-Project/goose_hunt/goose_hunt.gen/sources_1/ip/dog_laugh1_rom/dog_laugh1_rom/dog_laugh1_rom_in_context.xdc] for cell 'dog0/dog_laugh1_rom'
Finished Parsing XDC File [c:/385_Vivado_Projects/Final_Project/ECE-385-Final-Project/goose_hunt/goose_hunt.gen/sources_1/ip/dog_laugh1_rom/dog_laugh1_rom/dog_laugh1_rom_in_context.xdc] for cell 'dog0/dog_laugh1_rom'
Parsing XDC File [c:/385_Vivado_Projects/Final_Project/ECE-385-Final-Project/goose_hunt/goose_hunt.gen/sources_1/ip/Goose_fly_away2_rom/Goose_fly_away2_rom/Goose_fly_away2_rom_in_context.xdc] for cell 'color_instance/Goose_fly_away2_rom'
Finished Parsing XDC File [c:/385_Vivado_Projects/Final_Project/ECE-385-Final-Project/goose_hunt/goose_hunt.gen/sources_1/ip/Goose_fly_away2_rom/Goose_fly_away2_rom/Goose_fly_away2_rom_in_context.xdc] for cell 'color_instance/Goose_fly_away2_rom'
Parsing XDC File [c:/385_Vivado_Projects/Final_Project/ECE-385-Final-Project/goose_hunt/goose_hunt.gen/sources_1/ip/Goose_fly_away3/Goose_fly_away3/Goose_fly_away3_in_context.xdc] for cell 'color_instance/Goose_fly_away3_rom'
Finished Parsing XDC File [c:/385_Vivado_Projects/Final_Project/ECE-385-Final-Project/goose_hunt/goose_hunt.gen/sources_1/ip/Goose_fly_away3/Goose_fly_away3/Goose_fly_away3_in_context.xdc] for cell 'color_instance/Goose_fly_away3_rom'
Parsing XDC File [c:/385_Vivado_Projects/Final_Project/ECE-385-Final-Project/goose_hunt/goose_hunt.gen/sources_1/ip/num_0_rom/num_0_rom/num_0_rom_in_context.xdc] for cell 'color_instance/rom0'
Finished Parsing XDC File [c:/385_Vivado_Projects/Final_Project/ECE-385-Final-Project/goose_hunt/goose_hunt.gen/sources_1/ip/num_0_rom/num_0_rom/num_0_rom_in_context.xdc] for cell 'color_instance/rom0'
Parsing XDC File [c:/385_Vivado_Projects/Final_Project/ECE-385-Final-Project/goose_hunt/goose_hunt.gen/sources_1/ip/num_1_rom/num_1_rom/num_1_rom_in_context.xdc] for cell 'color_instance/rom1'
Finished Parsing XDC File [c:/385_Vivado_Projects/Final_Project/ECE-385-Final-Project/goose_hunt/goose_hunt.gen/sources_1/ip/num_1_rom/num_1_rom/num_1_rom_in_context.xdc] for cell 'color_instance/rom1'
Parsing XDC File [c:/385_Vivado_Projects/Final_Project/ECE-385-Final-Project/goose_hunt/goose_hunt.gen/sources_1/ip/num_2_rom/num_2_rom/num_2_rom_in_context.xdc] for cell 'color_instance/rom2'
Finished Parsing XDC File [c:/385_Vivado_Projects/Final_Project/ECE-385-Final-Project/goose_hunt/goose_hunt.gen/sources_1/ip/num_2_rom/num_2_rom/num_2_rom_in_context.xdc] for cell 'color_instance/rom2'
Parsing XDC File [c:/385_Vivado_Projects/Final_Project/ECE-385-Final-Project/goose_hunt/goose_hunt.gen/sources_1/ip/num_3_rom/num_3_rom/num_3_rom_in_context.xdc] for cell 'color_instance/rom3'
Finished Parsing XDC File [c:/385_Vivado_Projects/Final_Project/ECE-385-Final-Project/goose_hunt/goose_hunt.gen/sources_1/ip/num_3_rom/num_3_rom/num_3_rom_in_context.xdc] for cell 'color_instance/rom3'
Parsing XDC File [c:/385_Vivado_Projects/Final_Project/ECE-385-Final-Project/goose_hunt/goose_hunt.gen/sources_1/ip/num_4_rom/num_4_rom/num_4_rom_in_context.xdc] for cell 'color_instance/rom4'
Finished Parsing XDC File [c:/385_Vivado_Projects/Final_Project/ECE-385-Final-Project/goose_hunt/goose_hunt.gen/sources_1/ip/num_4_rom/num_4_rom/num_4_rom_in_context.xdc] for cell 'color_instance/rom4'
Parsing XDC File [c:/385_Vivado_Projects/Final_Project/ECE-385-Final-Project/goose_hunt/goose_hunt.gen/sources_1/ip/num_5_rom/num_5_rom/num_5_rom_in_context.xdc] for cell 'color_instance/rom5'
Finished Parsing XDC File [c:/385_Vivado_Projects/Final_Project/ECE-385-Final-Project/goose_hunt/goose_hunt.gen/sources_1/ip/num_5_rom/num_5_rom/num_5_rom_in_context.xdc] for cell 'color_instance/rom5'
Parsing XDC File [c:/385_Vivado_Projects/Final_Project/ECE-385-Final-Project/goose_hunt/goose_hunt.gen/sources_1/ip/num_6_rom/num_6_rom/num_6_rom_in_context.xdc] for cell 'color_instance/rom6'
Finished Parsing XDC File [c:/385_Vivado_Projects/Final_Project/ECE-385-Final-Project/goose_hunt/goose_hunt.gen/sources_1/ip/num_6_rom/num_6_rom/num_6_rom_in_context.xdc] for cell 'color_instance/rom6'
Parsing XDC File [c:/385_Vivado_Projects/Final_Project/ECE-385-Final-Project/goose_hunt/goose_hunt.gen/sources_1/ip/num_7_rom/num_7_rom/num_7_rom_in_context.xdc] for cell 'color_instance/rom7'
Finished Parsing XDC File [c:/385_Vivado_Projects/Final_Project/ECE-385-Final-Project/goose_hunt/goose_hunt.gen/sources_1/ip/num_7_rom/num_7_rom/num_7_rom_in_context.xdc] for cell 'color_instance/rom7'
Parsing XDC File [c:/385_Vivado_Projects/Final_Project/ECE-385-Final-Project/goose_hunt/goose_hunt.gen/sources_1/ip/num_8_rom/num_8_rom/num_8_rom_in_context.xdc] for cell 'color_instance/rom8'
Finished Parsing XDC File [c:/385_Vivado_Projects/Final_Project/ECE-385-Final-Project/goose_hunt/goose_hunt.gen/sources_1/ip/num_8_rom/num_8_rom/num_8_rom_in_context.xdc] for cell 'color_instance/rom8'
Parsing XDC File [c:/385_Vivado_Projects/Final_Project/ECE-385-Final-Project/goose_hunt/goose_hunt.gen/sources_1/ip/num_9_rom/num_9_rom/num_9_rom_in_context.xdc] for cell 'color_instance/rom9'
Finished Parsing XDC File [c:/385_Vivado_Projects/Final_Project/ECE-385-Final-Project/goose_hunt/goose_hunt.gen/sources_1/ip/num_9_rom/num_9_rom/num_9_rom_in_context.xdc] for cell 'color_instance/rom9'
Parsing XDC File [c:/385_Vivado_Projects/Final_Project/ECE-385-Final-Project/goose_hunt/goose_hunt.gen/sources_1/ip/num_10_rom/num_10_rom/num_10_rom_in_context.xdc] for cell 'color_instance/rom10'
Finished Parsing XDC File [c:/385_Vivado_Projects/Final_Project/ECE-385-Final-Project/goose_hunt/goose_hunt.gen/sources_1/ip/num_10_rom/num_10_rom/num_10_rom_in_context.xdc] for cell 'color_instance/rom10'
Parsing XDC File [c:/385_Vivado_Projects/Final_Project/ECE-385-Final-Project/goose_hunt/goose_hunt.gen/sources_1/ip/duck_hunt_end_rom/duck_hunt_end_rom/duck_hunt_end_rom_in_context.xdc] for cell 'color_instance/game_over_rom'
Finished Parsing XDC File [c:/385_Vivado_Projects/Final_Project/ECE-385-Final-Project/goose_hunt/goose_hunt.gen/sources_1/ip/duck_hunt_end_rom/duck_hunt_end_rom/duck_hunt_end_rom_in_context.xdc] for cell 'color_instance/game_over_rom'
Parsing XDC File [C:/385_Vivado_Projects/Final_Project/ECE-385-Final-Project/goose_hunt/goose_hunt.srcs/constrs_1/imports/pin_assignment/mb_usb_hdmi_top.xdc]
CRITICAL WARNING: [Constraints 18-1056] Clock 'clk_100' completely overrides clock 'Clk'.
New: create_clock -period 10.000 -name clk_100 -waveform {0.000 5.000} [get_ports Clk], [C:/385_Vivado_Projects/Final_Project/ECE-385-Final-Project/goose_hunt/goose_hunt.srcs/constrs_1/imports/pin_assignment/mb_usb_hdmi_top.xdc:1]
Previous: create_clock -period 10.000 [get_ports Clk], [c:/385_Vivado_Projects/Final_Project/ECE-385-Final-Project/goose_hunt/goose_hunt.gen/sources_1/ip/clk_wiz_0/clk_wiz_0/clk_wiz_0_in_context.xdc:1]
Resolution: Review the constraint files and remove the redundant clock definition(s). If the clock constraints are not saved in a file, you can first save the constraints to an XDC file and reload the design once the constraints have been corrected.
Finished Parsing XDC File [C:/385_Vivado_Projects/Final_Project/ECE-385-Final-Project/goose_hunt/goose_hunt.srcs/constrs_1/imports/pin_assignment/mb_usb_hdmi_top.xdc]
INFO: [Project 1-236] Implementation specific constraints were found while reading constraint file [C:/385_Vivado_Projects/Final_Project/ECE-385-Final-Project/goose_hunt/goose_hunt.srcs/constrs_1/imports/pin_assignment/mb_usb_hdmi_top.xdc]. These constraints will be ignored for synthesis but will be used in implementation. Impacted constraints are listed in the file [.Xil/mb_usb_hdmi_top_propImpl.xdc].
Resolution: To avoid this warning, move constraints listed in [.Xil/mb_usb_hdmi_top_propImpl.xdc] to another XDC file and exclude this new file from synthesis with the used_in_synthesis property (File Properties dialog in GUI) and re-run elaboration/synthesis.
Parsing XDC File [C:/385_Vivado_Projects/Final_Project/ECE-385-Final-Project/goose_hunt/goose_hunt.runs/synth_1/dont_touch.xdc]
Finished Parsing XDC File [C:/385_Vivado_Projects/Final_Project/ECE-385-Final-Project/goose_hunt/goose_hunt.runs/synth_1/dont_touch.xdc]
Completed Processing XDC Constraints

Netlist sorting complete. Time (s): cpu = 00:00:00 ; elapsed = 00:00:00.001 . Memory (MB): peak = 1565.996 ; gain = 0.000
INFO: [Project 1-111] Unisim Transformation Summary:
No Unisim elements were transformed.

Constraint Validation Runtime : Time (s): cpu = 00:00:00 ; elapsed = 00:00:00.041 . Memory (MB): peak = 1565.996 ; gain = 0.000
WARNING: [Timing 38-316] Clock period '20.000' specified during out-of-context synthesis of instance 'mb_block_i/spi_usb' at clock pin 'ext_spi_clk' is different from the actual clock period '10.000', this can lead to different synthesis results.
WARNING: [Timing 38-316] Clock period '20.000' specified during out-of-context synthesis of instance 'mb_block_i/microblaze_0_local_memory/lmb_bram' at clock pin 'clka' is different from the actual clock period '10.000', this can lead to different synthesis results.
INFO: [Designutils 20-5440] No compile time benefit to using incremental synthesis; A full resynthesis will be run
INFO: [Designutils 20-4379] Flow is switching to default flow due to incremental criteria not met. If you would like to alter this behaviour and have the flow terminate instead, please set the following parameter config_implementation {autoIncr.Synth.RejectBehavior Terminate}
INFO: [Synth 8-11241] undeclared symbol 'REGCCE', assumed default net type 'wire' [C:/Vivado/2022.2/data/verilog/src/unimacro/BRAM_SINGLE_MACRO.v:2170]
---------------------------------------------------------------------------------
Finished Constraint Validation : Time (s): cpu = 00:00:33 ; elapsed = 00:00:35 . Memory (MB): peak = 1565.996 ; gain = 746.746
---------------------------------------------------------------------------------
---------------------------------------------------------------------------------
Start Loading Part and Timing Information
---------------------------------------------------------------------------------
Loading part: xc7s50csga324-1
---------------------------------------------------------------------------------
Finished Loading Part and Timing Information : Time (s): cpu = 00:00:33 ; elapsed = 00:00:35 . Memory (MB): peak = 1565.996 ; gain = 746.746
---------------------------------------------------------------------------------
---------------------------------------------------------------------------------
Start Applying 'set_property' XDC Constraints
---------------------------------------------------------------------------------
Applied set_property IO_BUFFER_TYPE = NONE for hdmi_tmds_clk_n. (constraint file  c:/385_Vivado_Projects/Final_Project/ECE-385-Final-Project/goose_hunt/goose_hunt.gen/sources_1/ip/hdmi_tx_0/hdmi_tx_0/hdmi_tx_0_in_context.xdc, line 1).
Applied set_property CLOCK_BUFFER_TYPE = NONE for hdmi_tmds_clk_n. (constraint file  c:/385_Vivado_Projects/Final_Project/ECE-385-Final-Project/goose_hunt/goose_hunt.gen/sources_1/ip/hdmi_tx_0/hdmi_tx_0/hdmi_tx_0_in_context.xdc, line 2).
Applied set_property IO_BUFFER_TYPE = NONE for hdmi_tmds_clk_p. (constraint file  c:/385_Vivado_Projects/Final_Project/ECE-385-Final-Project/goose_hunt/goose_hunt.gen/sources_1/ip/hdmi_tx_0/hdmi_tx_0/hdmi_tx_0_in_context.xdc, line 3).
Applied set_property CLOCK_BUFFER_TYPE = NONE for hdmi_tmds_clk_p. (constraint file  c:/385_Vivado_Projects/Final_Project/ECE-385-Final-Project/goose_hunt/goose_hunt.gen/sources_1/ip/hdmi_tx_0/hdmi_tx_0/hdmi_tx_0_in_context.xdc, line 4).
Applied set_property IO_BUFFER_TYPE = NONE for hdmi_tmds_data_n[0]. (constraint file  c:/385_Vivado_Projects/Final_Project/ECE-385-Final-Project/goose_hunt/goose_hunt.gen/sources_1/ip/hdmi_tx_0/hdmi_tx_0/hdmi_tx_0_in_context.xdc, line 5).
Applied set_property CLOCK_BUFFER_TYPE = NONE for hdmi_tmds_data_n[0]. (constraint file  c:/385_Vivado_Projects/Final_Project/ECE-385-Final-Project/goose_hunt/goose_hunt.gen/sources_1/ip/hdmi_tx_0/hdmi_tx_0/hdmi_tx_0_in_context.xdc, line 6).
Applied set_property IO_BUFFER_TYPE = NONE for hdmi_tmds_data_n[1]. (constraint file  c:/385_Vivado_Projects/Final_Project/ECE-385-Final-Project/goose_hunt/goose_hunt.gen/sources_1/ip/hdmi_tx_0/hdmi_tx_0/hdmi_tx_0_in_context.xdc, line 7).
Applied set_property CLOCK_BUFFER_TYPE = NONE for hdmi_tmds_data_n[1]. (constraint file  c:/385_Vivado_Projects/Final_Project/ECE-385-Final-Project/goose_hunt/goose_hunt.gen/sources_1/ip/hdmi_tx_0/hdmi_tx_0/hdmi_tx_0_in_context.xdc, line 8).
Applied set_property IO_BUFFER_TYPE = NONE for hdmi_tmds_data_n[2]. (constraint file  c:/385_Vivado_Projects/Final_Project/ECE-385-Final-Project/goose_hunt/goose_hunt.gen/sources_1/ip/hdmi_tx_0/hdmi_tx_0/hdmi_tx_0_in_context.xdc, line 9).
Applied set_property CLOCK_BUFFER_TYPE = NONE for hdmi_tmds_data_n[2]. (constraint file  c:/385_Vivado_Projects/Final_Project/ECE-385-Final-Project/goose_hunt/goose_hunt.gen/sources_1/ip/hdmi_tx_0/hdmi_tx_0/hdmi_tx_0_in_context.xdc, line 10).
Applied set_property IO_BUFFER_TYPE = NONE for hdmi_tmds_data_p[0]. (constraint file  c:/385_Vivado_Projects/Final_Project/ECE-385-Final-Project/goose_hunt/goose_hunt.gen/sources_1/ip/hdmi_tx_0/hdmi_tx_0/hdmi_tx_0_in_context.xdc, line 11).
Applied set_property CLOCK_BUFFER_TYPE = NONE for hdmi_tmds_data_p[0]. (constraint file  c:/385_Vivado_Projects/Final_Project/ECE-385-Final-Project/goose_hunt/goose_hunt.gen/sources_1/ip/hdmi_tx_0/hdmi_tx_0/hdmi_tx_0_in_context.xdc, line 12).
Applied set_property IO_BUFFER_TYPE = NONE for hdmi_tmds_data_p[1]. (constraint file  c:/385_Vivado_Projects/Final_Project/ECE-385-Final-Project/goose_hunt/goose_hunt.gen/sources_1/ip/hdmi_tx_0/hdmi_tx_0/hdmi_tx_0_in_context.xdc, line 13).
Applied set_property CLOCK_BUFFER_TYPE = NONE for hdmi_tmds_data_p[1]. (constraint file  c:/385_Vivado_Projects/Final_Project/ECE-385-Final-Project/goose_hunt/goose_hunt.gen/sources_1/ip/hdmi_tx_0/hdmi_tx_0/hdmi_tx_0_in_context.xdc, line 14).
Applied set_property IO_BUFFER_TYPE = NONE for hdmi_tmds_data_p[2]. (constraint file  c:/385_Vivado_Projects/Final_Project/ECE-385-Final-Project/goose_hunt/goose_hunt.gen/sources_1/ip/hdmi_tx_0/hdmi_tx_0/hdmi_tx_0_in_context.xdc, line 15).
Applied set_property CLOCK_BUFFER_TYPE = NONE for hdmi_tmds_data_p[2]. (constraint file  c:/385_Vivado_Projects/Final_Project/ECE-385-Final-Project/goose_hunt/goose_hunt.gen/sources_1/ip/hdmi_tx_0/hdmi_tx_0/hdmi_tx_0_in_context.xdc, line 16).
Applied set_property IO_BUFFER_TYPE = NONE for Clk. (constraint file  c:/385_Vivado_Projects/Final_Project/ECE-385-Final-Project/goose_hunt/goose_hunt.gen/sources_1/ip/clk_wiz_0/clk_wiz_0/clk_wiz_0_in_context.xdc, line 4).
Applied set_property CLOCK_BUFFER_TYPE = NONE for Clk. (constraint file  c:/385_Vivado_Projects/Final_Project/ECE-385-Final-Project/goose_hunt/goose_hunt.gen/sources_1/ip/clk_wiz_0/clk_wiz_0/clk_wiz_0_in_context.xdc, line 5).
Applied set_property KEEP_HIERARCHY = SOFT for color_instance/Goose_fly_away1_rom. (constraint file  auto generated constraint).
Applied set_property KEEP_HIERARCHY = SOFT for mb_block_i. (constraint file  auto generated constraint).
Applied set_property KEEP_HIERARCHY = SOFT for mb_block_i/microblaze_0. (constraint file  auto generated constraint).
Applied set_property KEEP_HIERARCHY = SOFT for mb_block_i/microblaze_0_local_memory/dlmb_v10. (constraint file  auto generated constraint).
Applied set_property KEEP_HIERARCHY = SOFT for mb_block_i/microblaze_0_local_memory/ilmb_v10. (constraint file  auto generated constraint).
Applied set_property KEEP_HIERARCHY = SOFT for mb_block_i/microblaze_0_local_memory/dlmb_bram_if_cntlr. (constraint file  auto generated constraint).
Applied set_property KEEP_HIERARCHY = SOFT for mb_block_i/microblaze_0_local_memory/ilmb_bram_if_cntlr. (constraint file  auto generated constraint).
Applied set_property KEEP_HIERARCHY = SOFT for mb_block_i/microblaze_0_local_memory/lmb_bram. (constraint file  auto generated constraint).
Applied set_property KEEP_HIERARCHY = SOFT for mb_block_i/microblaze_0_axi_periph/xbar. (constraint file  auto generated constraint).
Applied set_property KEEP_HIERARCHY = SOFT for mb_block_i/microblaze_0_axi_periph. (constraint file  auto generated constraint).
Applied set_property KEEP_HIERARCHY = SOFT for mb_block_i/microblaze_0_axi_intc. (constraint file  auto generated constraint).
Applied set_property KEEP_HIERARCHY = SOFT for mb_block_i/mdm_1. (constraint file  auto generated constraint).
Applied set_property KEEP_HIERARCHY = SOFT for mb_block_i/clk_wiz_1. (constraint file  auto generated constraint).
Applied set_property KEEP_HIERARCHY = SOFT for mb_block_i/rst_clk_wiz_1_100M. (constraint file  auto generated constraint).
Applied set_property KEEP_HIERARCHY = SOFT for mb_block_i/axi_uartlite_0. (constraint file  auto generated constraint).
Applied set_property KEEP_HIERARCHY = SOFT for mb_block_i/gpio_usb_rst. (constraint file  auto generated constraint).
Applied set_property KEEP_HIERARCHY = SOFT for mb_block_i/gpio_usb_int. (constraint file  auto generated constraint).
Applied set_property KEEP_HIERARCHY = SOFT for mb_block_i/timer_usb_axi. (constraint file  auto generated constraint).
Applied set_property KEEP_HIERARCHY = SOFT for mb_block_i/xlconcat_0. (constraint file  auto generated constraint).
Applied set_property KEEP_HIERARCHY = SOFT for mb_block_i/spi_usb. (constraint file  auto generated constraint).
Applied set_property KEEP_HIERARCHY = SOFT for mb_block_i/gpio_usb_keycode. (constraint file  auto generated constraint).
Applied set_property KEEP_HIERARCHY = SOFT for vga_to_hdmi. (constraint file  auto generated constraint).
Applied set_property KEEP_HIERARCHY = SOFT for clk_wiz. (constraint file  auto generated constraint).
Applied set_property KEEP_HIERARCHY = SOFT for color_instance/duck_hunt_v2_rom. (constraint file  auto generated constraint).
Applied set_property KEEP_HIERARCHY = SOFT for color_instance/wing_up_rom. (constraint file  auto generated constraint).
Applied set_property KEEP_HIERARCHY = SOFT for color_instance/wing_mid_rom. (constraint file  auto generated constraint).
Applied set_property KEEP_HIERARCHY = SOFT for color_instance/wing_down_rom. (constraint file  auto generated constraint).
Applied set_property KEEP_HIERARCHY = SOFT for color_instance/fall_rom. (constraint file  auto generated constraint).
Applied set_property KEEP_HIERARCHY = SOFT for dog0/dog_excited_rom. (constraint file  auto generated constraint).
Applied set_property KEEP_HIERARCHY = SOFT for dog0/dog_sniff_rom. (constraint file  auto generated constraint).
Applied set_property KEEP_HIERARCHY = SOFT for dog0/dog_walk_first_rom. (constraint file  auto generated constraint).
Applied set_property KEEP_HIERARCHY = SOFT for dog0/dog_walk_second_rom. (constraint file  auto generated constraint).
Applied set_property KEEP_HIERARCHY = SOFT for dog0/dog_walk_third_rom. (constraint file  auto generated constraint).
Applied set_property KEEP_HIERARCHY = SOFT for dog0/dog_walk_fourth_rom. (constraint file  auto generated constraint).
Applied set_property KEEP_HIERARCHY = SOFT for dog0/dog_jump1_rom. (constraint file  auto generated constraint).
Applied set_property KEEP_HIERARCHY = SOFT for dog0/dog_jump2_rom. (constraint file  auto generated constraint).
Applied set_property KEEP_HIERARCHY = SOFT for dog0/dog_standing_rom. (constraint file  auto generated constraint).
Applied set_property KEEP_HIERARCHY = SOFT for dog0/dog_laugh1_rom. (constraint file  auto generated constraint).
Applied set_property KEEP_HIERARCHY = SOFT for color_instance/Goose_fly_away2_rom. (constraint file  auto generated constraint).
Applied set_property KEEP_HIERARCHY = SOFT for color_instance/Goose_fly_away3_rom. (constraint file  auto generated constraint).
Applied set_property KEEP_HIERARCHY = SOFT for color_instance/rom0. (constraint file  auto generated constraint).
Applied set_property KEEP_HIERARCHY = SOFT for color_instance/rom1. (constraint file  auto generated constraint).
Applied set_property KEEP_HIERARCHY = SOFT for color_instance/rom2. (constraint file  auto generated constraint).
Applied set_property KEEP_HIERARCHY = SOFT for color_instance/rom3. (constraint file  auto generated constraint).
Applied set_property KEEP_HIERARCHY = SOFT for color_instance/rom4. (constraint file  auto generated constraint).
Applied set_property KEEP_HIERARCHY = SOFT for color_instance/rom5. (constraint file  auto generated constraint).
Applied set_property KEEP_HIERARCHY = SOFT for color_instance/rom6. (constraint file  auto generated constraint).
Applied set_property KEEP_HIERARCHY = SOFT for color_instance/rom7. (constraint file  auto generated constraint).
Applied set_property KEEP_HIERARCHY = SOFT for color_instance/rom8. (constraint file  auto generated constraint).
Applied set_property KEEP_HIERARCHY = SOFT for color_instance/rom9. (constraint file  auto generated constraint).
Applied set_property KEEP_HIERARCHY = SOFT for color_instance/rom10. (constraint file  auto generated constraint).
Applied set_property KEEP_HIERARCHY = SOFT for color_instance/game_over_rom. (constraint file  auto generated constraint).
---------------------------------------------------------------------------------
Finished applying 'set_property' XDC Constraints : Time (s): cpu = 00:00:33 ; elapsed = 00:00:35 . Memory (MB): peak = 1565.996 ; gain = 746.746
---------------------------------------------------------------------------------
INFO: [Synth 8-802] inferred FSM for state register 'state_reg' in module 'control'
WARNING: [Synth 8-327] inferring latch for variable 'Red_reg' [C:/385_Vivado_Projects/Final_Project/ECE-385-Final-Project/goose_hunt/goose_hunt.srcs/sources_1/imports/design_source/Color_Mapper.sv:481]
WARNING: [Synth 8-327] inferring latch for variable 'Green_reg' [C:/385_Vivado_Projects/Final_Project/ECE-385-Final-Project/goose_hunt/goose_hunt.srcs/sources_1/imports/design_source/Color_Mapper.sv:482]
WARNING: [Synth 8-327] inferring latch for variable 'Blue_reg' [C:/385_Vivado_Projects/Final_Project/ECE-385-Final-Project/goose_hunt/goose_hunt.srcs/sources_1/imports/design_source/Color_Mapper.sv:483]
WARNING: [Synth 8-327] inferring latch for variable 'rom_address_duck_reg' [C:/385_Vivado_Projects/Final_Project/ECE-385-Final-Project/goose_hunt/goose_hunt.srcs/sources_1/imports/design_source/Color_Mapper.sv:323]
WARNING: [Synth 8-327] inferring latch for variable 'Dog_Red_reg' [C:/385_Vivado_Projects/Final_Project/ECE-385-Final-Project/goose_hunt/goose_hunt.srcs/sources_1/new/dog.sv:277]
WARNING: [Synth 8-327] inferring latch for variable 'Dog_Green_reg' [C:/385_Vivado_Projects/Final_Project/ECE-385-Final-Project/goose_hunt/goose_hunt.srcs/sources_1/new/dog.sv:278]
WARNING: [Synth 8-327] inferring latch for variable 'Dog_Blue_reg' [C:/385_Vivado_Projects/Final_Project/ECE-385-Final-Project/goose_hunt/goose_hunt.srcs/sources_1/new/dog.sv:279]
WARNING: [Synth 8-327] inferring latch for variable 'dog_on_reg' [C:/385_Vivado_Projects/Final_Project/ECE-385-Final-Project/goose_hunt/goose_hunt.srcs/sources_1/new/dog.sv:332]
WARNING: [Synth 8-327] inferring latch for variable 'rom_address_dog_reg' [C:/385_Vivado_Projects/Final_Project/ECE-385-Final-Project/goose_hunt/goose_hunt.srcs/sources_1/new/dog.sv:103]
---------------------------------------------------------------------------------------------------
                   State |                     New Encoding |                Previous Encoding 
---------------------------------------------------------------------------------------------------
                new_game |                  000000000000001 |                            00000
               new_round |                  000000000000010 |                            00001
         dog_emerge_walk |                  000000000000100 |                            00010
                dog_walk |                  000000000001000 |                            00101
                new_duck |                  000000000010000 |                            01110
                duck_fly |                  000000000100000 |                            01001
               duck_fall |                  000000001000000 |                            01101
         dog_emerge_hold |                  000000010000000 |                            00011
             dog_hold_up |                  000000100000000 |                            00110
           dog_hold_down |                  000001000000000 |                            00111
          fly_away_inter |                  000010000000000 |                            01111
                fly_away |                  000100000000000 |                            01010
         dog_emerge_mock |                  001000000000000 |                            00100
                dog_mock |                  010000000000000 |                            01000
               game_over |                  100000000000000 |                            01011
---------------------------------------------------------------------------------------------------
INFO: [Synth 8-3354] encoded FSM with state register 'state_reg' using encoding 'one-hot' in module 'control'
---------------------------------------------------------------------------------
Finished RTL Optimization Phase 2 : Time (s): cpu = 00:00:34 ; elapsed = 00:00:37 . Memory (MB): peak = 1565.996 ; gain = 746.746
---------------------------------------------------------------------------------
---------------------------------------------------------------------------------
Start RTL Component Statistics 
---------------------------------------------------------------------------------
Detailed RTL Component Info : 
+---Adders : 
	   2 Input   32 Bit       Adders := 2     
	   3 Input   32 Bit       Adders := 4     
	   3 Input   17 Bit       Adders := 5     
	   4 Input   17 Bit       Adders := 1     
	   2 Input   17 Bit       Adders := 1     
	   2 Input   11 Bit       Adders := 4     
	   3 Input   11 Bit       Adders := 6     
	   2 Input   10 Bit       Adders := 26    
	   3 Input   10 Bit       Adders := 8     
	   2 Input    8 Bit       Adders := 4     
	   3 Input    8 Bit       Adders := 1     
	   2 Input    4 Bit       Adders := 4     
	   2 Input    1 Bit       Adders := 1     
+---XORs : 
	   4 Input      1 Bit         XORs := 1     
+---Registers : 
	               32 Bit    Registers := 2     
	               10 Bit    Registers := 13    
	                9 Bit    Registers := 1     
	                8 Bit    Registers := 3     
	                4 Bit    Registers := 4     
	                2 Bit    Registers := 1     
	                1 Bit    Registers := 8     
+---Muxes : 
	   2 Input   32 Bit        Muxes := 4     
	   2 Input   17 Bit        Muxes := 3     
	  24 Input   17 Bit        Muxes := 1     
	  15 Input   15 Bit        Muxes := 1     
	   2 Input   15 Bit        Muxes := 7     
	  16 Input   12 Bit        Muxes := 11    
	   2 Input   10 Bit        Muxes := 23    
	   3 Input   10 Bit        Muxes := 1     
	   4 Input   10 Bit        Muxes := 1     
	   3 Input    9 Bit        Muxes := 1     
	   4 Input    8 Bit        Muxes := 2     
	   2 Input    8 Bit        Muxes := 8     
	   3 Input    5 Bit        Muxes := 2     
	  15 Input    5 Bit        Muxes := 1     
	   5 Input    4 Bit        Muxes := 2     
	   2 Input    4 Bit        Muxes := 46    
	   4 Input    4 Bit        Muxes := 6     
	  24 Input    4 Bit        Muxes := 1     
	   7 Input    3 Bit        Muxes := 1     
	   3 Input    2 Bit        Muxes := 1     
	   2 Input    1 Bit        Muxes := 43    
	   4 Input    1 Bit        Muxes := 1     
	   5 Input    1 Bit        Muxes := 1     
	  15 Input    1 Bit        Muxes := 6     
---------------------------------------------------------------------------------
Finished RTL Component Statistics 
---------------------------------------------------------------------------------
---------------------------------------------------------------------------------
Start Part Resource Summary
---------------------------------------------------------------------------------
Part Resources:
DSPs: 120 (col length:60)
BRAMs: 150 (col length: RAMB18 60 RAMB36 30)
---------------------------------------------------------------------------------
Finished Part Resource Summary
---------------------------------------------------------------------------------
---------------------------------------------------------------------------------
Start Cross Boundary and Area Optimization
---------------------------------------------------------------------------------
WARNING: [Synth 8-7080] Parallel synthesis criteria is not met
DSP Report: Generating DSP p_1_out, operation Mode is: C+A*B+1.
DSP Report: operator p_1_out is absorbed into DSP p_1_out.
DSP Report: operator rom_address_duck1 is absorbed into DSP p_1_out.
DSP Report: Generating DSP rom_address1, operation Mode is: A*(B:0x140).
DSP Report: operator rom_address1 is absorbed into DSP rom_address1.
DSP Report: Generating DSP rom_address2, operation Mode is: A*(B:0xf0).
DSP Report: operator rom_address2 is absorbed into DSP rom_address2.
DSP Report: Generating DSP rom_address, operation Mode is: C+A*(B:0x140).
DSP Report: operator rom_address is absorbed into DSP rom_address.
DSP Report: operator rom_address0 is absorbed into DSP rom_address.
DSP Report: Generating DSP rom_address_digit1, operation Mode is: (D+(A:0x3ffffe80))*(B:0x14).
DSP Report: operator rom_address_digit1 is absorbed into DSP rom_address_digit1.
DSP Report: operator rom_address_digit2 is absorbed into DSP rom_address_digit1.
DSP Report: Generating DSP rom_address_digit0, operation Mode is: PCIN+(A:0x0):B+(C:0xffffffffff9e).
DSP Report: operator rom_address_digit0 is absorbed into DSP rom_address_digit0.
DSP Report: Generating DSP rom_address_digit1, operation Mode is: (D+(A:0x3ffffe68))*(B:0x14).
DSP Report: operator rom_address_digit1 is absorbed into DSP rom_address_digit1.
DSP Report: operator rom_address_digit2 is absorbed into DSP rom_address_digit1.
DSP Report: Generating DSP rom_address_dog0, operation Mode is: C+A*(B:0x6e).
DSP Report: operator rom_address_dog0 is absorbed into DSP rom_address_dog0.
DSP Report: operator rom_address_dog1 is absorbed into DSP rom_address_dog0.
WARNING: [Synth 8-3332] Sequential element (rom_address_duck_reg[16]) is unused and will be removed from module color_mapper.
WARNING: [Synth 8-3332] Sequential element (rom_address_duck_reg[15]) is unused and will be removed from module color_mapper.
WARNING: [Synth 8-3332] Sequential element (rom_address_duck_reg[14]) is unused and will be removed from module color_mapper.
WARNING: [Synth 8-3332] Sequential element (rom_address_duck_reg[13]) is unused and will be removed from module color_mapper.
WARNING: [Synth 8-3332] Sequential element (rom_address_duck_reg[12]) is unused and will be removed from module color_mapper.
WARNING: [Synth 8-3332] Sequential element (dog0/rom_address_dog_reg[16]) is unused and will be removed from module mb_usb_hdmi_top.
WARNING: [Synth 8-3332] Sequential element (dog0/rom_address_dog_reg[15]) is unused and will be removed from module mb_usb_hdmi_top.
WARNING: [Synth 8-3332] Sequential element (dog0/rom_address_dog_reg[14]) is unused and will be removed from module mb_usb_hdmi_top.
---------------------------------------------------------------------------------
Finished Cross Boundary and Area Optimization : Time (s): cpu = 00:00:54 ; elapsed = 00:00:58 . Memory (MB): peak = 1565.996 ; gain = 746.746
---------------------------------------------------------------------------------
---------------------------------------------------------------------------------
Start ROM, RAM, DSP, Shift Register and Retiming Reporting
---------------------------------------------------------------------------------

DSP: Preliminary Mapping Report (see note below. The ' indicates corresponding REG is set)
+-------------+-----------------------------------+--------+--------+--------+--------+--------+------+------+------+------+-------+------+------+
|Module Name  | DSP Mapping                       | A Size | B Size | C Size | D Size | P Size | AREG | BREG | CREG | DREG | ADREG | MREG | PREG | 
+-------------+-----------------------------------+--------+--------+--------+--------+--------+------+------+------+------+-------+------+------+
|color_mapper | C+A*B+1                           | 17     | 12     | 17     | -      | 17     | 0    | 0    | 0    | -    | -     | 0    | 0    | 
|color_mapper | A*(B:0x140)                       | 10     | 9      | -      | -      | 19     | 0    | 0    | -    | -    | -     | 0    | 0    | 
|color_mapper | A*(B:0xf0)                        | 10     | 8      | -      | -      | 18     | 0    | 0    | -    | -    | -     | 0    | 0    | 
|color_mapper | C+A*(B:0x140)                     | 10     | 9      | 10     | -      | 17     | 0    | 0    | 0    | -    | -     | 0    | 0    | 
|color_mapper | (D+(A:0x3ffffe80))*(B:0x14)       | 17     | 5      | -      | 10     | 22     | 0    | 0    | -    | 0    | 0     | 0    | 0    | 
|color_mapper | PCIN+(A:0x0):B+(C:0xffffffffff9e) | 30     | 10     | 8      | -      | -1     | 0    | 0    | 0    | -    | -     | 0    | 0    | 
|color_mapper | (D+(A:0x3ffffe68))*(B:0x14)       | 17     | 5      | -      | 10     | 22     | 0    | 0    | -    | 0    | 0     | 0    | 0    | 
|dog          | C+A*(B:0x6e)                      | 17     | 7      | 10     | -      | 17     | 0    | 0    | 0    | -    | -     | 0    | 0    | 
+-------------+-----------------------------------+--------+--------+--------+--------+--------+------+------+------+------+-------+------+------+

Note: The table above is a preliminary report that shows the DSPs inferred at the current stage of the synthesis flow. Some DSP may be reimplemented as non DSP primitives later in the synthesis flow. Multiple instantiated DSPs are reported only once.
---------------------------------------------------------------------------------
Finished ROM, RAM, DSP, Shift Register and Retiming Reporting
---------------------------------------------------------------------------------
---------------------------------------------------------------------------------
Start Applying XDC Timing Constraints
---------------------------------------------------------------------------------
WARNING: [Synth 8-565] redefining clock 'Clk'
---------------------------------------------------------------------------------
Finished Applying XDC Timing Constraints : Time (s): cpu = 00:01:02 ; elapsed = 00:01:07 . Memory (MB): peak = 1565.996 ; gain = 746.746
---------------------------------------------------------------------------------
---------------------------------------------------------------------------------
Start Timing Optimization
---------------------------------------------------------------------------------
---------------------------------------------------------------------------------
Finished Timing Optimization : Time (s): cpu = 00:01:07 ; elapsed = 00:01:13 . Memory (MB): peak = 1565.996 ; gain = 746.746
---------------------------------------------------------------------------------
---------------------------------------------------------------------------------
Start Technology Mapping
---------------------------------------------------------------------------------
---------------------------------------------------------------------------------
Finished Technology Mapping : Time (s): cpu = 00:01:08 ; elapsed = 00:01:15 . Memory (MB): peak = 1565.996 ; gain = 746.746
---------------------------------------------------------------------------------
---------------------------------------------------------------------------------
Start IO Insertion
---------------------------------------------------------------------------------
---------------------------------------------------------------------------------
Start Flattening Before IO Insertion
---------------------------------------------------------------------------------
---------------------------------------------------------------------------------
Finished Flattening Before IO Insertion
---------------------------------------------------------------------------------
---------------------------------------------------------------------------------
Start Final Netlist Cleanup
---------------------------------------------------------------------------------
---------------------------------------------------------------------------------
Finished Final Netlist Cleanup
---------------------------------------------------------------------------------
---------------------------------------------------------------------------------
Finished IO Insertion : Time (s): cpu = 00:01:12 ; elapsed = 00:01:20 . Memory (MB): peak = 1565.996 ; gain = 746.746
---------------------------------------------------------------------------------
---------------------------------------------------------------------------------
Start Renaming Generated Instances
---------------------------------------------------------------------------------
---------------------------------------------------------------------------------
Finished Renaming Generated Instances : Time (s): cpu = 00:01:12 ; elapsed = 00:01:20 . Memory (MB): peak = 1565.996 ; gain = 746.746
---------------------------------------------------------------------------------
---------------------------------------------------------------------------------
Start Rebuilding User Hierarchy
---------------------------------------------------------------------------------
---------------------------------------------------------------------------------
Finished Rebuilding User Hierarchy : Time (s): cpu = 00:01:12 ; elapsed = 00:01:20 . Memory (MB): peak = 1565.996 ; gain = 746.746
---------------------------------------------------------------------------------
---------------------------------------------------------------------------------
Start Renaming Generated Ports
---------------------------------------------------------------------------------
---------------------------------------------------------------------------------
Finished Renaming Generated Ports : Time (s): cpu = 00:01:12 ; elapsed = 00:01:20 . Memory (MB): peak = 1565.996 ; gain = 746.746
---------------------------------------------------------------------------------
---------------------------------------------------------------------------------
Start Handling Custom Attributes
---------------------------------------------------------------------------------
---------------------------------------------------------------------------------
Finished Handling Custom Attributes : Time (s): cpu = 00:01:12 ; elapsed = 00:01:20 . Memory (MB): peak = 1565.996 ; gain = 746.746
---------------------------------------------------------------------------------
---------------------------------------------------------------------------------
Start Renaming Generated Nets
---------------------------------------------------------------------------------
---------------------------------------------------------------------------------
Finished Renaming Generated Nets : Time (s): cpu = 00:01:12 ; elapsed = 00:01:20 . Memory (MB): peak = 1565.996 ; gain = 746.746
---------------------------------------------------------------------------------
---------------------------------------------------------------------------------
Start Writing Synthesis Report
---------------------------------------------------------------------------------

DSP Final Report (the ' indicates corresponding REG is set)
+-------------+-------------+--------+--------+--------+--------+--------+------+------+------+------+-------+------+------+
|Module Name  | DSP Mapping | A Size | B Size | C Size | D Size | P Size | AREG | BREG | CREG | DREG | ADREG | MREG | PREG | 
+-------------+-------------+--------+--------+--------+--------+--------+------+------+------+------+-------+------+------+
|color_mapper | C+A*B+1     | 17     | 6      | 17     | -      | 17     | 0    | 0    | 0    | -    | -     | 0    | 0    | 
|color_mapper | A*B         | 10     | 9      | -      | -      | 19     | 0    | 0    | -    | -    | -     | 0    | 0    | 
|color_mapper | A*B         | 10     | 8      | -      | -      | 18     | 0    | 0    | -    | -    | -     | 0    | 0    | 
|color_mapper | C+A*B       | 10     | 9      | 10     | -      | 17     | 0    | 0    | 0    | -    | -     | 0    | 0    | 
|color_mapper | D+A*B       | 30     | 5      | -      | 10     | 0      | 0    | 0    | -    | 0    | 0     | 0    | 0    | 
|color_mapper | PCIN+A:B+C  | 0      | 10     | -      | -      | 17     | 0    | 0    | -    | -    | -     | 0    | 0    | 
|color_mapper | D+A*B       | 30     | 5      | -      | 10     | 22     | 0    | 0    | -    | 0    | 0     | 0    | 0    | 
|dog          | C+A*B       | 17     | 7      | 10     | -      | 17     | 0    | 0    | 0    | -    | -     | 0    | 0    | 
+-------------+-------------+--------+--------+--------+--------+--------+------+------+------+------+-------+------+------+


Report BlackBoxes: 
+------+---------------------------------+----------+
|      |BlackBox name                    |Instances |
+------+---------------------------------+----------+
|1     |mb_block_xbar_0                  |         1|
|2     |mb_block_axi_uartlite_0_0        |         1|
|3     |mb_block_clk_wiz_1_0             |         1|
|4     |mb_block_axi_gpio_0_1            |         1|
|5     |mb_block_axi_gpio_0_2            |         1|
|6     |mb_block_axi_gpio_0_0            |         1|
|7     |mb_block_mdm_1_0                 |         1|
|8     |mb_block_microblaze_0_0          |         1|
|9     |mb_block_microblaze_0_axi_intc_0 |         1|
|10    |mb_block_rst_clk_wiz_1_100M_0    |         1|
|11    |mb_block_axi_quad_spi_0_0        |         1|
|12    |mb_block_axi_timer_0_0           |         1|
|13    |mb_block_dlmb_bram_if_cntlr_0    |         1|
|14    |mb_block_dlmb_v10_0              |         1|
|15    |mb_block_ilmb_bram_if_cntlr_0    |         1|
|16    |mb_block_ilmb_v10_0              |         1|
|17    |mb_block_lmb_bram_0              |         1|
|18    |clk_wiz_0                        |         1|
|19    |hdmi_tx_0                        |         1|
|20    |num_0_rom                        |         1|
|21    |num_1_rom                        |         1|
|22    |num_2_rom                        |         1|
|23    |num_3_rom                        |         1|
|24    |num_4_rom                        |         1|
|25    |num_5_rom                        |         1|
|26    |num_6_rom                        |         1|
|27    |num_7_rom                        |         1|
|28    |num_8_rom                        |         1|
|29    |num_9_rom                        |         1|
|30    |num_10_rom                       |         1|
|31    |duck_hunt_end_rom                |         1|
|32    |duck_hunt_v2_rom                 |         1|
|33    |Goose_wing_up_rom                |         1|
|34    |Goose_wing_mid_rom               |         1|
|35    |Goose_wing_down_rom              |         1|
|36    |Goose_fall_rom                   |         1|
|37    |Goose_fly_away2_rom              |         1|
|38    |Goose_fly_away3                  |         1|
|39    |dog_excited_rom                  |         1|
|40    |dog_sniff_rom                    |         1|
|41    |dog_walk_third_rom               |         1|
|42    |duck_walk_fourth_rom             |         1|
|43    |dog_walk_first_rom               |         1|
|44    |dog_walk_second_rom              |         1|
|45    |dog_jump1_rom                    |         1|
|46    |dog_jump2_rom                    |         1|
|47    |dog_standing_rom                 |         1|
|48    |dog_laugh1_rom                   |         1|
+------+---------------------------------+----------+

Report Cell Usage: 
+------+-------------------------------+------+
|      |Cell                           |Count |
+------+-------------------------------+------+
|1     |Goose_fall_rom                 |     1|
|2     |Goose_fly_away2_rom            |     1|
|3     |Goose_fly_away3                |     1|
|4     |Goose_wing_down_rom            |     1|
|5     |Goose_wing_mid_rom             |     1|
|6     |Goose_wing_up_rom              |     1|
|7     |clk_wiz                        |     1|
|8     |dog_excited_rom                |     1|
|9     |dog_jump1_rom                  |     1|
|10    |dog_jump2_rom                  |     1|
|11    |dog_laugh1_rom                 |     1|
|12    |dog_sniff_rom                  |     1|
|13    |dog_standing_rom               |     1|
|14    |dog_walk_first_rom             |     1|
|15    |dog_walk_second_rom            |     1|
|16    |dog_walk_third_rom             |     1|
|17    |duck_hunt_end_rom              |     1|
|18    |duck_hunt_v2_rom               |     1|
|19    |duck_walk_fourth_rom           |     1|
|20    |hdmi_tx                        |     1|
|21    |mb_block_axi_gpio_0            |     3|
|24    |mb_block_axi_quad_spi_0        |     1|
|25    |mb_block_axi_timer_0           |     1|
|26    |mb_block_axi_uartlite_0        |     1|
|27    |mb_block_clk_wiz_1             |     1|
|28    |mb_block_dlmb_bram_if_cntlr    |     1|
|29    |mb_block_dlmb_v10              |     1|
|30    |mb_block_ilmb_bram_if_cntlr    |     1|
|31    |mb_block_ilmb_v10              |     1|
|32    |mb_block_lmb_bram              |     1|
|33    |mb_block_mdm_1                 |     1|
|34    |mb_block_microblaze_0          |     1|
|35    |mb_block_microblaze_0_axi_intc |     1|
|36    |mb_block_rst_clk_wiz_1_100M    |     1|
|37    |mb_block_xbar                  |     1|
|38    |num_0_rom                      |     1|
|39    |num_10_rom                     |     1|
|40    |num_1_rom                      |     1|
|41    |num_2_rom                      |     1|
|42    |num_3_rom                      |     1|
|43    |num_4_rom                      |     1|
|44    |num_5_rom                      |     1|
|45    |num_6_rom                      |     1|
|46    |num_7_rom                      |     1|
|47    |num_8_rom                      |     1|
|48    |num_9_rom                      |     1|
|49    |BUFG                           |     2|
|50    |CARRY4                         |   216|
|51    |DSP48E1                        |     8|
|55    |LUT1                           |    77|
|56    |LUT2                           |   345|
|57    |LUT3                           |   163|
|58    |LUT4                           |   397|
|59    |LUT5                           |   278|
|60    |LUT6                           |   615|
|61    |MUXF7                          |     3|
|62    |RAMB18E1                       |     1|
|63    |FDCE                           |   123|
|64    |FDPE                           |    10|
|65    |FDRE                           |   137|
|66    |FDSE                           |    12|
|67    |LD                             |    27|
|68    |LDC                            |    12|
|69    |LDP                            |    12|
|70    |IBUF                           |     4|
|71    |OBUF                           |    29|
+------+-------------------------------+------+
---------------------------------------------------------------------------------
Finished Writing Synthesis Report : Time (s): cpu = 00:01:12 ; elapsed = 00:01:20 . Memory (MB): peak = 1565.996 ; gain = 746.746
---------------------------------------------------------------------------------
Synthesis finished with 0 errors, 0 critical warnings and 326 warnings.
Synthesis Optimization Runtime : Time (s): cpu = 00:00:48 ; elapsed = 00:01:17 . Memory (MB): peak = 1565.996 ; gain = 746.746
Synthesis Optimization Complete : Time (s): cpu = 00:01:13 ; elapsed = 00:01:20 . Memory (MB): peak = 1565.996 ; gain = 746.746
INFO: [Project 1-571] Translating synthesized netlist
Netlist sorting complete. Time (s): cpu = 00:00:00 ; elapsed = 00:00:00.057 . Memory (MB): peak = 1565.996 ; gain = 0.000
INFO: [Netlist 29-17] Analyzing 279 Unisim elements for replacement
INFO: [Netlist 29-28] Unisim Transformation completed in 0 CPU seconds
INFO: [Project 1-570] Preparing netlist for logic optimization
INFO: [Opt 31-140] Inserted 1 IBUFs to IO ports without IO buffers.
INFO: [Opt 31-138] Pushed 1 inverter(s) to 2 load pin(s).
Netlist sorting complete. Time (s): cpu = 00:00:00 ; elapsed = 00:00:00.002 . Memory (MB): peak = 1565.996 ; gain = 0.000
INFO: [Project 1-111] Unisim Transformation Summary:
  A total of 51 instances were transformed.
  LD => LDCE: 27 instances
  LDC => LDCE: 12 instances
  LDP => LDPE: 12 instances

Synth Design complete, checksum: 99915d55
INFO: [Common 17-83] Releasing license: Synthesis
241 Infos, 209 Warnings, 1 Critical Warnings and 0 Errors encountered.
synth_design completed successfully
synth_design: Time (s): cpu = 00:01:16 ; elapsed = 00:01:25 . Memory (MB): peak = 1565.996 ; gain = 1141.266
INFO: [runtcl-6] Synthesis results are not added to the cache due to CRITICAL_WARNING
INFO: [Common 17-1381] The checkpoint 'C:/385_Vivado_Projects/Final_Project/ECE-385-Final-Project/goose_hunt/goose_hunt.runs/synth_1/mb_usb_hdmi_top.dcp' has been generated.
INFO: [runtcl-4] Executing : report_utilization -file mb_usb_hdmi_top_utilization_synth.rpt -pb mb_usb_hdmi_top_utilization_synth.pb
INFO: [Common 17-206] Exiting Vivado at Thu May  2 14:52:31 2024...
